account_id,creation_date,device_id,activity_level,kyc_tier,mcc_code,is_mule,is_adversarial,behavior_type
ACC_717708C262D1,2026-04-29,DEV_96A76639AE1B,high,tier1,NONE,True,False,mule_hop
ACC_70E153147FF9,2026-04-18,DEV_DFD7042D339A,high,tier3,NONE,True,False,mule_hop
ACC_FCF3C303D493,2026-04-08,DEV_F4C34A48A755,low,tier1,NONE,True,False,mule_hop
ACC_44DEC42D4E5F,2026-04-12,DEV_477BAD7D38A7,low,tier3,GAMBLING,True,False,mule_cashout
ACC_EEDFFB3DEBF1,2026-04-29,DEV_C0816159E2CB,low,tier2,NONE,True,False,mule_hop
ACC_36F396F20087,2026-03-17,DEV_68730F225256,high,tier3,NONE,True,False,mule_hop
ACC_3843D2E8ED60,2026-03-18,DEV_6196EBF981AE,low,tier1,NONE,True,False,mule_hop
ACC_1BC6BE4C7CE4,2026-04-10,DEV_05EE68D35376,medium,tier3,NONE,True,False,mule_hop
ACC_18ABC9412B4A,2026-04-08,DEV_73F17CFF7A54,high,tier2,NONE,True,False,mule_hop
ACC_474A8D7A5B79,2026-03-09,DEV_85311EC408E7,high,tier2,GAMBLING,True,False,mule_cashout
ACC_4B72627D31ED,2026-03-17,DEV_19149827E8D3,low,tier2,NONE,True,False,mule_hop
ACC_F68F1ACE1B13,2026-04-27,DEV_269EBB841066,high,tier2,CRYPTO_EXCHANGE,True,False,mule_cashout
ACC_E81C9072A27B,2026-03-08,DEV_D8D911EC09DE,low,tier3,EDUCATION,True,False,mule_cashout
ACC_65A7BB6E016C,2026-04-07,DEV_D295DB2EBFF5,low,tier1,NONE,True,False,mule_hop
ACC_918F4FD5639F,2026-04-19,DEV_9097E398DDAF,high,tier2,NONE,True,False,mule_hop
ACC_640A63B76174,2026-04-30,DEV_791114447BFC,high,tier2,EDUCATION,True,False,mule_cashout
ACC_79C684AC7AE5,2026-04-14,DEV_2683E492AE0D,low,tier1,NONE,True,False,mule_hop
ACC_73E2E004DADA,2026-03-29,DEV_7D9C31333662,low,tier1,NONE,True,False,mule_hop
ACC_8297CCCE9841,2026-03-31,DEV_BDA374C4CD85,low,tier1,NONE,True,False,mule_hop
ACC_9FAB3F2CECC8,2026-04-08,DEV_1B3A045499AE,low,tier2,NONE,True,False,mule_hop
ACC_0CBC20B01F77,2026-03-29,DEV_D69773E37DC3,high,tier3,NONE,True,False,mule_hop
ACC_F957F09E5D4C,2026-05-01,DEV_EC47258B593E,medium,tier1,NONE,True,False,mule_hop
ACC_3793C4D2D28B,2026-04-16,DEV_196313CCD162,low,tier1,GAMBLING,True,False,mule_cashout
ACC_AE50D2079D9A,2026-04-15,DEV_56C57B3CDC6A,high,tier1,NONE,True,False,mule_hop
ACC_D11C86DCBC46,2026-04-13,DEV_1EC448E982CF,high,tier2,NONE,True,False,mule_hop
ACC_463EDBAC506A,2026-03-05,DEV_BAE093B17140,low,tier2,NONE,True,False,mule_hop
ACC_D1BC9EA112F0,2026-03-14,DEV_5CF7C596ED85,high,tier2,NONE,True,False,mule_hop
ACC_33CD7B73AE4A,2026-03-06,DEV_CF17712437F9,medium,tier1,GAMBLING,True,False,mule_cashout
ACC_DE8186C4F890,2026-03-07,DEV_998CCE69D1F0,high,tier3,NONE,True,False,mule_hop
ACC_0DEEF173E6F7,2026-04-07,DEV_B6B0B3CC113C,high,tier2,NONE,True,False,mule_hop
ACC_2BC5EC73001D,2026-04-28,DEV_281FEEFBAADC,low,tier1,NONE,True,False,mule_hop
ACC_9F62E472FC72,2026-04-27,DEV_A8BBDF954FAC,high,tier2,HOSPITAL,True,False,mule_cashout
ACC_51264CC8669D,2026-05-01,DEV_7D13BC945C78,low,tier1,NONE,True,False,mule_hop
ACC_EC7F083CD7B3,2026-03-22,DEV_7BAF23DCB416,high,tier2,NONE,True,False,mule_hop
ACC_F1E72E3920D6,2026-03-15,DEV_0E54D181A572,low,tier1,NONE,True,False,mule_hop
ACC_5D00F86001C1,2026-03-20,DEV_06A47785D5CB,high,tier3,NONE,True,False,mule_hop
ACC_02B2D0790A39,2026-04-26,DEV_6AF872A44E34,high,tier2,NONE,True,False,mule_hop
ACC_F4F9D75BD991,2026-03-13,DEV_86E50864196B,low,tier3,NONE,True,False,mule_hop
ACC_0C74CABBE568,2026-03-05,DEV_CCD95973A872,high,tier3,HOSPITAL,True,False,mule_cashout
ACC_476ECD1B4E63,2026-04-14,DEV_1A8387B79E96,high,tier3,NONE,True,False,mule_hop
ACC_1B5CBE69F3A7,2026-03-26,DEV_DA7057250934,low,tier1,NONE,True,False,mule_hop
ACC_95D9C1B0D604,2026-03-03,DEV_340391757FCE,medium,tier2,NONE,True,False,mule_hop
ACC_6B2CE645FAEB,2026-04-17,DEV_D837304272E3,medium,tier2,EDUCATION,True,False,mule_cashout
ACC_EDBDDBA1E4F0,2026-03-22,DEV_621B5810083B,low,tier3,NONE,True,False,mule_hop
ACC_D6625E6CC191,2026-03-26,DEV_9D3BF95D7446,medium,tier1,NONE,True,False,mule_hop
ACC_D41C1A178861,2026-04-01,DEV_91516AEA507D,high,tier2,NONE,True,False,mule_hop
ACC_48C34D6E3B88,2026-04-08,DEV_01876655D871,high,tier3,NONE,True,False,mule_hop
ACC_567516BB6600,2026-03-10,DEV_E07E407EA9CB,medium,tier3,NONE,True,False,mule_hop
ACC_BC775A6BF98D,2026-04-15,DEV_4DDACA0CA21D,medium,tier2,NONE,True,False,mule_hop
ACC_5A45C5BB2263,2026-03-06,DEV_46FE11FA6BFC,high,tier2,CRYPTO_EXCHANGE,True,False,mule_cashout
ACC_D79937BDE85B,2026-03-15,DEV_868A737628B5,low,tier1,NONE,True,False,mule_hop
ACC_D3BF1F0DB8EF,2026-03-09,DEV_DFFCE4659981,medium,tier2,NONE,True,False,mule_hop
ACC_1A4A48F0D28D,2026-05-01,DEV_C4A5A69D66CB,medium,tier2,NONE,True,False,mule_hop
ACC_84411D8A87F3,2026-03-26,DEV_F5761C1C5459,low,tier3,UNREGISTERED_P2P,True,False,mule_cashout
ACC_A69EDA140C3E,2026-03-23,DEV_80A1A129A480,high,tier3,NONE,True,False,mule_hop
ACC_935383413997,2026-04-26,DEV_A782AE2DADEF,low,tier2,NONE,True,False,mule_hop
ACC_6ABC8178C943,2026-04-06,DEV_84F2AB5C266F,medium,tier3,NONE,True,False,mule_hop
ACC_C41807ACB4C4,2026-04-28,DEV_6517F05FB909,medium,tier2,NONE,True,False,mule_hop
ACC_EC9D90FBCD44,2026-04-29,DEV_4BF6BF8D6B2C,high,tier3,EDUCATION,True,False,mule_cashout
ACC_71DD34D0529C,2026-03-19,DEV_386DD7C18C0D,low,tier3,NONE,True,False,mule_hop
ACC_86373D49B90A,2026-04-26,DEV_0061329CAF46,high,tier3,NONE,True,False,mule_hop
ACC_EFB750C15317,2026-03-06,DEV_E27C7823C3BE,low,tier1,NONE,True,False,mule_hop
ACC_BF0993DB094E,2026-04-04,DEV_6863809D368E,low,tier1,NONE,True,False,mule_hop
ACC_E049FB50A24A,2026-04-12,DEV_2BE75B9A9BCD,low,tier3,NONE,True,False,mule_hop
ACC_CFF8B5E61B23,2026-04-09,DEV_B00C50A2B712,low,tier2,NONE,True,False,mule_hop
ACC_B3CECF1336BA,2026-04-17,DEV_87A130F33DCB,medium,tier1,UTILITIES,True,False,mule_cashout
ACC_CD8691F11EEF,2026-03-25,DEV_91DA2A9E1DC2,medium,tier3,NONE,True,False,mule_hop
ACC_58FD1BEEAE27,2026-03-02,DEV_DA727276A01D,high,tier3,NONE,True,False,mule_hop
ACC_9E109238814F,2026-04-26,DEV_BE58385CF90C,low,tier2,NONE,True,False,mule_hop
ACC_81E58EA6D77E,2026-04-27,DEV_F10DD9BCD09F,medium,tier1,NONE,True,False,mule_hop
ACC_B71C4FB7294F,2026-04-09,DEV_B464491FCF8C,low,tier3,UNREGISTERED_P2P,True,False,mule_cashout
ACC_B0123B3BBE42,2026-03-23,DEV_10DFCDB7194F,high,tier2,NONE,True,False,mule_hop
ACC_125195346420,2026-03-17,DEV_30F2D54A4984,low,tier1,NONE,True,False,mule_hop
ACC_D8F0855BDF01,2026-03-21,DEV_F7050FCE4B02,low,tier2,NONE,True,False,mule_hop
ACC_CED3FA80F3E7,2026-03-27,DEV_CC4557171C2E,medium,tier2,NONE,True,False,mule_hop
ACC_85F15414CF44,2026-04-08,DEV_D9C22A831B9E,high,tier1,NONE,True,False,mule_hop
ACC_3BB3A038175C,2026-04-20,DEV_22A2D9B30024,high,tier2,NONE,True,False,mule_hop
ACC_0BCDF6B874FD,2026-04-29,DEV_FCF2DF5EE874,medium,tier1,UNREGISTERED_P2P,True,False,mule_cashout
ACC_CFCE0793F450,2026-04-13,DEV_8C0D5C0388A4,medium,tier2,NONE,True,False,mule_hop
ACC_23167B682D54,2026-03-08,DEV_6653385DDCE2,medium,tier1,NONE,True,False,mule_hop
ACC_891A8DD855D6,2026-04-21,DEV_29DD0D3EA151,high,tier3,NONE,True,False,mule_hop
ACC_2A5F8CA273ED,2026-03-27,DEV_017649A0E97F,medium,tier1,CRYPTO_EXCHANGE,True,False,mule_cashout
ACC_292EC3ABA680,2026-04-12,DEV_0603FF4122C3,low,tier1,NONE,True,False,mule_hop
ACC_02610CDDB7F3,2026-03-23,DEV_6B9A0E2A5073,low,tier2,NONE,True,False,mule_hop
ACC_5D32B7508F71,2026-04-20,DEV_0D2E5E43D44D,high,tier1,NONE,True,False,mule_hop
ACC_55954C32F5C6,2026-03-22,DEV_AE2227EB37D4,medium,tier3,NONE,True,False,mule_hop
ACC_1C3AC8B1F13D,2026-03-09,DEV_5D973D52BF55,medium,tier2,CRYPTO_EXCHANGE,True,False,mule_cashout
ACC_2C95EC8E3EF7,2026-03-07,DEV_7055171FB30D,high,tier2,NONE,True,False,mule_hop
ACC_8181B3C51A55,2026-04-09,DEV_31A9B104AC15,medium,tier1,NONE,True,False,mule_hop
ACC_A5EE1BCEC2F2,2026-03-22,DEV_E342B022CF31,medium,tier3,NONE,True,False,mule_hop
ACC_429E2E64D496,2026-04-13,DEV_3B30585655C2,medium,tier1,NONE,True,False,mule_hop
ACC_1F2147D71090,2026-04-09,DEV_B13BE28A3D4A,high,tier1,GAMBLING,True,False,mule_cashout
ACC_C9F9E3CBBE09,2026-03-03,DEV_8F3112576282,low,tier2,NONE,True,False,mule_hop
ACC_6D976B443C4D,2026-04-07,DEV_2A2285972770,medium,tier1,NONE,True,False,mule_hop
ACC_C61E20884BA1,2026-04-10,DEV_F71587F6C9D1,high,tier2,NONE,True,False,mule_hop
ACC_4B8DDC0C7416,2026-03-10,DEV_864364BD6093,low,tier3,NONE,True,False,mule_hop
ACC_45BFB95C7B53,2026-03-19,DEV_110483B28CA8,low,tier2,CRYPTO_EXCHANGE,True,False,mule_cashout
ACC_731A81682D8C,2026-03-27,DEV_175B1CD9A21F,medium,tier1,NONE,True,False,mule_hop
ACC_BFE5A950BE70,2026-03-08,DEV_4AC99B3030CA,medium,tier2,NONE,True,False,mule_hop
ACC_AA8733C649F8,2026-03-28,DEV_FAAE3A32744A,high,tier1,NONE,True,False,mule_hop
ACC_88863578FD14,2026-03-17,DEV_2DCC6E4CFEB1,high,tier1,HOSPITAL,True,False,mule_cashout
ACC_E8C3B74186BD,2026-03-08,DEV_BD95636CC8AA,medium,tier3,NONE,True,False,mule_hop
ACC_B49D86735409,2026-03-17,DEV_B5CA178787E1,high,tier2,NONE,True,False,mule_hop
ACC_A9C9E01B5E54,2026-03-09,DEV_2FB5634A51CA,medium,tier1,NONE,True,False,mule_hop
ACC_E639FBD6CE4C,2026-04-24,DEV_0CC286139B27,medium,tier3,UTILITIES,True,False,mule_cashout
ACC_EAB908755033,2026-04-25,DEV_8D5748D26FE8,high,tier3,NONE,True,False,mule_hop
ACC_5ED581C06D3F,2026-05-01,DEV_0EB6A00DF251,high,tier1,NONE,True,False,mule_hop
ACC_EFE58EB26727,2026-04-15,DEV_55CD6AA935C9,low,tier3,NONE,True,False,mule_hop
ACC_052CBB14234C,2026-04-19,DEV_4404F60A995B,medium,tier2,NONE,True,False,mule_hop
ACC_457AA3092D4A,2026-04-30,DEV_B7AF1DB390B1,low,tier1,WHOLESALE,True,False,mule_cashout
ACC_0D87E2ABB8AB,2026-04-03,DEV_897911FEAE60,low,tier3,NONE,True,False,mule_hop
ACC_E4761C611B1B,2026-04-26,DEV_62D394E8190F,high,tier3,NONE,True,False,mule_hop
ACC_D688AC2BA7EC,2026-04-25,DEV_4142927C22AE,high,tier1,GAMBLING,True,False,mule_cashout
ACC_333220D0E47C,2026-04-13,DEV_C2F4D7CA757B,low,tier1,NONE,True,False,mule_hop
ACC_F90A298ABA43,2026-03-07,DEV_0712C5CEA1CC,medium,tier2,CRYPTO_EXCHANGE,True,False,mule_cashout
ACC_3514F2DAFC8B,2026-03-15,DEV_41B2E8A2865A,low,tier3,UTILITIES,True,False,mule_cashout
ACC_745D86D82E2C,2026-03-15,DEV_5771BAC1FA23,medium,tier2,UNREGISTERED_P2P,True,False,mule_cashout
ACC_1CAAD95B87F1,2026-04-24,DEV_49DB6B0F9B6F,high,tier3,NONE,True,False,mule_hop
ACC_F6C10D186F9C,2026-04-26,DEV_A355F4D7A483,medium,tier2,NONE,True,False,mule_hop
ACC_356E18045A54,2026-03-27,DEV_43D2C295E2BC,medium,tier1,NONE,True,False,mule_hop
ACC_1CDA10D00D3E,2026-04-25,DEV_71A3BA3BBAA4,low,tier2,NONE,True,False,mule_hop
ACC_7A9E49DCE9CF,2026-03-02,DEV_868990499D5D,low,tier1,NONE,True,False,mule_hop
ACC_19D89BE39021,2026-03-23,DEV_7269B79B944C,low,tier2,NONE,True,False,mule_hop
ACC_4B37DB4991C0,2026-04-22,DEV_8C3873C559B8,high,tier1,UNREGISTERED_P2P,True,False,mule_cashout
ACC_7C1D5CAE1DCF,2026-04-01,DEV_4BF3DEFB6FC1,high,tier1,NONE,True,False,mule_hop
ACC_5AD8B4D463AB,2026-03-06,DEV_949BF2186261,low,tier2,NONE,True,False,mule_hop
ACC_90B8E4EDD6A1,2026-03-22,DEV_CBDBA0E86E44,high,tier1,CRYPTO_EXCHANGE,True,False,mule_cashout
ACC_33C0E5C6B9BD,2026-03-20,DEV_F557F2CC28DD,medium,tier2,NONE,True,False,mule_hop
ACC_9B991A9FCAEF,2026-03-20,DEV_EE8483524FA6,medium,tier2,NONE,True,False,mule_hop
ACC_25CEE9E2B448,2026-03-16,DEV_C914374777EE,high,tier3,CRYPTO_EXCHANGE,True,False,mule_cashout
ACC_74DB79FF4A96,2026-04-22,DEV_CFCA28ABF4DB,low,tier1,NONE,True,False,mule_hop
ACC_52E0FE4A8755,2026-04-23,DEV_98882F771279,low,tier1,NONE,True,False,mule_hop
ACC_C76396B06476,2026-04-07,DEV_8DF59DE43DE4,low,tier2,NONE,True,False,mule_hop
ACC_FAB7A0465829,2026-03-15,DEV_2336B4C14F0F,medium,tier1,NONE,True,False,mule_hop
ACC_6DF111D3BDD0,2026-04-29,DEV_BA934649EDE7,high,tier1,NONE,True,False,mule_hop
ACC_2BDD1FC98F86,2026-03-18,DEV_060DCB5D9664,medium,tier2,NONE,True,False,mule_hop
ACC_6739E017698E,2026-03-20,DEV_CA953B4A3089,low,tier1,EDUCATION,True,False,mule_cashout
ACC_73D02C62A7DF,2026-03-08,DEV_D01B4B49264D,medium,tier2,NONE,True,False,mule_hop
ACC_83BBF27C9A43,2026-04-03,DEV_D0E8B6F6ECBC,low,tier2,NONE,True,False,mule_hop
ACC_CDF7BD4168F1,2026-03-24,DEV_776F3A0C3D4C,high,tier2,NONE,True,False,mule_hop
ACC_9E9C4F5D652C,2026-03-15,DEV_6FE91F48C8F9,high,tier1,NONE,True,False,mule_hop
ACC_0B17C302182A,2026-03-08,DEV_C9BD16F3434A,low,tier2,NONE,True,False,mule_hop
ACC_E05C8B295AC0,2026-04-09,DEV_6E1AD3118CC6,medium,tier3,GAMBLING,True,False,mule_cashout
ACC_6299DD861118,2026-03-26,DEV_B207BBC0FF55,medium,tier2,NONE,True,False,mule_hop
ACC_8AEA8A0C76D7,2026-04-29,DEV_F53AD8E08FEC,low,tier3,NONE,True,False,mule_hop
ACC_176FCF32C6B1,2026-04-23,DEV_05F448B8B65F,high,tier1,UNREGISTERED_P2P,True,False,mule_cashout
ACC_C5437FD69A37,2026-03-23,DEV_83AD1C391A10,medium,tier2,NONE,True,False,mule_hop
ACC_2AE2875F39C5,2026-03-20,DEV_CEA1499DF878,low,tier3,NONE,True,False,mule_hop
ACC_C8CB760A7006,2026-03-23,DEV_35FB9EFBEB35,high,tier1,NONE,True,False,mule_hop
ACC_D5477F6C87CE,2026-04-05,DEV_969CC9BCB0FE,medium,tier2,NONE,True,False,mule_hop
ACC_D064AD149066,2026-04-21,DEV_44585CE39DCA,high,tier3,GAMBLING,True,False,mule_cashout
ACC_2624F507299B,2026-03-14,DEV_0C592782D29B,high,tier3,NONE,True,True,mule_hop
ACC_FF07F51F3E3F,2026-03-03,DEV_A4C68DB4A4A1,high,tier3,NONE,True,True,mule_hop
ACC_7C2FFF7586B1,2026-04-21,DEV_93055809D513,medium,tier2,NONE,True,True,mule_hop
ACC_F0DAF8DB3816,2026-03-04,DEV_0F70AF69FB96,high,tier2,NONE,True,True,mule_hop
ACC_F0648F0CFF12,2026-03-18,DEV_3E5436589F94,low,tier3,NONE,True,True,mule_hop
ACC_8D6D0E3DA0C4,2026-04-10,DEV_A0A8C18BEDE4,medium,tier2,NONE,True,True,mule_hop
ACC_347E22A117F4,2026-03-28,DEV_9FF479E04259,medium,tier1,CRYPTO_EXCHANGE,True,True,mule_cashout
ACC_E4C87AB2F88E,2026-04-21,DEV_4CC7A429D53A,medium,tier2,NONE,True,True,mule_hop
ACC_F4D22EF78B6D,2026-04-02,DEV_321A3B3AF670,low,tier3,NONE,True,True,mule_hop
ACC_98341207C21F,2026-03-22,DEV_64C845B0AD45,high,tier1,GAMBLING,True,True,mule_cashout
ACC_AC81F22198ED,2026-03-10,DEV_F8C49F3F37E5,medium,tier3,NONE,True,True,mule_hop
ACC_3A6E22971BED,2026-03-25,DEV_7B0C8B9D97A5,low,tier2,NONE,True,True,mule_hop
ACC_6E0418318EAA,2026-03-24,DEV_03742D1EF7A4,high,tier2,NONE,True,True,mule_hop
ACC_FE032190917E,2026-03-10,DEV_D12FE1AF8FA7,medium,tier3,NONE,True,True,mule_hop
ACC_84496C78BD9B,2026-03-30,DEV_9AB0A0A4AC3B,medium,tier2,UNREGISTERED_P2P,True,True,mule_cashout
ACC_A45666BFAAE0,2026-04-18,DEV_13A4E58F15C3,high,tier1,NONE,True,True,mule_hop
ACC_304F27004AA7,2026-03-20,DEV_CA1399A14EFA,low,tier3,NONE,True,True,mule_hop
ACC_7F8EBE8EFFE4,2026-04-24,DEV_1AA8A823DE37,medium,tier3,NONE,True,True,mule_hop
ACC_0889A33BF649,2026-03-08,DEV_1F3B77FE314F,medium,tier2,NONE,True,True,mule_hop
ACC_63F193AEDF95,2026-03-24,DEV_BFFA1C1BEDE4,high,tier2,NONE,True,True,mule_hop
ACC_F74471AD0F4A,2026-04-27,DEV_FE0498996CF9,high,tier3,CRYPTO_EXCHANGE,True,True,mule_cashout
ACC_D0ABE82C49EA,2026-04-21,DEV_7AC0D3470E34,low,tier2,NONE,True,True,mule_hop
ACC_7B071BE0F079,2026-04-22,DEV_FEA4616F2656,low,tier2,NONE,True,True,mule_hop
ACC_82C7F25C26EA,2026-04-12,DEV_A11DDE99730C,medium,tier2,NONE,True,True,mule_hop
ACC_F69CF3A88767,2026-04-14,DEV_46C4F1DD9218,low,tier2,NONE,True,True,mule_hop
ACC_456CCCB6FB23,2026-04-06,DEV_D67C5AEB1B19,low,tier1,NONE,True,True,mule_hop
ACC_3FEBCF78C738,2026-04-18,DEV_43E7FB4F1E5E,medium,tier3,EDUCATION,True,True,mule_cashout
ACC_1C738672BAF8,2026-03-21,DEV_384D5ECDA24D,low,tier3,NONE,True,True,mule_hop
ACC_372080B3B6BD,2026-03-06,DEV_CB4DBD5A60EB,medium,tier1,NONE,True,True,mule_hop
ACC_159D2D5214AB,2026-04-10,DEV_6E62C8582369,low,tier3,NONE,True,True,mule_hop
ACC_280AD0046F0A,2026-04-19,DEV_1572C274EA12,high,tier2,NONE,True,True,mule_hop
ACC_9CB4A0B8D5CC,2026-04-25,DEV_993C940A177A,low,tier1,NONE,True,True,mule_hop
ACC_0F0FF8461C6B,2026-04-13,DEV_AC20F5BA041C,high,tier1,NONE,True,True,mule_hop
ACC_4CF5AEABE67F,2026-04-02,DEV_DEABB273633A,low,tier1,GAMBLING,True,True,mule_cashout
ACC_E4AE79865562,2026-04-29,DEV_B1F098E6734E,low,tier1,NONE,True,True,mule_hop
ACC_21B92F360937,2026-05-01,DEV_C9C2F75C463E,high,tier3,NONE,True,True,mule_hop
ACC_171D358247D2,2026-03-02,DEV_353723E4C0B3,high,tier2,NONE,True,True,mule_hop
ACC_327C25B1B1C8,2026-03-08,DEV_B7F2B8202D75,high,tier3,NONE,True,True,mule_hop
ACC_22EA1A19A3B2,2026-03-31,DEV_D42C5ABC2D60,high,tier1,NONE,True,True,mule_hop
ACC_870AF88E621E,2026-03-17,DEV_D866F573B386,high,tier1,NONE,True,True,mule_hop
ACC_95B67E8D75A4,2026-03-05,DEV_3D3160E1B467,medium,tier3,CRYPTO_EXCHANGE,True,True,mule_cashout
ACC_4BC04A92C91E,2026-03-14,DEV_B75A821505E5,medium,tier3,NONE,True,True,mule_hop
ACC_6A596C04B0DD,2026-03-11,DEV_4FF292E316D3,low,tier1,NONE,True,True,mule_hop
ACC_B09A1889EA66,2026-03-24,DEV_82F5389DF055,medium,tier2,NONE,True,True,mule_hop
ACC_E9F96D38180D,2026-04-02,DEV_41D0B1C7C4BD,high,tier3,NONE,True,True,mule_hop
ACC_D52E297B5AB6,2026-04-05,DEV_ECB5E4C5748E,high,tier3,UNREGISTERED_P2P,True,True,mule_cashout
ACC_3712865A909A,2026-04-06,DEV_8314D5352316,high,tier2,NONE,True,True,mule_hop
ACC_1EB87B26FE69,2026-03-08,DEV_BE61204A8D43,high,tier1,NONE,True,True,mule_hop
ACC_A2D33AF1C8E1,2026-04-17,DEV_31586C06413E,high,tier2,NONE,True,True,mule_hop
ACC_5464B0618CA8,2026-04-03,DEV_B08CAA1481F5,high,tier1,UNREGISTERED_P2P,True,True,mule_cashout
ACC_FB69B3052492,2026-03-15,DEV_E61A1B73AFAE,high,tier1,NONE,True,True,mule_hop
ACC_A481BE9EC8D3,2026-03-14,DEV_2ED8B77C4FD7,medium,tier1,NONE,True,True,mule_hop
ACC_C15ADA375821,2026-04-14,DEV_B8FB1CFF1A24,medium,tier1,UNREGISTERED_P2P,True,True,mule_cashout
ACC_850E753236B0,2026-03-10,DEV_C5DB22F96A53,high,tier3,NONE,True,True,mule_hop
ACC_946413EF4BEB,2026-04-02,DEV_E790CECA0557,medium,tier1,NONE,True,True,mule_hop
ACC_87010C197301,2026-04-03,DEV_0039EEF2E0CE,medium,tier2,NONE,True,True,mule_hop
ACC_CB897E275032,2026-03-30,DEV_B0550D7A8BEF,low,tier3,NONE,True,True,mule_hop
ACC_741EB764CCE4,2026-04-26,DEV_DE12E0002C0F,low,tier1,NONE,True,True,mule_hop
ACC_F896F436B096,2026-03-20,DEV_A94F7F69D5F8,high,tier3,NONE,True,True,mule_hop
ACC_39D1CF37AB71,2026-03-30,DEV_90F7D0B31391,medium,tier1,CRYPTO_EXCHANGE,True,True,mule_cashout
ACC_D3797FC4F684,2026-03-03,DEV_965029E2D82B,low,tier3,NONE,True,True,mule_hop
ACC_52200F650973,2026-04-06,DEV_8FB229AEEE77,high,tier1,NONE,True,True,mule_hop
ACC_D8E44380AC33,2026-03-08,DEV_9EC7CA42CEB5,high,tier2,NONE,True,True,mule_hop
ACC_AAAA49D6CE91,2026-03-28,DEV_12EFFDE40A00,high,tier2,NONE,True,True,mule_hop
ACC_973EBEEA25CF,2026-04-04,DEV_EB96AE75015F,high,tier1,NONE,True,True,mule_hop
ACC_549C12CDF4D1,2026-03-05,DEV_1F387DA6B933,low,tier1,UTILITIES,True,True,mule_cashout
ACC_86D30855A13F,2026-03-31,DEV_F70F78A0837F,medium,tier2,NONE,True,True,mule_hop
ACC_A258C3C4E3BF,2026-03-28,DEV_9A9BE8D385FC,low,tier2,NONE,True,True,mule_hop
ACC_4D60F3E454EE,2026-03-24,DEV_BB9F34443586,high,tier2,NONE,True,True,mule_hop
ACC_5966CB63E858,2026-04-24,DEV_03C91ED193B5,low,tier2,NONE,True,True,mule_hop
ACC_293BA37587AB,2026-04-17,DEV_41FD04683594,high,tier1,NONE,True,True,mule_hop
ACC_5D0983D23CA8,2026-04-12,DEV_18F5B1B406FF,medium,tier2,NONE,True,True,mule_hop
ACC_F4548F32CFE2,2026-04-24,DEV_906E653C310B,low,tier1,CRYPTO_EXCHANGE,True,True,mule_cashout
ACC_0C7E83DD7505,2026-03-25,DEV_6EA2762A143A,low,tier3,NONE,True,True,mule_hop
ACC_B7003E7C114A,2026-04-06,DEV_0ACF85B92B73,medium,tier1,NONE,True,True,mule_hop
ACC_FA495F0172A9,2026-04-16,DEV_ECE508582D55,high,tier3,NONE,True,True,mule_hop
ACC_2F5C13874D55,2026-03-02,DEV_34331C649BDA,medium,tier3,NONE,True,True,mule_hop
ACC_74BFC3032E33,2026-04-24,DEV_86D3CDCB31E3,low,tier3,NONE,True,True,mule_hop
ACC_C593094937BB,2026-03-16,DEV_CAECC2D1AC4E,medium,tier2,NONE,True,True,mule_hop
ACC_446A3220BB7C,2026-03-04,DEV_79961D9E864D,high,tier3,GAMBLING,True,True,mule_cashout
ACC_C2456BB75908,2026-03-30,DEV_09A53524D346,medium,tier1,NONE,True,True,mule_hop
ACC_3002D5CBF52F,2026-03-09,DEV_4CE4E032E98A,medium,tier3,NONE,True,True,mule_hop
ACC_30B411A49224,2026-04-25,DEV_23E98621AEF1,high,tier1,NONE,True,True,mule_hop
ACC_87DDE32C78B3,2026-03-30,DEV_201554BFDA1F,high,tier2,NONE,True,True,mule_hop
ACC_A00F87A8F316,2026-03-27,DEV_9504D6EF139D,high,tier2,GAMBLING,True,True,mule_cashout
ACC_0CC1F05A16E5,2026-04-19,DEV_C9EFF3D6827A,medium,tier1,NONE,True,True,mule_hop
ACC_B7F258F3CF1B,2026-03-15,DEV_0C9F2C0AEF0D,low,tier3,GAMBLING,True,True,mule_cashout
ACC_2E6EDCAB957C,2026-03-29,DEV_6D06C28E1301,low,tier3,NONE,True,True,mule_hop
ACC_107E560B8F13,2026-04-14,DEV_6476191F1FCD,high,tier3,CRYPTO_EXCHANGE,True,True,mule_cashout
ACC_BF43C5C9B7D5,2026-03-15,DEV_7CECBF6CC7E9,medium,tier2,NONE,True,True,mule_hop
ACC_BAE4B266D100,2026-05-01,DEV_1DC4D8964EC8,medium,tier3,CRYPTO_EXCHANGE,True,True,mule_cashout
ACC_8AF9938BD0B7,2026-04-30,DEV_845A3369F30E,medium,tier3,NONE,True,True,mule_hop
ACC_1AB0DF5E1DDD,2026-04-19,DEV_02168D2C3683,low,tier2,UNREGISTERED_P2P,True,True,mule_cashout
ACC_E809B31093EA,2026-03-18,DEV_EBA57389F83C,low,tier1,NONE,True,True,mule_hop
ACC_BAE2CC908239,2026-03-08,DEV_38770E5BC37B,low,tier2,WHOLESALE,True,True,mule_cashout
ACC_B9CD8A683D95,2026-03-12,DEV_83C6DF29678E,medium,tier1,NONE,True,True,mule_hop
ACC_3E35F85CEC96,2026-03-18,DEV_577366CA0D21,low,tier2,UNREGISTERED_P2P,True,True,mule_cashout
ACC_67759F95D243,2026-04-24,DEV_5DEB17409217,low,tier3,NONE,True,True,mule_hop
ACC_37A154FE66B2,2026-03-26,DEV_E5782485F7AF,medium,tier2,GAMBLING,True,True,mule_cashout
ACC_C16B147E1C46,2026-04-11,DEV_4A32BC7F245D,high,tier1,NONE,True,True,mule_hop
ACC_E179B5930989,2026-05-01,DEV_EA3C2DB6AFC1,low,tier3,UTILITIES,True,True,mule_cashout
ACC_F33EB2E6F8A4,2026-04-13,DEV_CB8722C108B6,low,tier3,NONE,True,True,mule_hop
ACC_45C9A42546EA,2026-04-26,DEV_390CD70071B5,medium,tier1,GAMBLING,True,True,mule_cashout
ACC_450C39F82B5B,2026-03-13,DEV_9ACA93264A69,low,tier1,NONE,True,True,mule_hop
ACC_A2468F4F9942,2026-04-10,DEV_A670BDEC7931,low,tier1,UNREGISTERED_P2P,True,True,mule_cashout
ACC_41BD87AA277E,2026-04-22,DEV_D73249D262DB,high,tier2,NONE,True,True,mule_hop
ACC_E606C7D29B89,2026-04-16,DEV_A8D404EF8429,medium,tier3,UNREGISTERED_P2P,True,True,mule_cashout
ACC_C17B6653853B,2026-03-26,DEV_5470F0A355C7,high,tier1,NONE,True,True,mule_hop
ACC_A8F4A877C355,2026-03-23,DEV_3A1F45156BF8,high,tier2,UNREGISTERED_P2P,True,True,mule_cashout
ACC_0FBEFFF4E4E2,2026-04-22,DEV_C973499DF3FF,medium,tier1,NONE,True,True,mule_hop
ACC_D541C5AE528F,2026-04-14,DEV_5049CF8AA834,low,tier3,CRYPTO_EXCHANGE,True,True,mule_cashout
ACC_74A38550EBEB,2026-04-10,DEV_FF4DD0A1C2B1,medium,tier1,NONE,True,True,mule_hop
ACC_FB8286A1C485,2026-04-12,DEV_13D14812402D,medium,tier2,UNREGISTERED_P2P,True,True,mule_cashout
ACC_E90F5FC0372A,2026-04-17,DEV_0306E65E7BE4,low,tier1,NONE,True,True,mule_hop
ACC_FFFB8662B87C,2026-04-09,DEV_D21E0FDCE9AE,high,tier2,UNREGISTERED_P2P,True,True,mule_cashout
ACC_86046AFBB3B7,2026-04-22,DEV_8F5EB391EA83,low,tier3,NONE,True,True,mule_hop
ACC_0FAC1E38244F,2026-04-23,DEV_E8ACF81D90C4,high,tier3,NONE,True,True,mule_hop
ACC_93C11838D1FF,2026-04-25,DEV_6C1C3D174DC8,medium,tier1,NONE,True,True,mule_hop
ACC_84D67426BEAC,2026-04-03,DEV_2861760382B1,medium,tier3,NONE,True,True,mule_hop
ACC_FE5AD68AF978,2026-05-01,DEV_09A518397A0B,low,tier3,NONE,True,True,mule_hop
ACC_83C77C6968F2,2026-04-03,DEV_F1D7AB4BC4A7,medium,tier2,NONE,True,True,mule_hop
ACC_7AC360BA9E7C,2026-03-19,DEV_DE0E9D842115,high,tier1,NONE,True,True,mule_hop
ACC_3DB620C56EBE,2026-03-02,DEV_CD51BCCD4215,low,tier1,NONE,True,True,mule_hop
ACC_340AC7DCC164,2026-03-13,DEV_07800D74CD95,low,tier3,NONE,True,True,mule_hop
ACC_E8A10B4AB30D,2026-04-20,DEV_6A0F83DDCB63,high,tier2,NONE,True,True,mule_hop
ACC_F6AD5B71EEE7,2026-03-21,DEV_0DC69E0B75E2,high,tier3,NONE,True,True,mule_hop
ACC_1E48C2657105,2026-03-07,DEV_27447B5216B8,medium,tier3,NONE,True,True,mule_hop
ACC_B31EFF313E63,2026-03-12,DEV_EC8C4B8C2436,medium,tier3,NONE,True,True,mule_hop
ACC_C5E60C1552C9,2026-03-19,DEV_61381CADF332,medium,tier3,NONE,True,True,mule_hop
ACC_55094848A44E,2026-04-01,DEV_B45EC493A58B,low,tier1,NONE,True,True,mule_hop
ACC_5389377C43C5,2026-04-03,DEV_72391C262F68,low,tier1,GAMBLING,True,True,mule_cashout
ACC_6B4EAAB7CF2F,2026-03-09,DEV_92727F507792,medium,tier1,NONE,True,True,mule_hop
ACC_ECADACE41476,2026-04-02,DEV_C97ACBE95771,high,tier2,NONE,True,True,mule_hop
ACC_912FEF67A40B,2026-03-04,DEV_6C8451D9C8BD,medium,tier3,NONE,True,True,mule_hop
ACC_441C6C51FF3B,2026-04-28,DEV_B94E799C4D48,high,tier2,NONE,True,True,mule_hop
ACC_5709E6B1C004,2026-04-17,DEV_4E4ACF0A7EB3,high,tier2,NONE,True,True,mule_hop
ACC_1A0E7CFBDB98,2026-03-21,DEV_B59A4D5A1CC2,low,tier1,NONE,True,True,mule_hop
ACC_79672DC603A4,2026-03-03,DEV_A5538AB48B72,high,tier2,NONE,True,True,mule_hop
ACC_4490112E0347,2026-04-25,DEV_D82EECA40555,medium,tier2,NONE,True,True,mule_hop
ACC_40EA752E6E53,2026-03-24,DEV_7052017E321E,high,tier1,NONE,True,True,mule_hop
ACC_5D4B4E2BD688,2026-03-15,DEV_9816659B3516,medium,tier3,NONE,True,True,mule_hop
ACC_254E2D35B3DC,2026-04-30,DEV_C64C4E02AB06,low,tier1,NONE,True,True,mule_hop
ACC_2C2DFB41CE63,2026-03-27,DEV_031D7C4E8BFB,medium,tier2,NONE,True,True,mule_hop
ACC_3F21A4EC5A73,2026-04-22,DEV_607266C8F8A3,high,tier3,NONE,True,True,mule_hop
ACC_F8D521779134,2026-03-30,DEV_A8B0B460A639,medium,tier3,NONE,True,True,mule_hop
ACC_F618949AAEA3,2026-03-16,DEV_6BB499A62529,low,tier2,NONE,True,True,mule_hop
ACC_F8AF9F1ABC51,2026-03-19,DEV_7CFB5F05C5D6,high,tier2,CRYPTO_EXCHANGE,True,True,mule_cashout
ACC_14692A46C96F,2026-03-11,DEV_4506BF504D1A,high,tier2,NONE,True,True,mule_hop
ACC_3D2E098A3570,2026-03-30,DEV_A95DA9CD7A79,high,tier2,NONE,True,True,mule_hop
ACC_DAB74D870706,2026-03-30,DEV_98415A9AA2EB,low,tier1,NONE,True,True,mule_hop
ACC_19483EFDDE5B,2026-04-16,DEV_0B8F95E5B2E8,medium,tier2,NONE,True,True,mule_hop
ACC_5958E6415BFF,2026-04-11,DEV_CB6EA4ECCFED,medium,tier3,NONE,True,True,mule_hop
ACC_B619836C55F2,2026-04-30,DEV_0760FD35E226,medium,tier1,NONE,True,True,mule_hop
ACC_2467051E6561,2026-03-19,DEV_5099D541A5AA,high,tier3,NONE,True,True,mule_hop
ACC_97AFD0D2C848,2026-04-17,DEV_FDBD08BFCA50,low,tier2,NONE,True,True,mule_hop
ACC_F12CA00F65F6,2026-04-19,DEV_E48CEE969475,low,tier3,NONE,True,True,mule_hop
ACC_9837E831FA25,2026-03-24,DEV_07172EF6FB13,low,tier2,NONE,True,True,mule_hop
ACC_8352CE3FC94D,2026-04-12,DEV_A7C4BA7D65C2,high,tier1,NONE,True,True,mule_hop
ACC_684539AD34AE,2026-04-12,DEV_19143A7F53BF,high,tier1,NONE,True,True,mule_hop
ACC_FCF74953D4EF,2026-04-24,DEV_566764CE5F20,high,tier1,NONE,True,True,mule_hop
ACC_5291FC0CF924,2026-04-19,DEV_6683B3F1816C,high,tier2,NONE,True,True,mule_hop
ACC_15935CA16E4E,2026-03-16,DEV_1F98A1C538F3,low,tier3,NONE,True,True,mule_hop
ACC_006104B36EC5,2026-03-06,DEV_5556E45C2D5B,high,tier2,NONE,True,True,mule_hop
ACC_4EC2CFAA027D,2026-03-23,DEV_43C7904C5968,medium,tier3,WHOLESALE,True,True,mule_cashout
ACC_E80E771CCBE7,2026-03-22,DEV_ECF811490E0C,low,tier3,NONE,True,True,mule_hop
ACC_406DEBA671D9,2026-03-06,DEV_296E25E72C11,low,tier1,NONE,True,True,mule_hop
ACC_4C652B22F7FA,2026-04-26,DEV_36FA3D83B597,low,tier1,NONE,True,True,mule_hop
ACC_A30CD289E6CC,2026-03-24,DEV_36B202FCF6B8,medium,tier2,NONE,True,True,mule_hop
ACC_6E381936E0C5,2026-04-16,DEV_7985B1A608F2,low,tier1,NONE,True,True,mule_hop
ACC_8D2A8FF6F0A3,2026-04-21,DEV_C51E0D8EFFE8,low,tier1,NONE,True,True,mule_hop
ACC_0AE8A9E27056,2026-03-27,DEV_D02F2FBB6759,low,tier2,NONE,True,True,mule_hop
ACC_17A8D119C50F,2026-04-12,DEV_442A651D9759,low,tier3,NONE,True,True,mule_hop
ACC_3E90C261C353,2026-04-15,DEV_F07B6C0C7BFF,medium,tier3,NONE,True,True,mule_hop
ACC_8CBD6C2670FC,2026-03-24,DEV_76B3F38423ED,medium,tier2,NONE,True,True,mule_hop
ACC_12B4062C1A01,2026-03-26,DEV_22084E608FA7,high,tier1,NONE,True,True,mule_hop
ACC_0ED13B83ECE3,2026-04-10,DEV_CC27FB18A99F,medium,tier1,NONE,True,True,mule_hop
ACC_6C599DCF022D,2026-03-28,DEV_900A47FABF45,low,tier3,CRYPTO_EXCHANGE,True,True,mule_cashout
ACC_46090413ED24,2026-03-21,DEV_59A85DEA1700,high,tier3,NONE,True,True,mule_hop
ACC_9614D7BF79BC,2026-03-12,DEV_8C5F3420AD2F,high,tier2,NONE,True,True,mule_hop
ACC_5C627A19A401,2026-03-12,DEV_317BFD3BAD56,medium,tier3,NONE,True,True,mule_hop
ACC_07704F99AB18,2026-03-23,DEV_02D9843593EF,high,tier1,NONE,True,True,mule_hop
ACC_449B4339E2B1,2026-04-02,DEV_2909DC972EF2,low,tier3,NONE,True,True,mule_hop
ACC_297773B3A89B,2026-04-25,DEV_F5CEE36491E7,low,tier2,NONE,True,True,mule_hop
ACC_6C6FD3682104,2026-03-12,DEV_11AF186D8D02,medium,tier2,NONE,True,True,mule_hop
ACC_79E663FAF3BE,2026-03-23,DEV_B4FC2D50DBDB,high,tier1,NONE,True,True,mule_hop
ACC_32BDF6C02E67,2026-03-20,DEV_E5E9BA198285,medium,tier1,NONE,True,True,mule_hop
ACC_7205F1196BCB,2026-03-13,DEV_9A4FD4CD5485,high,tier3,NONE,True,True,mule_hop
ACC_CA75DBD5792A,2026-04-04,DEV_E70BABEE6D1B,low,tier3,NONE,True,True,mule_hop
ACC_A25213419C4A,2026-04-06,DEV_B8D2CFC9A725,high,tier2,NONE,True,True,mule_hop
ACC_154106A70049,2026-03-28,DEV_921C11597C23,low,tier2,NONE,True,True,mule_hop
ACC_E006A1F62722,2026-03-31,DEV_3DB9098F41C1,low,tier3,NONE,True,True,mule_hop
ACC_C5B0AEB17252,2026-04-19,DEV_89EC0F3D2BA6,medium,tier2,GAMBLING,True,True,mule_cashout
ACC_26D46A119EE3,2026-04-11,DEV_11B7DDD26820,medium,tier2,NONE,True,True,mule_hop
ACC_570B46AD404D,2026-03-17,DEV_CCF91C520A09,low,tier3,NONE,True,True,mule_hop
ACC_E17691828B97,2026-04-01,DEV_896757A75200,high,tier1,NONE,True,True,mule_hop
ACC_3AD610484249,2026-03-18,DEV_A888C03028D0,medium,tier3,NONE,True,True,mule_hop
ACC_1256C7A121A5,2026-04-27,DEV_87E682BE642B,medium,tier3,NONE,True,True,mule_hop
ACC_26E22652D089,2026-03-27,DEV_81B9B9537649,medium,tier1,NONE,True,True,mule_hop
ACC_1634857AE7DC,2026-04-11,DEV_8129CA181466,high,tier3,NONE,True,True,mule_hop
ACC_AE97A64EDCAB,2026-03-11,DEV_0374771B7400,high,tier1,NONE,True,True,mule_hop
ACC_773C010DEA6B,2026-03-02,DEV_3675218ABCA3,low,tier1,NONE,True,True,mule_hop
ACC_551884E8E699,2026-03-31,DEV_4B6A60263968,high,tier3,NONE,True,True,mule_hop
ACC_D742CE7BC3E0,2026-04-04,DEV_603CD2572C11,medium,tier1,NONE,True,True,mule_hop
ACC_71B42F9184A1,2026-04-19,DEV_90ECAC6813E6,high,tier1,NONE,True,True,mule_hop
ACC_344C899D79B6,2026-04-14,DEV_D4CF1823F1E4,high,tier1,NONE,True,True,mule_hop
ACC_B95D07BAD933,2026-03-04,DEV_6EB72AC1FA32,medium,tier1,NONE,True,True,mule_hop
ACC_6486D23AF483,2026-03-06,DEV_EBC3BED76EB2,medium,tier2,WHOLESALE,True,True,mule_cashout
ACC_D0A714877AB3,2026-04-05,DEV_7655ABAB34BD,medium,tier1,NONE,True,True,mule_hop
ACC_98BD76B6D77B,2026-03-17,DEV_53B37A13B503,high,tier2,NONE,True,True,mule_hop
ACC_A72D17550B29,2026-03-23,DEV_11F42606FC5A,medium,tier1,NONE,True,True,mule_hop
ACC_6262889FDAFC,2026-03-11,DEV_1DB1A585A029,low,tier2,NONE,True,True,mule_hop
ACC_5221209DFE75,2026-03-03,DEV_90C5A7E9338E,medium,tier2,NONE,True,True,mule_hop
ACC_CFA265B8A281,2026-03-17,DEV_7D103522AD1C,low,tier3,NONE,True,True,mule_hop
ACC_07D3FD7554AA,2026-03-24,DEV_4E8F069C7CCA,medium,tier3,NONE,True,True,mule_hop
ACC_A887383F3D7B,2026-04-09,DEV_3356742D712C,low,tier3,NONE,True,True,mule_hop
ACC_CCCBD015BA99,2026-03-27,DEV_0A9A51DA2C94,high,tier2,NONE,True,True,mule_hop
ACC_D6B91538AA2F,2026-04-05,DEV_FBA203D03C4E,low,tier2,NONE,True,True,mule_hop
ACC_1D2886BBDF43,2026-03-30,DEV_0A65F3634FE5,high,tier1,NONE,True,True,mule_hop
ACC_1078C740AA15,2026-03-09,DEV_26E1A5BC3B8E,low,tier1,NONE,True,True,mule_hop
ACC_B0325BB7F83F,2026-03-29,DEV_B231149C97EC,medium,tier3,NONE,True,True,mule_hop
ACC_A226C5CACBEC,2026-04-19,DEV_59D4CA063204,low,tier2,NONE,True,True,mule_hop
ACC_BC526E92CB5F,2026-03-13,DEV_C61B8D42ABD5,low,tier2,NONE,True,True,mule_hop
ACC_E72F39CA836F,2026-04-19,DEV_C2C2D8965D8A,high,tier2,NONE,True,True,mule_hop
ACC_C43090F9552B,2026-03-18,DEV_53E0A759F9E6,high,tier2,NONE,True,True,mule_hop
ACC_03F54F86BA22,2026-04-29,DEV_BE1F66642A17,low,tier2,GAMBLING,True,True,mule_cashout
ACC_BE0A3B847462,2026-03-26,DEV_40BB572D9DE8,high,tier3,NONE,True,True,mule_hop
ACC_3E5FCA92BC31,2026-04-16,DEV_B968832442A7,medium,tier2,NONE,True,True,mule_hop
ACC_5E853961421E,2026-04-17,DEV_A75A137966C7,medium,tier1,NONE,True,True,mule_hop
ACC_0D477E4D9742,2026-04-16,DEV_6923FE128883,low,tier1,NONE,True,True,mule_hop
ACC_27DC84FFD581,2026-04-06,DEV_A9A10895CA14,medium,tier1,NONE,True,True,mule_hop
ACC_C43C71B36302,2026-03-25,DEV_B7683AFF327F,medium,tier2,NONE,True,True,mule_hop
ACC_98DDD914FB67,2026-03-10,DEV_B92A6A373A5B,medium,tier3,NONE,True,True,mule_hop
ACC_23A2735BCFEC,2026-03-07,DEV_F25A436C641E,high,tier3,NONE,True,True,mule_hop
ACC_8408A0F97037,2026-03-24,DEV_9050DAC26974,medium,tier1,NONE,True,True,mule_hop
ACC_BEA24DAD2067,2026-03-05,DEV_A9234EF48C13,high,tier1,NONE,True,True,mule_hop
ACC_7AD9887DA57D,2026-04-06,DEV_A995FDE4094A,medium,tier1,NONE,True,True,mule_hop
ACC_A3493E39E548,2026-03-27,DEV_EAAF5B9D8FA8,high,tier2,NONE,True,True,mule_hop
ACC_5328F509F2A7,2026-04-30,DEV_FECC7B2D1D0F,medium,tier3,NONE,True,True,mule_hop
ACC_EB6C987069B7,2026-03-25,DEV_8035EF70A64C,low,tier2,NONE,True,True,mule_hop
ACC_C473BE942DA1,2026-04-22,DEV_43C02AAB7847,high,tier3,GAMBLING,True,True,mule_cashout
ACC_BD2CBE7141AB,2026-04-26,DEV_FB33CA75FC25,medium,tier3,NONE,True,True,mule_hop
ACC_5DF6700C971A,2026-03-06,DEV_752468837F03,low,tier2,NONE,True,True,mule_hop
ACC_5D1A72B1589B,2026-03-07,DEV_70869A91AB0C,high,tier3,NONE,True,True,mule_hop
ACC_C81E5D82A016,2026-03-06,DEV_C21127D719F5,medium,tier2,NONE,True,True,mule_hop
ACC_A4D7D4C27E33,2026-04-19,DEV_05A4B5AF6D25,high,tier3,NONE,True,True,mule_hop
ACC_A7316F00E28D,2026-03-26,DEV_8B86C8715875,medium,tier3,NONE,True,True,mule_hop
ACC_77E544DDBC12,2026-03-11,DEV_239B1029F1D4,medium,tier2,NONE,True,True,mule_hop
ACC_7F7376CD0902,2026-04-08,DEV_903254E99A30,medium,tier2,NONE,True,True,mule_hop
ACC_082414DE37B4,2026-04-01,DEV_634452420B0A,medium,tier3,NONE,True,True,mule_hop
ACC_06398BFB6C3C,2026-03-22,DEV_40EC26106C69,low,tier2,NONE,True,True,mule_hop
ACC_D812A820051C,2026-04-03,DEV_AB1F4E98DA44,high,tier2,NONE,True,True,mule_hop
ACC_D823AEDA0346,2026-03-19,DEV_C9BB86841CC8,low,tier2,NONE,True,True,mule_hop
ACC_50EEA1A8F3EA,2026-04-04,DEV_39F325B22DAB,high,tier3,NONE,True,True,mule_hop
ACC_826E83276DE6,2026-03-04,DEV_0BDAFDE9857A,medium,tier1,NONE,True,True,mule_hop
ACC_25F300F7A2BD,2026-03-05,DEV_6A142C84D930,medium,tier3,NONE,True,True,mule_hop
ACC_2E79E3FEE292,2026-04-15,DEV_B60CAB3DEFE8,high,tier2,NONE,True,True,mule_hop
ACC_6572CDA0CD88,2026-03-15,DEV_75BF942860B6,high,tier1,NONE,True,True,mule_hop
ACC_71F5BC0E7DA5,2026-04-19,DEV_D97FC8C12E36,low,tier1,CRYPTO_EXCHANGE,True,True,mule_cashout
ACC_8B03ED0BA4C2,2026-04-04,DEV_FE361F207FC8,high,tier1,NONE,True,True,mule_hop
ACC_BEA556B56017,2026-03-22,DEV_F727DEFC7E48,low,tier3,NONE,True,True,mule_hop
ACC_5C9EAC7AC3C9,2026-04-23,DEV_57DEDC0ED7BC,high,tier3,NONE,True,True,mule_hop
ACC_9F31B67F95FE,2026-04-04,DEV_3F278AB7C82F,high,tier2,NONE,True,True,mule_hop
ACC_096D396CD8F5,2026-03-25,DEV_CFC9DA44DED3,high,tier2,NONE,True,True,mule_hop
ACC_B0E778EFB732,2026-04-07,DEV_E50935A4AE9E,high,tier2,NONE,True,True,mule_hop
ACC_C05D5C449A94,2026-04-07,DEV_8E1E9E7F5918,high,tier1,NONE,True,True,mule_hop
ACC_7D765B596D6C,2026-04-23,DEV_DBB1EF11C458,low,tier3,NONE,True,True,mule_hop
ACC_4E5953030266,2026-03-18,DEV_048ABAC92C37,medium,tier3,NONE,True,True,mule_hop
ACC_268391C704EC,2026-03-27,DEV_574E9E7EB309,medium,tier1,NONE,True,True,mule_hop
ACC_9BF404042FCB,2026-03-29,DEV_DC91C3F413DD,high,tier3,NONE,True,True,mule_hop
ACC_0F0BB97DA5C0,2026-04-18,DEV_0C9066E624D1,low,tier3,NONE,True,True,mule_hop
ACC_58A0156CB3F0,2026-04-04,DEV_25A1C38F3D06,low,tier3,NONE,True,True,mule_hop
ACC_669CEEEF1D67,2026-03-25,DEV_A18C8730135A,high,tier3,NONE,True,True,mule_hop
ACC_EAC196275E81,2026-03-03,DEV_F866D9E5D2F9,low,tier2,NONE,True,True,mule_hop
ACC_96ABF5A406C9,2026-03-30,DEV_16282AF02532,high,tier3,NONE,True,True,mule_hop
ACC_8C5B7C8B7030,2026-04-09,DEV_D6E32DF9F13E,high,tier1,NONE,True,True,mule_hop
ACC_644CC66E0725,2026-04-05,DEV_2B56E6059739,low,tier3,GAMBLING,True,True,mule_cashout
ACC_CF32C9ECF44C,2026-05-01,DEV_73F2212B9EDF,high,tier3,NONE,True,True,mule_hop
ACC_B4957F813FC7,2026-03-02,DEV_8AFCA93742D0,medium,tier3,NONE,True,True,mule_hop
ACC_E5593D488CEF,2026-03-25,DEV_68B57A63EF21,medium,tier3,NONE,True,True,mule_hop
ACC_85C33006698B,2026-03-16,DEV_87273449A215,high,tier3,NONE,True,True,mule_hop
ACC_242D153CDA1F,2026-04-27,DEV_41FD20F80FED,medium,tier2,NONE,True,True,mule_hop
ACC_A59F1B3A9DAC,2026-04-24,DEV_FF990B1A922D,low,tier2,NONE,True,True,mule_hop
ACC_605288D4A2B9,2026-03-31,DEV_EDC630ACFE61,medium,tier2,NONE,True,True,mule_hop
ACC_B725E5F025EB,2026-03-31,DEV_2A8130BE504A,medium,tier3,NONE,True,True,mule_hop
ACC_9B1BA8126FA1,2026-04-28,DEV_D162747EC17C,high,tier1,NONE,True,True,mule_hop
ACC_EE0EC3BD47AD,2026-04-07,DEV_50CB25B8C885,medium,tier1,NONE,True,True,mule_hop
ACC_2EE1BB7065A6,2026-04-01,DEV_AAE9F9B5CF74,high,tier2,NONE,True,True,mule_hop
ACC_61DD20C9E557,2026-03-28,DEV_DA8BDE512691,low,tier1,NONE,True,True,mule_hop
ACC_A40EDF039866,2026-03-30,DEV_9218BFAF1ACA,low,tier3,NONE,True,True,mule_hop
ACC_490921AAF20B,2026-03-16,DEV_F2553ABF6669,low,tier2,NONE,True,True,mule_hop
ACC_3CBFE82AEF14,2026-04-28,DEV_CA0E8D9F730A,low,tier1,NONE,True,True,mule_hop
ACC_62706481087D,2026-03-04,DEV_529DE0D7B561,medium,tier1,NONE,True,True,mule_hop
ACC_654596F2CCA8,2026-03-04,DEV_777C77E23661,low,tier3,NONE,True,True,mule_hop
ACC_CC654CCA1BB9,2026-03-29,DEV_4B8A1B65BC3C,medium,tier1,EDUCATION,True,True,mule_cashout
ACC_922148AB2FD0,2026-03-03,DEV_6E8C3F6229CD,low,tier3,NONE,True,True,mule_hop
ACC_3284FAC06F53,2026-03-29,DEV_0B1D1A276896,high,tier2,NONE,True,True,mule_hop
ACC_1D21E33BA24C,2026-05-01,DEV_C18974C71E29,medium,tier2,NONE,True,True,mule_hop
ACC_81CFBBFD9696,2026-03-07,DEV_F2A8F963795B,medium,tier1,NONE,True,True,mule_hop
ACC_376F94C701A7,2026-03-25,DEV_AF696CE92236,medium,tier2,NONE,True,True,mule_hop
ACC_3949DCDE52EC,2026-04-24,DEV_05D5BFE93D7F,low,tier1,NONE,True,True,mule_hop
ACC_A2CE6C6D6B64,2026-03-25,DEV_18E512E13F49,high,tier3,NONE,True,True,mule_hop
ACC_C35F42FEFEB1,2026-03-10,DEV_E6B38C229D5E,medium,tier1,NONE,True,True,mule_hop
ACC_A08E7E03F282,2026-04-20,DEV_406A38E0C454,medium,tier2,NONE,True,True,mule_hop
ACC_673D3A0A2870,2026-04-13,DEV_E0B96C3C4649,medium,tier3,NONE,True,True,mule_hop
ACC_865B94F6031A,2026-03-14,DEV_CAE5D14BDB64,low,tier1,NONE,True,True,mule_hop
ACC_9ACAE745AE49,2026-03-11,DEV_BDFD08CE8A1C,medium,tier2,NONE,True,True,mule_hop
ACC_2FC7E7DE180D,2026-03-03,DEV_D17F3BCF01D4,high,tier3,NONE,True,True,mule_hop
ACC_4A42C0E99F42,2026-04-05,DEV_E45398BBA61E,medium,tier2,NONE,True,True,mule_hop
ACC_5F726AE28CE3,2026-03-06,DEV_DFA8A71C63B2,medium,tier2,NONE,True,True,mule_hop
ACC_8E8D1F8E8699,2026-04-27,DEV_1BCD4CB603DE,medium,tier2,NONE,True,True,mule_hop
ACC_044BB5E17333,2026-03-17,DEV_D567F48B7C4B,low,tier1,NONE,True,True,mule_hop
ACC_49A18DDB0DF5,2026-04-15,DEV_7A5B0F6218D1,low,tier2,NONE,True,True,mule_hop
ACC_9ABC58D23139,2026-03-24,DEV_36D14C6E50D4,medium,tier1,GAMBLING,True,True,mule_cashout
ACC_FBF39B31D98E,2026-03-06,DEV_9358277479C8,high,tier3,NONE,True,True,mule_hop
ACC_34BEA2FD7C84,2026-04-18,DEV_DDD8816D2269,low,tier1,NONE,True,True,mule_hop
ACC_95E1E1E7F9A7,2026-03-21,DEV_8747B7D3A4FF,medium,tier2,NONE,True,True,mule_hop
ACC_DEC3A8E94CA4,2026-03-28,DEV_05CDBA936391,medium,tier3,NONE,True,True,mule_hop
ACC_6AD92A35210B,2026-04-07,DEV_023FEF4AFEA4,low,tier3,NONE,True,True,mule_hop
ACC_3B439951C986,2026-03-07,DEV_FD0C913EAB06,medium,tier2,NONE,True,True,mule_hop
ACC_B7A9634A7619,2026-04-29,DEV_0FE3759E3A83,medium,tier1,NONE,True,True,mule_hop
ACC_A89D29FD28D7,2026-03-19,DEV_6BA5565DB32C,medium,tier3,NONE,True,True,mule_hop
ACC_BE2A6A76784D,2026-03-12,DEV_14687D23AC26,low,tier3,NONE,True,True,mule_hop
ACC_FB08E54B379F,2026-04-14,DEV_149F714ED6E8,high,tier3,NONE,True,True,mule_hop
ACC_A2A58C3A40E9,2026-03-16,DEV_0BD2FD130B68,low,tier1,NONE,True,True,mule_hop
ACC_8CF3A98D14FF,2026-04-04,DEV_98CC7B8FB59D,low,tier1,NONE,True,True,mule_hop
ACC_A9541D698BA0,2026-03-15,DEV_A5C8CC9A08D5,high,tier3,UNREGISTERED_P2P,True,True,mule_cashout
ACC_83E66401435E,2026-04-16,DEV_3AC206AF7793,low,tier1,NONE,True,True,mule_hop
ACC_C90CDFD69FF5,2026-04-26,DEV_D3C5FAFBAE41,low,tier1,NONE,True,True,mule_hop
ACC_D51581EB0942,2026-03-11,DEV_094FE5255D60,high,tier3,NONE,True,True,mule_hop
ACC_14BFAE5EE8F2,2026-04-01,DEV_9B6C85A0602F,high,tier3,NONE,True,True,mule_hop
ACC_E4FAEFC29891,2026-04-23,DEV_46931AE36B87,medium,tier3,NONE,True,True,mule_hop
ACC_7AC5FE0FFABE,2026-04-17,DEV_8F734A22F1E7,low,tier3,NONE,True,True,mule_hop
ACC_6E6F3CBA7D78,2026-03-18,DEV_E95314DC2B33,high,tier2,NONE,True,True,mule_hop
ACC_0E61568806D2,2026-04-18,DEV_EF446630795E,high,tier3,NONE,True,True,mule_hop
ACC_896E18B81045,2026-04-15,DEV_EA331FCDB50B,medium,tier3,NONE,True,True,mule_hop
ACC_0CC2FAE746B0,2026-04-23,DEV_A94A477460FD,low,tier2,NONE,True,True,mule_hop
ACC_0A5127FED724,2026-04-17,DEV_14B8F332C57A,medium,tier2,NONE,True,True,mule_hop
ACC_2960BFF959B3,2026-04-28,DEV_83848F8FB4E0,high,tier3,NONE,True,True,mule_hop
ACC_9A43254BAC69,2026-03-28,DEV_97AA97727EA3,low,tier1,NONE,True,True,mule_hop
ACC_82CB59E5BA83,2026-04-24,DEV_11D62FE6F436,low,tier2,NONE,True,True,mule_hop
ACC_774FFF43CFEB,2026-04-28,DEV_FDE100612531,low,tier1,NONE,True,True,mule_hop
ACC_E4015E89439B,2026-04-18,DEV_329C26BEEC94,medium,tier1,NONE,True,True,mule_hop
ACC_A3FC87133311,2026-03-26,DEV_E2A5953D74C3,medium,tier1,NONE,True,True,mule_hop
ACC_3412E3D75345,2026-03-09,DEV_96E4192BFFAD,low,tier2,NONE,True,True,mule_hop
ACC_672B40F8AE80,2026-04-03,DEV_4A8992617D1D,medium,tier1,WHOLESALE,True,True,mule_cashout
ACC_3EF5CCC036A4,2026-04-25,DEV_3A1F377D0B7D,low,tier1,NONE,True,True,mule_hop
ACC_3B2BC8506BF3,2026-03-14,DEV_C155B19D75F9,high,tier3,NONE,True,True,mule_hop
ACC_839402585354,2026-04-10,DEV_0BC37728ABB0,high,tier3,NONE,True,True,mule_hop
ACC_E5681BD481A5,2026-04-16,DEV_B4D745A84644,high,tier1,NONE,True,True,mule_hop
ACC_D9F4DFAEC882,2026-04-23,DEV_2744A1EC2247,medium,tier1,NONE,True,True,mule_hop
ACC_51972552D815,2026-04-13,DEV_8743095B29D7,high,tier3,NONE,True,True,mule_hop
ACC_C08BEE6B58BB,2026-03-29,DEV_7A388F2A508E,medium,tier3,NONE,True,True,mule_hop
ACC_479162F33B34,2026-03-04,DEV_8E10A8396FDD,low,tier3,NONE,True,True,mule_hop
ACC_A69C5A6AD7B4,2026-04-20,DEV_ABA0DABCFF1A,medium,tier2,NONE,True,True,mule_hop
ACC_E4FFD945D528,2026-04-07,DEV_91369A878A44,high,tier3,NONE,True,True,mule_hop
ACC_15142C768081,2026-05-01,DEV_7CD6C58DB3FA,medium,tier1,NONE,True,True,mule_hop
ACC_81C38192F569,2026-03-31,DEV_C274369990EE,low,tier2,NONE,True,True,mule_hop
ACC_928E0D4FE81A,2026-03-03,DEV_9D10C16A1399,low,tier2,NONE,True,True,mule_hop
ACC_70D5D3AAC89A,2026-04-24,DEV_41CE48059E90,low,tier2,NONE,True,True,mule_hop
ACC_D1898F86EE09,2026-03-05,DEV_B67E737B4B2A,low,tier3,NONE,True,True,mule_hop
ACC_3DF4B30EE971,2026-04-14,DEV_08A7AE0FA2D9,high,tier1,NONE,True,True,mule_hop
ACC_FDA7DA807485,2026-04-12,DEV_8C12366CDB99,medium,tier1,NONE,True,True,mule_hop
ACC_E2190ED0D7E7,2026-04-29,DEV_754504B85623,medium,tier1,GAMBLING,True,True,mule_cashout
ACC_A6F10BE21DCC,2026-03-21,DEV_BA39CDEA9ADD,high,tier3,NONE,True,True,mule_hop
ACC_859D59E32480,2026-03-28,DEV_0DDDE4C69EEB,high,tier3,NONE,True,True,mule_hop
ACC_19F6456B3C87,2026-03-12,DEV_AA115F4D953D,low,tier3,NONE,True,True,mule_hop
ACC_8EA597DFB070,2026-05-01,DEV_A1C6CDA1D312,high,tier1,NONE,True,True,mule_hop
ACC_698B81DC624C,2026-04-28,DEV_0F9C1C100E77,high,tier1,NONE,True,True,mule_hop
ACC_3D3768098413,2026-03-28,DEV_DE59C445B869,high,tier1,NONE,True,True,mule_hop
ACC_1ACD4C00FA1E,2026-03-24,DEV_88B7D92A8DC1,medium,tier3,NONE,True,True,mule_hop
ACC_8CDFD9CD3766,2026-04-04,DEV_65DEF1154B2F,high,tier1,NONE,True,True,mule_hop
ACC_1958513E50BD,2026-04-27,DEV_30A9EA855779,high,tier3,NONE,True,True,mule_hop
ACC_C0230E2A1A4F,2026-03-13,DEV_1976E142929D,medium,tier3,NONE,True,True,mule_hop
ACC_9E5B69EC87B7,2026-04-04,DEV_C15F42CC6C78,medium,tier2,NONE,True,True,mule_hop
ACC_20BC053E094A,2026-04-17,DEV_E892A0ECB515,high,tier3,NONE,True,True,mule_hop
ACC_469106CA22D5,2026-04-23,DEV_BD0CD27C9DDD,high,tier2,UTILITIES,True,True,mule_cashout
ACC_45B8020B1876,2026-03-09,DEV_02F453AFB32A,low,tier3,NONE,True,True,mule_hop
ACC_09B17BA441EC,2026-04-05,DEV_13B0C32F5ACF,low,tier2,NONE,True,True,mule_hop
ACC_D81BB2AB8FF0,2026-04-25,DEV_B0ECEDE3CB68,low,tier2,NONE,True,True,mule_hop
ACC_F5A283973689,2026-04-28,DEV_DDF09995D9F1,medium,tier1,NONE,True,True,mule_hop
ACC_E6B8E89E0F0F,2026-03-03,DEV_7C56E3BF3F4A,low,tier3,NONE,True,True,mule_hop
ACC_61EC01BC19A5,2026-03-19,DEV_29E388486C83,medium,tier2,NONE,True,True,mule_hop
ACC_8708A770E89B,2026-04-14,DEV_88B880EDEC16,medium,tier1,NONE,True,True,mule_hop
ACC_87CF95898D66,2026-04-05,DEV_8394B004F5E7,low,tier3,NONE,True,True,mule_hop
ACC_0D9A57E143BD,2026-03-17,DEV_33313136FC7B,medium,tier3,NONE,True,True,mule_hop
ACC_0D4AA1D5F977,2026-04-21,DEV_BB2694032E03,high,tier2,NONE,True,True,mule_hop
ACC_54FDE5420C2E,2026-03-02,DEV_CE5CBB4278A2,low,tier2,NONE,True,True,mule_hop
ACC_1D4401FDA059,2026-03-28,DEV_6EB7E746E4D8,low,tier1,NONE,True,True,mule_hop
ACC_5DC87BD0058D,2026-03-06,DEV_7BD430D893F6,medium,tier1,NONE,True,True,mule_hop
ACC_176A47FBB9A4,2026-03-26,DEV_870DDC6D4E4C,low,tier1,NONE,True,True,mule_hop
ACC_1B05D96BBD61,2026-03-22,DEV_A1DF2144E62D,high,tier2,UTILITIES,True,True,mule_cashout
ACC_134BCB8DBACA,2026-03-24,DEV_FBDA98B684D0,medium,tier2,NONE,True,True,mule_hop
ACC_3D60BC62E682,2026-03-16,DEV_A239C41FC4ED,medium,tier1,NONE,True,True,mule_hop
ACC_0080727E42D9,2026-04-17,DEV_CED07C149AA7,low,tier3,NONE,True,True,mule_hop
ACC_3C8D3A955517,2026-04-23,DEV_15BDB46DA1AE,high,tier3,NONE,True,True,mule_hop
ACC_B799A4C88C80,2026-04-23,DEV_317B8132E3DA,low,tier2,NONE,True,True,mule_hop
ACC_803A2FBB2BF9,2026-03-13,DEV_21B565B458CE,medium,tier3,NONE,True,True,mule_hop
ACC_B4ADFC81ECCC,2026-04-18,DEV_CEDBF5CF5DE3,high,tier3,NONE,True,True,mule_hop
ACC_94F366767D86,2026-03-14,DEV_EA44B3B29FB8,high,tier2,NONE,True,True,mule_hop
ACC_F92898819B15,2026-04-07,DEV_A32900737382,medium,tier3,NONE,True,True,mule_hop
ACC_280B68A30D5C,2026-03-19,DEV_AB187B8F56A2,low,tier1,NONE,True,True,mule_hop
ACC_5292BFD40551,2026-04-30,DEV_82212269A515,high,tier1,NONE,True,True,mule_hop
ACC_01E90C5F835B,2026-03-06,DEV_E8EDCEA46368,low,tier2,NONE,True,True,mule_hop
ACC_5617613332E9,2026-03-05,DEV_0ED2E4BE4D6D,medium,tier1,NONE,True,True,mule_hop
ACC_A0145FEFB489,2026-04-09,DEV_D692BD174DEF,medium,tier3,HOSPITAL,True,True,mule_cashout
ACC_4E14CD0B072D,2026-04-11,DEV_BF2EBD95E6FF,medium,tier1,NONE,True,True,mule_hop
ACC_1510CF386D9A,2026-03-07,DEV_33F51630A3EE,high,tier2,NONE,True,True,mule_hop
ACC_66F21383A947,2026-03-09,DEV_8BE8012E9E25,high,tier2,NONE,True,True,mule_hop
ACC_47ED689C0B3D,2026-04-08,DEV_AAA0706830B6,high,tier2,NONE,True,True,mule_hop
ACC_A769354DCBC1,2026-03-13,DEV_B4F49084DBEC,medium,tier3,NONE,True,True,mule_hop
ACC_5A0C1E7744B7,2026-03-11,DEV_402372C0953F,high,tier2,NONE,True,True,mule_hop
ACC_592DEE22BCBF,2026-04-23,DEV_6D8B152CE4AA,low,tier1,NONE,True,True,mule_hop
ACC_B7F1BCCC0CB9,2026-03-13,DEV_56097B73FEBE,medium,tier3,NONE,True,True,mule_hop
ACC_1ED92951DC1B,2026-03-24,DEV_3F2B1FE0DF69,high,tier3,NONE,True,True,mule_hop
ACC_A9842FE2F51A,2026-03-11,DEV_A38714C213AC,high,tier1,NONE,True,True,mule_hop
ACC_4085CF983F93,2026-04-25,DEV_D97E53E55BAF,medium,tier3,NONE,True,True,mule_hop
ACC_04E69C184DB1,2026-03-22,DEV_C9ABE6EDB678,low,tier3,NONE,True,True,mule_hop
ACC_6EB518CC38AC,2026-04-20,DEV_974BAC8D44E4,high,tier1,NONE,True,True,mule_hop
ACC_D5DCB268D215,2026-04-23,DEV_CAD3D25A6DFB,medium,tier3,NONE,True,True,mule_hop
ACC_B5179F6B3056,2026-04-14,DEV_67DC806CED7E,medium,tier2,NONE,True,True,mule_hop
ACC_798152A84942,2026-03-12,DEV_84C682A08F6D,medium,tier2,NONE,True,True,mule_hop
ACC_3E607887B074,2026-03-21,DEV_F15DCEC3E975,high,tier2,NONE,True,True,mule_hop
ACC_827B316FD1DE,2026-03-03,DEV_496ED0AE7AED,low,tier1,NONE,True,True,mule_hop
ACC_9ABB22879667,2026-04-11,DEV_4BD034C8AB52,high,tier3,UTILITIES,True,True,mule_cashout
ACC_893697985C5B,2026-03-17,DEV_4DC25A510F52,medium,tier2,NONE,True,True,mule_hop
ACC_0C86F0EC31FB,2026-03-23,DEV_6E98751D431C,medium,tier3,NONE,True,True,mule_hop
ACC_58AFAF58E958,2026-04-27,DEV_F0F11A35C63D,medium,tier3,NONE,True,True,mule_hop
ACC_63AA9A9518BD,2026-04-05,DEV_15E040174FB6,high,tier1,NONE,True,True,mule_hop
ACC_700ED9172E7F,2026-03-28,DEV_01F865D0DAC5,medium,tier2,NONE,True,True,mule_hop
ACC_36C8010FCE31,2026-03-03,DEV_5D48A79E3DF0,high,tier1,NONE,True,True,mule_hop
ACC_4D796FE6E80B,2026-04-25,DEV_5E6997FB789C,medium,tier1,NONE,True,True,mule_hop
ACC_DD5E434469D1,2026-03-26,DEV_193CC5E37DD0,high,tier3,NONE,True,True,mule_hop
ACC_2C543365A439,2026-04-30,DEV_948F60ABC5E3,high,tier1,NONE,True,True,mule_hop
ACC_731241A4762F,2026-04-30,DEV_E586E80FAE02,high,tier2,NONE,True,True,mule_hop
ACC_91D669716A43,2026-04-25,DEV_0DB7DA30DB99,low,tier3,NONE,True,True,mule_hop
ACC_1ED87BB80DE8,2026-04-01,DEV_DAB859BC47E4,medium,tier1,NONE,True,True,mule_hop
ACC_B45C0408F37D,2026-03-13,DEV_816D5ACC75E5,high,tier3,NONE,True,True,mule_hop
ACC_1BA221D08D95,2026-03-08,DEV_E8C3FB1D601A,medium,tier3,HOSPITAL,True,True,mule_cashout
ACC_28777A4A0C1D,2026-03-11,DEV_5D0430DF52EE,low,tier3,NONE,True,True,mule_hop
ACC_EA83E1DD54CB,2026-04-30,DEV_5CEA7130932E,high,tier2,NONE,True,True,mule_hop
ACC_18CD7E5FB277,2026-04-21,DEV_740CD61FBA9D,low,tier3,NONE,True,True,mule_hop
ACC_2D70FBC7C271,2026-04-30,DEV_2E20395C9B5B,high,tier3,NONE,True,True,mule_hop
ACC_40594A832403,2026-04-05,DEV_B2156CF10C70,high,tier3,NONE,True,True,mule_hop
ACC_DC0814582C6D,2026-03-16,DEV_02F142ADDB89,low,tier2,NONE,True,True,mule_hop
ACC_F85CE1569F3F,2026-04-30,DEV_A62479F3817A,low,tier1,NONE,True,True,mule_hop
ACC_96C498D42D4C,2026-03-19,DEV_0771612519B2,high,tier3,NONE,True,True,mule_hop
ACC_195EEF3089D6,2026-04-27,DEV_2FAC5D0CCAD6,low,tier1,NONE,True,True,mule_hop
ACC_530D284C0EFD,2026-03-09,DEV_072C03F45FD6,medium,tier2,NONE,True,True,mule_hop
ACC_622F5A31ADDA,2026-04-23,DEV_2DD59C4157B3,low,tier2,NONE,True,True,mule_hop
ACC_61D5517B6D6D,2026-04-23,DEV_FA49244A5C26,medium,tier3,NONE,True,True,mule_hop
ACC_999B6013159E,2026-04-01,DEV_A4F043DC9E6B,medium,tier3,NONE,True,True,mule_hop
ACC_1E18CCE1E977,2026-04-18,DEV_6ED3E86DAC2A,high,tier3,EDUCATION,True,True,mule_cashout
ACC_59BA9E10FF4D,2026-04-11,DEV_15D2778305FB,medium,tier1,NONE,True,True,mule_hop
ACC_9138A53758B1,2026-03-25,DEV_DF4F9FA0FB2E,low,tier3,NONE,True,True,mule_hop
ACC_EC29E3A90AF3,2026-03-22,DEV_50C1EF31F3B2,medium,tier3,NONE,True,True,mule_hop
ACC_D73295C237AC,2026-03-17,DEV_AA57A0501052,high,tier2,NONE,True,True,mule_hop
ACC_71F028B5B342,2026-04-14,DEV_5F8A4C91D5E5,low,tier1,NONE,True,True,mule_hop
ACC_A939BC29BD52,2026-04-25,DEV_E46091748462,medium,tier3,NONE,True,True,mule_hop
ACC_7F55B4D340D1,2026-04-23,DEV_CD56EF16BEB2,high,tier1,NONE,True,True,mule_hop
ACC_1F63BD243D17,2026-04-23,DEV_D4AFA338571A,low,tier3,NONE,True,True,mule_hop
ACC_9C9E91D147DB,2026-03-12,DEV_5728704A77D1,low,tier3,NONE,True,True,mule_hop
ACC_A75F8C8331EB,2026-03-19,DEV_97730DCF53FD,low,tier3,NONE,True,True,mule_hop
ACC_EA161C435408,2026-03-14,DEV_4285CA031AE4,medium,tier3,NONE,True,True,mule_hop
ACC_7B607AD7F029,2026-03-21,DEV_FE0D1AD50369,low,tier1,NONE,True,True,mule_hop
ACC_136A816F7CD8,2026-03-07,DEV_284C557A22A8,high,tier1,NONE,True,True,mule_hop
ACC_18021A57406F,2026-04-03,DEV_44BE9A53C171,low,tier3,NONE,True,True,mule_hop
ACC_C5262BA9F080,2026-03-03,DEV_667503C27FAC,medium,tier1,NONE,True,True,mule_hop
ACC_A78F07A442BE,2026-04-23,DEV_D560BA7FFDE6,high,tier1,UTILITIES,True,True,mule_cashout
ACC_042CC0C0ACBB,2026-04-02,DEV_9175031A6E34,low,tier1,NONE,True,True,mule_hop
ACC_E81BBFDD5465,2026-03-04,DEV_26C1697BB092,high,tier3,NONE,True,True,mule_hop
ACC_69A95C8AAD7F,2026-04-30,DEV_FE12E4B4436F,medium,tier2,NONE,True,True,mule_hop
ACC_96894FC064A1,2026-03-03,DEV_EC98F394E391,high,tier2,NONE,True,True,mule_hop
ACC_91F9BBCA0ECD,2026-04-19,DEV_0EA51C5D082A,medium,tier2,NONE,True,True,mule_hop
ACC_634F3C12E723,2026-04-29,DEV_003C62B2FF8B,high,tier3,NONE,True,True,mule_hop
ACC_8ED20EC7D6FD,2026-03-07,DEV_53C3F0F0031D,medium,tier2,NONE,True,True,mule_hop
ACC_4330FC3EBD93,2026-03-11,DEV_81D7E7CB5BC5,high,tier2,NONE,True,True,mule_hop
ACC_FB36ACDE9BFB,2026-04-03,DEV_EA03D261A515,low,tier1,NONE,True,True,mule_hop
ACC_130C86572EA5,2026-04-08,DEV_514CBB582AE4,low,tier2,NONE,True,True,mule_hop
ACC_65B7C53F62F2,2026-03-02,DEV_274A9161A798,high,tier1,NONE,True,True,mule_hop
ACC_DCC4B123B10E,2026-04-25,DEV_A6AA7702B06E,high,tier1,NONE,True,True,mule_hop
ACC_C75A09EF605D,2026-04-24,DEV_A2A615A023F8,low,tier1,NONE,True,True,mule_hop
ACC_9BC84362F614,2026-03-25,DEV_0444ADD2866E,low,tier3,NONE,True,True,mule_hop
ACC_CD965C02D783,2026-04-24,DEV_9DB57A37005D,medium,tier3,NONE,True,True,mule_hop
ACC_BB0A2E647EE4,2026-04-06,DEV_01179F886172,medium,tier2,NONE,True,True,mule_hop
ACC_7C82C9A9063C,2026-03-31,DEV_39AA81DD1F2A,high,tier1,NONE,True,True,mule_hop
ACC_49460038E005,2026-04-18,DEV_AA799A9A2DAA,medium,tier2,NONE,True,True,mule_hop
ACC_6F40239F9668,2026-05-01,DEV_E64737A08E6D,medium,tier1,HOSPITAL,True,True,mule_cashout
ACC_63235B258F7D,2026-04-20,DEV_C5463ADDD7FA,medium,tier3,NONE,True,True,mule_hop
ACC_3F590302BC09,2026-04-19,DEV_1C26ED40816A,low,tier1,NONE,True,True,mule_hop
ACC_FC4044D05083,2026-03-07,DEV_FD48D749D75D,medium,tier3,NONE,True,True,mule_hop
ACC_CB88A4EBE3DA,2026-04-18,DEV_0D6E3288A07D,low,tier1,NONE,True,True,mule_hop
ACC_2813AABC649C,2026-04-16,DEV_6275B729F68B,low,tier3,NONE,True,True,mule_hop
ACC_1CD839EAF701,2026-04-06,DEV_61FA46327466,medium,tier1,NONE,True,True,mule_hop
ACC_B2551855153A,2026-04-24,DEV_6467E4ECAD75,high,tier3,NONE,True,True,mule_hop
ACC_70C6389F1710,2026-04-29,DEV_1434F589B778,low,tier1,NONE,True,True,mule_hop
ACC_8B6123974D35,2026-03-17,DEV_4B4638C8B018,low,tier1,NONE,True,True,mule_hop
ACC_C426ACC430D9,2026-03-21,DEV_CCBD3B521866,high,tier1,NONE,True,True,mule_hop
ACC_A1233D7A1EE1,2026-03-22,DEV_B79ED03DD0FC,medium,tier3,NONE,True,True,mule_hop
ACC_9E579CB96769,2026-03-09,DEV_E2F83C867C13,low,tier3,NONE,True,True,mule_hop
ACC_C33DE703438D,2026-04-13,DEV_CC53228D7C20,high,tier3,NONE,True,True,mule_hop
ACC_756881279EAE,2026-04-07,DEV_2179B40BF3CA,high,tier1,NONE,True,True,mule_hop
ACC_B90C5D339250,2026-03-27,DEV_C65D045784C4,high,tier2,NONE,True,True,mule_hop
ACC_7D35AA99D1F7,2026-03-15,DEV_DA46B50AABB4,high,tier1,UTILITIES,True,True,mule_cashout
ACC_5375869B7CA3,2026-03-26,DEV_61C5E6B5787E,medium,tier3,NONE,True,True,mule_hop
ACC_F8E1AE57578A,2026-04-22,DEV_CDCAE6DF3809,low,tier2,NONE,True,True,mule_hop
ACC_63E833D58452,2026-04-01,DEV_C3533C41A39D,medium,tier2,NONE,True,True,mule_hop
ACC_762F7463DE64,2026-04-21,DEV_4A72195236E6,high,tier2,NONE,True,True,mule_hop
ACC_C41700381AA6,2026-03-10,DEV_EC8EA46B91B5,low,tier1,NONE,True,True,mule_hop
ACC_4F15A394264A,2026-04-01,DEV_1C993D662C02,low,tier3,NONE,True,True,mule_hop
ACC_0BA639DA8BE5,2026-03-11,DEV_0C4ABC1B143F,high,tier2,NONE,True,True,mule_hop
ACC_C14D7B00F59D,2026-03-20,DEV_F98266782E91,medium,tier3,NONE,True,True,mule_hop
ACC_B297B3A61B4C,2026-03-06,DEV_2A198E12E9E3,medium,tier1,NONE,True,True,mule_hop
ACC_3E438E7B57E4,2026-04-21,DEV_A6C995E9A69A,medium,tier3,NONE,True,True,mule_hop
ACC_1F13A18BBC8A,2026-04-07,DEV_CD419FA2DF1B,low,tier1,NONE,True,True,mule_hop
ACC_B7FE886D8E11,2026-03-10,DEV_4183ADDE34D0,medium,tier1,NONE,True,True,mule_hop
ACC_450543543AFF,2026-04-29,DEV_B92BEA195D32,high,tier3,NONE,True,True,mule_hop
ACC_CE794BA1F1F8,2026-03-12,DEV_44B535D1584C,high,tier3,EDUCATION,True,True,mule_cashout
ACC_E942C41E4128,2026-03-17,DEV_3C6EFAFA3B1D,high,tier2,NONE,True,True,mule_hop
ACC_9EF3E0F0478F,2026-04-25,DEV_8CF348D1EAC5,medium,tier1,NONE,True,True,mule_hop
ACC_E81B299BEF93,2026-03-10,DEV_D52618938BCC,high,tier1,NONE,True,True,mule_hop
ACC_4B6A7C4E7E16,2026-03-12,DEV_C81B7D113294,medium,tier1,NONE,True,True,mule_hop
ACC_2E84E11D6DF2,2026-04-04,DEV_5950CEC64019,medium,tier1,NONE,True,True,mule_hop
ACC_BCE1C61D2921,2026-03-24,DEV_1B18A9A1BA92,medium,tier3,NONE,True,True,mule_hop
ACC_7DC9A563F17D,2026-03-29,DEV_456BB5ABDF84,medium,tier1,NONE,True,True,mule_hop
ACC_B01A618A7294,2026-04-15,DEV_F30992F6B3C4,low,tier1,NONE,True,True,mule_hop
ACC_3DA235BAB31D,2026-05-01,DEV_0485FFBA5886,medium,tier2,NONE,True,True,mule_hop
ACC_B320CF84647E,2026-03-15,DEV_F8636B823081,medium,tier3,NONE,True,True,mule_hop
ACC_58A56304A83C,2026-03-22,DEV_16F79926AF03,high,tier2,NONE,True,True,mule_hop
ACC_16AD81E8D79E,2026-03-08,DEV_1370173364AC,low,tier3,NONE,True,True,mule_hop
ACC_2626CC972366,2026-04-11,DEV_9E5F6C510C97,medium,tier2,NONE,True,True,mule_hop
ACC_8D27682EE68B,2026-04-08,DEV_4E819F59A073,low,tier2,NONE,True,True,mule_hop
ACC_5C948EDE7E6E,2026-03-11,DEV_18F58B538640,low,tier2,NONE,True,True,mule_hop
ACC_BCC2B5AA3B53,2026-03-03,DEV_B43C2617D6BF,medium,tier3,NONE,True,True,mule_hop
ACC_AC902C66FC0C,2026-04-09,DEV_57903B5BBA43,high,tier2,HOSPITAL,True,True,mule_cashout
ACC_050C514FE719,2026-03-04,DEV_0D6409C6CA75,high,tier1,NONE,True,True,mule_hop
ACC_85EC0B9B9BD5,2026-04-29,DEV_7A27EB73C6FB,medium,tier3,NONE,True,True,mule_hop
ACC_EC130E9679ED,2026-03-29,DEV_95243B4D04FF,medium,tier1,NONE,True,True,mule_hop
ACC_6468F83F5975,2026-03-13,DEV_DF3F7F2E452E,low,tier3,NONE,True,True,mule_hop
ACC_11E79849B012,2026-03-15,DEV_1E1072E75560,high,tier1,NONE,True,True,mule_hop
ACC_675FBC24503B,2026-03-17,DEV_D15A5E05FF84,high,tier2,NONE,True,True,mule_hop
ACC_CC00E1658791,2026-03-15,DEV_2D4F6430CADD,medium,tier2,NONE,True,True,mule_hop
ACC_DF403ADB80C5,2026-04-12,DEV_03E424B1BEB9,medium,tier1,NONE,True,True,mule_hop
ACC_5FB270EB52F0,2026-03-08,DEV_870F0D798CDF,low,tier3,NONE,True,True,mule_hop
ACC_2ED28178AA1A,2026-04-04,DEV_ECB50F4FCF13,high,tier1,NONE,True,True,mule_hop
ACC_81A71239D1EC,2026-04-02,DEV_C915F8731786,medium,tier1,NONE,True,True,mule_hop
ACC_5480BB3DA94D,2026-03-24,DEV_86F5548F5B38,high,tier3,NONE,True,True,mule_hop
ACC_5A01ADF42FD4,2026-04-07,DEV_A4310B83A057,medium,tier1,NONE,True,True,mule_hop
ACC_0053F84383D6,2026-03-27,DEV_7DD2985AC09E,medium,tier3,NONE,True,True,mule_hop
ACC_D71192480A2B,2026-03-29,DEV_77349686F3C5,low,tier2,NONE,True,True,mule_hop
ACC_4408C5789AD7,2026-03-27,DEV_1FF9F6CE2584,high,tier1,NONE,True,True,mule_hop
ACC_5521AA086128,2026-04-05,DEV_AC124943F056,medium,tier2,NONE,True,True,mule_hop
ACC_4CB23E369B0A,2026-04-13,DEV_B470A838AE2B,high,tier3,HOSPITAL,True,True,mule_cashout
ACC_97B43F8EAC6B,2026-03-24,DEV_8B92183034B8,low,tier3,NONE,True,True,mule_hop
ACC_530371D27BD3,2026-03-27,DEV_F89DA01833C3,medium,tier1,NONE,True,True,mule_hop
ACC_004F8B4D9095,2026-04-13,DEV_2EEA5CC7A9AC,high,tier3,NONE,True,True,mule_hop
ACC_F80F040CB247,2026-03-07,DEV_49E4D4E2B171,medium,tier3,NONE,True,True,mule_hop
ACC_9C08776F590B,2026-04-02,DEV_39E4E4E1A7DB,low,tier3,NONE,True,True,mule_hop
ACC_C02A0C31591B,2026-03-27,DEV_8373AA9B5331,low,tier1,NONE,True,True,mule_hop
ACC_7CF03DA7F000,2026-03-25,DEV_FF1E48D9EA7D,high,tier3,NONE,True,True,mule_hop
ACC_C7F6293D49A9,2026-04-11,DEV_A4E84C9DE188,medium,tier2,NONE,True,True,mule_hop
ACC_0BDBAF7593DA,2026-04-14,DEV_E8AFDF50D099,medium,tier1,NONE,True,True,mule_hop
ACC_1F022D30BD85,2026-03-11,DEV_674DE407FDEF,high,tier3,NONE,True,True,mule_hop
ACC_4F496EC4D3EC,2026-03-28,DEV_B72DDB84B2EB,low,tier2,NONE,True,True,mule_hop
ACC_B11841861A8E,2026-04-09,DEV_9533564CC7DC,high,tier3,NONE,True,True,mule_hop
ACC_7CC4071C320F,2026-03-11,DEV_B94E4FE8D4A6,high,tier3,NONE,True,True,mule_hop
ACC_4E58A5A5E819,2026-04-25,DEV_6B4810C5D3EF,high,tier2,NONE,True,True,mule_hop
ACC_EF160A27EB2A,2026-03-31,DEV_DA8924070592,low,tier3,NONE,True,True,mule_hop
ACC_8A54F0B93520,2026-03-16,DEV_D0B3B3F024E8,medium,tier2,NONE,True,True,mule_hop
ACC_8A8EB609890A,2026-03-30,DEV_742376956244,high,tier2,NONE,True,True,mule_hop
ACC_4A97F5B9D619,2026-04-02,DEV_92174DC7CD3F,high,tier3,EDUCATION,True,True,mule_cashout
ACC_54E9CEED8B7E,2026-04-16,DEV_639AFE4BA098,high,tier1,NONE,True,True,mule_hop
ACC_5826BEA399AF,2026-04-10,DEV_45FF85686EAB,high,tier3,NONE,True,True,mule_hop
ACC_6859F4608098,2026-04-30,DEV_586118FDB471,medium,tier1,NONE,True,True,mule_hop
ACC_6D18BE4383B8,2026-04-26,DEV_36938C6471E6,high,tier3,NONE,True,True,mule_hop
ACC_1D231930F4B8,2026-03-30,DEV_9909CCB81AD8,medium,tier1,NONE,True,True,mule_hop
ACC_19DFB3E8F2FD,2026-03-30,DEV_740F89D6AC47,medium,tier3,NONE,True,True,mule_hop
ACC_9F29FF3CE826,2026-03-04,DEV_7E61B817B0A4,low,tier3,NONE,True,True,mule_hop
ACC_18D49A78A6C9,2026-03-09,DEV_E65246AD6581,medium,tier2,NONE,True,True,mule_hop
ACC_B637EC0330FF,2026-03-15,DEV_4FF6F56B7296,high,tier2,NONE,True,True,mule_hop
ACC_F9C1ACCA377F,2026-04-26,DEV_6F89B48A8E89,medium,tier3,NONE,True,True,mule_hop
ACC_CA5A04CEF87D,2026-03-28,DEV_2012B022125D,low,tier2,NONE,True,True,mule_hop
ACC_E98712E96707,2026-04-23,DEV_A098B824655B,high,tier3,NONE,True,True,mule_hop
ACC_E4ED7FF26022,2026-04-17,DEV_846797B840C6,high,tier3,NONE,True,True,mule_hop
ACC_DA98173888FC,2026-03-19,DEV_81D7207B5E58,high,tier1,NONE,True,True,mule_hop
ACC_41D77C85BE66,2026-03-05,DEV_34BA9DBAC7E3,high,tier2,NONE,True,True,mule_hop
ACC_29E0A25FE917,2026-03-02,DEV_712AE203DCA7,high,tier1,EDUCATION,True,True,mule_cashout
ACC_DB89EC2F4400,2026-04-08,DEV_E59F0F7FB6AF,low,tier3,NONE,True,True,mule_hop
ACC_C4570AAEDA3E,2026-03-12,DEV_3E415DAE5C4A,medium,tier3,NONE,True,True,mule_hop
ACC_AC3426FEA240,2026-04-17,DEV_41B9E8B3FFE3,low,tier2,NONE,True,True,mule_hop
ACC_A9F9F71E184A,2026-03-26,DEV_A748004E07BD,low,tier3,NONE,True,True,mule_hop
ACC_0BA0694A7CD0,2026-04-01,DEV_C85F1C68B735,high,tier2,NONE,True,True,mule_hop
ACC_A94CEB42234C,2026-04-23,DEV_0080450B43DA,medium,tier3,NONE,True,True,mule_hop
ACC_6C9484D6DB57,2026-04-30,DEV_4A505D4A7714,medium,tier2,NONE,True,True,mule_hop
ACC_03A48FD74961,2026-03-30,DEV_A099261E1948,medium,tier3,NONE,True,True,mule_hop
ACC_484C07451868,2026-04-05,DEV_69C057136CE1,high,tier3,NONE,True,True,mule_hop
ACC_A871985F6B26,2026-03-27,DEV_4D20485BA5FE,high,tier3,NONE,True,True,mule_hop
ACC_C0AB96AE7AF8,2026-03-25,DEV_C644C0096F98,medium,tier2,NONE,True,True,mule_hop
ACC_C1407C9A88AE,2026-03-21,DEV_62467C7785F9,high,tier2,NONE,True,True,mule_hop
ACC_4501B803A100,2026-04-06,DEV_18CF7209FC94,low,tier2,NONE,True,True,mule_hop
ACC_12DB4F24678F,2026-04-30,DEV_DEC502C7675F,medium,tier3,NONE,True,True,mule_hop
ACC_996490D41F45,2026-04-10,DEV_D54110B8B51C,high,tier3,EDUCATION,True,True,mule_cashout
ACC_BBB96382801F,2026-03-09,DEV_F7DECCB92B3C,high,tier3,GAMBLING,True,True,mule_cashout
ACC_F84BE83737B4,2026-05-01,DEV_BURNER_340F201B,high,tier1,NONE,True,True,mule_hop
ACC_BF448A562E3C,2026-03-02,DEV_BURNER_340F201B,low,tier3,NONE,True,True,mule_hop
ACC_24CBABE316F7,2026-03-13,DEV_BURNER_340F201B,high,tier1,NONE,True,True,mule_hop
ACC_9986C3C61A3A,2026-04-15,DEV_BURNER_340F201B,high,tier3,NONE,True,True,mule_hop
ACC_255666418D90,2026-04-16,DEV_72235ACC1131,medium,tier3,UNREGISTERED_P2P,True,True,mule_cashout
ACC_C1610F1357B3,2026-04-16,DEV_BURNER_B8B99924,medium,tier1,NONE,True,True,mule_hop
ACC_7886E7C033F4,2026-04-02,DEV_BURNER_B8B99924,high,tier3,NONE,True,True,mule_hop
ACC_18FA93193AB4,2026-03-04,DEV_BURNER_B8B99924,medium,tier1,NONE,True,True,mule_hop
ACC_F7C3B22A8182,2026-03-26,DEV_BURNER_B8B99924,high,tier2,NONE,True,True,mule_hop
ACC_B400137A61EB,2026-05-01,DEV_F43AE906CB5C,medium,tier3,UNREGISTERED_P2P,True,True,mule_cashout
ACC_A47FF1907417,2026-03-02,DEV_BURNER_877CE26F,low,tier1,NONE,True,True,mule_hop
ACC_72D1BE4A6CDE,2026-04-02,DEV_BURNER_877CE26F,low,tier2,NONE,True,True,mule_hop
ACC_484229E97726,2026-03-05,DEV_BURNER_877CE26F,medium,tier2,NONE,True,True,mule_hop
ACC_DD02D4C4916A,2026-04-25,DEV_BURNER_877CE26F,low,tier1,NONE,True,True,mule_hop
ACC_C2E64C15443A,2026-03-14,DEV_A58F018DB555,medium,tier3,GAMBLING,True,True,mule_cashout
ACC_D3D7DA28544C,2026-04-04,DEV_BURNER_AEED2D87,medium,tier2,NONE,True,True,mule_hop
ACC_853BF6AC302A,2026-04-12,DEV_BURNER_AEED2D87,medium,tier2,NONE,True,True,mule_hop
ACC_32D3998822D3,2026-04-05,DEV_BURNER_AEED2D87,medium,tier1,NONE,True,True,mule_hop
ACC_76C53EADEE96,2026-04-16,DEV_BURNER_AEED2D87,high,tier2,NONE,True,True,mule_hop
ACC_EC1B3EEB8B37,2026-03-25,DEV_BURNER_AEED2D87,medium,tier2,NONE,True,True,mule_hop
ACC_67E06D0E8F99,2026-04-21,DEV_109F2A76632B,high,tier1,UTILITIES,True,True,mule_cashout
ACC_6F7F4C5976E0,2026-04-05,DEV_BURNER_2CC0DB4D,high,tier1,NONE,True,True,mule_hop
ACC_A2850B0C41F6,2026-03-15,DEV_BURNER_2CC0DB4D,high,tier3,NONE,True,True,mule_hop
ACC_40B59C6094A5,2026-04-22,DEV_BURNER_2CC0DB4D,low,tier3,NONE,True,True,mule_hop
ACC_7D8CB7F537B9,2026-03-26,DEV_BURNER_2CC0DB4D,high,tier1,NONE,True,True,mule_hop
ACC_CE911041993E,2026-03-19,DEV_BURNER_2CC0DB4D,high,tier2,NONE,True,True,mule_hop
ACC_7C3031B5D80D,2026-04-05,DEV_59A2AB1EBFE2,low,tier2,GAMBLING,True,True,mule_cashout
ACC_D31FA4D17AA7,2026-03-11,DEV_BURNER_65109F0E,low,tier2,NONE,True,True,mule_hop
ACC_9A272C8754F7,2026-03-30,DEV_BURNER_65109F0E,low,tier2,NONE,True,True,mule_hop
ACC_1C028695A719,2026-04-22,DEV_BURNER_65109F0E,medium,tier2,NONE,True,True,mule_hop
ACC_B396B4B495F1,2026-04-24,DEV_BURNER_65109F0E,medium,tier1,NONE,True,True,mule_hop
ACC_D9F062995BF8,2026-04-03,DEV_BURNER_65109F0E,high,tier2,NONE,True,True,mule_hop
ACC_02FDF7F5EC39,2026-03-20,DEV_BURNER_65109F0E,low,tier2,NONE,True,True,mule_hop
ACC_6C64FFA798AB,2026-03-23,DEV_67B55D1C2D75,high,tier3,UTILITIES,True,True,mule_cashout
ACC_D1CAC6E22F78,2026-04-13,DEV_BURNER_7DB70804,low,tier2,NONE,True,True,mule_hop
ACC_D64A7EA823CC,2026-04-22,DEV_BURNER_7DB70804,high,tier2,NONE,True,True,mule_hop
ACC_2796E786F1C0,2026-04-15,DEV_BURNER_7DB70804,medium,tier2,NONE,True,True,mule_hop
ACC_8F84335BFE31,2026-04-09,DEV_BURNER_7DB70804,high,tier3,NONE,True,True,mule_hop
ACC_3844E595C770,2026-03-25,DEV_AB47223639F8,medium,tier2,GAMBLING,True,True,mule_cashout
ACC_E73865DDC196,2026-04-23,DEV_BURNER_4C07B695,low,tier1,NONE,True,True,mule_hop
ACC_5BA9590D2932,2026-04-20,DEV_BURNER_4C07B695,medium,tier3,NONE,True,True,mule_hop
ACC_87FE2255F11C,2026-05-01,DEV_BURNER_4C07B695,low,tier1,NONE,True,True,mule_hop
ACC_EAB249BEFB2B,2026-04-23,DEV_BURNER_4C07B695,high,tier1,NONE,True,True,mule_hop
ACC_2B9C5FE3A0D0,2026-04-24,DEV_4CCDF952E12E,low,tier1,CRYPTO_EXCHANGE,True,True,mule_cashout
ACC_B8315763DA77,2026-03-24,DEV_BURNER_BB85C157,medium,tier3,NONE,True,True,mule_hop
ACC_444CCF259EF1,2026-03-04,DEV_BURNER_BB85C157,low,tier1,NONE,True,True,mule_hop
ACC_168EFC8A05EC,2026-04-04,DEV_BURNER_BB85C157,low,tier3,NONE,True,True,mule_hop
ACC_0768CABC2853,2026-03-12,DEV_BURNER_BB85C157,medium,tier2,NONE,True,True,mule_hop
ACC_C336A039B242,2026-04-08,DEV_BURNER_BB85C157,medium,tier2,NONE,True,True,mule_hop
ACC_DFCF4452645C,2026-03-28,DEV_BBD8B6861142,low,tier2,GAMBLING,True,True,mule_cashout
ACC_B1CDE5AEB7EF,2026-03-15,DEV_BURNER_234BAE12,medium,tier3,NONE,True,True,mule_hop
ACC_55EFC01B16F2,2026-04-29,DEV_BURNER_234BAE12,high,tier3,NONE,True,True,mule_hop
ACC_4CD4709BE813,2026-03-09,DEV_BURNER_234BAE12,high,tier2,NONE,True,True,mule_hop
ACC_ECC263BC428A,2026-03-23,DEV_BURNER_234BAE12,low,tier2,NONE,True,True,mule_hop
ACC_90A2B60C6CE2,2026-03-26,DEV_6436EDA7F576,medium,tier3,UNREGISTERED_P2P,True,True,mule_cashout
ACC_B77B4ACAA75F,2026-03-16,DEV_BURNER_F36A8BB4,low,tier2,NONE,True,True,mule_hop
ACC_9396B4F458C9,2026-04-26,DEV_BURNER_F36A8BB4,low,tier2,NONE,True,True,mule_hop
ACC_3A562BDB958B,2026-04-11,DEV_BURNER_F36A8BB4,medium,tier3,NONE,True,True,mule_hop
ACC_ADB9CC9B70DF,2026-04-20,DEV_BURNER_F36A8BB4,medium,tier2,NONE,True,True,mule_hop
ACC_EED9450AD7F3,2026-04-30,DEV_BURNER_F36A8BB4,high,tier3,NONE,True,True,mule_hop
ACC_981E1EDC08A2,2026-04-10,DEV_BURNER_F36A8BB4,high,tier3,NONE,True,True,mule_hop
ACC_9A91896BFDD8,2026-04-23,DEV_141BDC6D43C3,high,tier2,CRYPTO_EXCHANGE,True,True,mule_cashout
ACC_74CC7AB78EFF,2026-04-09,DEV_BURNER_4D5E0554,low,tier1,NONE,True,True,mule_hop
ACC_A5A5221A9744,2026-03-11,DEV_BURNER_4D5E0554,medium,tier1,NONE,True,True,mule_hop
ACC_A330527A4130,2026-04-21,DEV_BURNER_4D5E0554,medium,tier2,NONE,True,True,mule_hop
ACC_8A1261351773,2026-04-12,DEV_BURNER_4D5E0554,high,tier3,NONE,True,True,mule_hop
ACC_39762FEFBD6E,2026-03-14,DEV_BURNER_4D5E0554,low,tier2,NONE,True,True,mule_hop
ACC_B741E6BC2DF4,2026-03-06,DEV_BURNER_4D5E0554,low,tier2,NONE,True,True,mule_hop
ACC_7A76D60328A9,2026-03-02,DEV_BURNER_4D5E0554,high,tier1,NONE,True,True,mule_hop
ACC_0D48CBA685B6,2026-03-14,DEV_170042E0464A,low,tier2,CRYPTO_EXCHANGE,True,True,mule_cashout
ACC_C23E746B6870,2026-03-25,DEV_BURNER_EF2F122C,high,tier2,NONE,True,True,mule_hop
ACC_EE88D00A1B43,2026-04-24,DEV_BURNER_EF2F122C,high,tier3,NONE,True,True,mule_hop
ACC_EC03101B8672,2026-03-28,DEV_BURNER_EF2F122C,medium,tier3,NONE,True,True,mule_hop
ACC_71EF79EA735C,2026-04-03,DEV_BURNER_EF2F122C,high,tier2,NONE,True,True,mule_hop
ACC_BFE8BB67218D,2026-03-13,DEV_BURNER_EF2F122C,medium,tier2,NONE,True,True,mule_hop
ACC_F02005642D9E,2026-04-24,DEV_BURNER_EF2F122C,high,tier2,NONE,True,True,mule_hop
ACC_E413CD1C8B62,2026-03-02,DEV_7499819AAD25,low,tier2,CRYPTO_EXCHANGE,True,True,mule_cashout
ACC_8EE63A07ED88,2026-04-01,DEV_BURNER_3EAB5859,medium,tier2,NONE,True,True,mule_hop
ACC_2C370A43FEC6,2026-03-20,DEV_BURNER_3EAB5859,high,tier1,NONE,True,True,mule_hop
ACC_E7C327C54B1A,2026-03-30,DEV_BURNER_3EAB5859,low,tier1,NONE,True,True,mule_hop
ACC_E91B50F055BC,2026-04-24,DEV_BURNER_3EAB5859,high,tier1,NONE,True,True,mule_hop
ACC_BD6B1EAA0C28,2026-04-21,DEV_BURNER_3EAB5859,low,tier2,NONE,True,True,mule_hop
ACC_3AA3F43BA4AC,2026-04-14,DEV_17FEF7972B35,low,tier1,GAMBLING,True,True,mule_cashout
ACC_4518B349E727,2026-04-04,DEV_BURNER_2536EB3F,high,tier2,NONE,True,True,mule_hop
ACC_628C6912C2FA,2026-04-17,DEV_BURNER_2536EB3F,low,tier1,NONE,True,True,mule_hop
ACC_C2D5D84A64C3,2026-03-07,DEV_BURNER_2536EB3F,medium,tier2,NONE,True,True,mule_hop
ACC_FA4504E04B74,2026-03-08,DEV_BURNER_2536EB3F,low,tier2,NONE,True,True,mule_hop
ACC_1695D6A57AD1,2026-04-14,DEV_BURNER_2536EB3F,high,tier1,NONE,True,True,mule_hop
ACC_D57551E2ED10,2026-04-05,DEV_BURNER_2536EB3F,high,tier2,NONE,True,True,mule_hop
ACC_0F4E76968DA1,2026-04-22,DEV_BURNER_2536EB3F,high,tier2,NONE,True,True,mule_hop
ACC_7F0BAF43C588,2026-03-24,DEV_74DE96907B10,medium,tier3,NONE,False,False,salary_disburser
ACC_3FCFDF9465B1,2026-03-07,DEV_2E8A76AF8A11,high,tier1,NONE,False,False,normal
ACC_054880181DE1,2026-03-27,DEV_FF67F1329893,low,tier1,NONE,False,False,normal
ACC_5D124D4C1845,2026-04-05,DEV_B7642CB42330,low,tier3,NONE,False,False,normal
ACC_0918BF080204,2026-04-10,DEV_6FA07A6075DC,low,tier1,NONE,False,False,normal
ACC_205FCB8EA984,2026-03-10,DEV_6138AD2745A5,low,tier1,NONE,False,False,normal
ACC_95FE1BF63D96,2026-03-30,DEV_2F2E6F6B2137,high,tier2,NONE,False,False,normal
ACC_61CA14A7D367,2026-04-15,DEV_5DF1FDE65A34,medium,tier2,NONE,False,False,normal
ACC_47EB15937FDB,2026-04-20,DEV_0ABAE5846632,medium,tier1,NONE,False,False,normal
ACC_0040E7171339,2026-03-31,DEV_C26982B9C06E,medium,tier1,NONE,False,False,normal
ACC_B3079A71CF42,2026-04-26,DEV_71A6A5A4B0D6,high,tier1,NONE,False,False,normal
ACC_42598B776A28,2026-04-14,DEV_E247824FF8E7,low,tier1,NONE,False,False,salary_disburser
ACC_2082E6A69E75,2026-03-29,DEV_A5FE785E6A86,medium,tier1,NONE,False,False,normal
ACC_70E614D4BCF8,2026-03-07,DEV_8EE2867912E6,medium,tier1,NONE,False,False,normal
ACC_5A9044FF15E8,2026-04-19,DEV_09A6CD9F524C,low,tier3,NONE,False,False,normal
ACC_751750D10873,2026-04-25,DEV_1A4C83AB4483,high,tier2,NONE,False,False,normal
ACC_375CF24CEF06,2026-03-16,DEV_4E4D93522289,low,tier2,NONE,False,False,normal
ACC_376164251C26,2026-04-13,DEV_EC4DAF07D56A,low,tier3,NONE,False,False,normal
ACC_672C3510D53C,2026-04-14,DEV_2C9707AEEC9C,low,tier1,NONE,False,False,normal
ACC_AB24A0086F8D,2026-03-31,DEV_9C29565C868B,medium,tier2,NONE,False,False,normal
ACC_6F93B2AD960B,2026-03-24,DEV_EFAD93DEE61F,medium,tier2,NONE,False,False,normal
ACC_CF1E5FF517A0,2026-05-01,DEV_96CBB49BD3F3,low,tier1,NONE,False,False,normal
ACC_BD987AF030A2,2026-04-24,DEV_4D51716E3534,high,tier1,NONE,False,False,normal
ACC_D33FFC708348,2026-04-27,DEV_906FD4A1495E,low,tier3,NONE,False,False,normal
ACC_380AE8F1DE2A,2026-03-24,DEV_05EFBB0D9AC7,medium,tier1,NONE,False,False,normal
ACC_56E32F318C69,2026-03-27,DEV_4F45292F5289,high,tier3,NONE,False,False,normal
ACC_2FC5F285D296,2026-03-07,DEV_6B50C3DA35EA,low,tier1,NONE,False,False,normal
ACC_691D46982D63,2026-04-11,DEV_5827D3B3450E,high,tier3,NONE,False,False,normal
ACC_7A577E63FCA1,2026-04-05,DEV_0B30FB0D8806,high,tier3,NONE,False,False,normal
ACC_83000B2C5AA2,2026-04-19,DEV_0D7522EF5E76,low,tier1,NONE,False,False,normal
ACC_5933C64CBAE4,2026-03-03,DEV_59D4269E4ACF,low,tier1,NONE,False,False,normal
ACC_FE76374812A3,2026-05-01,DEV_770EB7E81516,low,tier2,NONE,False,False,normal
ACC_63CD77D7A280,2026-03-16,DEV_838745EDF1A6,medium,tier1,NONE,False,False,normal
ACC_3C90EB0A4375,2026-04-23,DEV_D0EA0EA5833A,low,tier3,NONE,False,False,normal
ACC_30C4633AE5D7,2026-03-21,DEV_6D9CD92B49C0,high,tier1,NONE,False,False,normal
ACC_BCC2E72CB93E,2026-04-06,DEV_B7FAF57E9144,medium,tier1,NONE,False,False,normal
ACC_5C49EEB9DAE1,2026-03-29,DEV_3A29E03379B0,high,tier1,NONE,False,False,normal
ACC_CCD7F858EF06,2026-03-15,DEV_8949909FDB75,high,tier2,NONE,False,False,normal
ACC_EC32AA7010D7,2026-03-28,DEV_0701B8061CC3,high,tier1,NONE,False,False,normal
ACC_EA294B309F5D,2026-03-18,DEV_221761B3387F,medium,tier1,NONE,False,False,normal
ACC_45C5A079553B,2026-04-10,DEV_4C954F59286A,high,tier1,NONE,False,False,normal
ACC_6A04CB0051BC,2026-03-17,DEV_17B8E69683F7,low,tier1,NONE,False,False,normal
ACC_85BE503909E2,2026-03-30,DEV_C1A69ADF2653,high,tier1,NONE,False,False,normal
ACC_BB5B1B8DD6F3,2026-03-12,DEV_1531BC7D77DA,high,tier2,NONE,False,False,normal
ACC_099827A0CF92,2026-04-19,DEV_DAF4B7D88B0F,low,tier3,NONE,False,False,normal
ACC_62112B67EB80,2026-04-26,DEV_B856BB713F80,medium,tier1,NONE,False,False,normal
ACC_247E714F74EA,2026-04-10,DEV_89E0DE00E6BF,high,tier1,NONE,False,False,normal
ACC_724C8CD43E0C,2026-04-16,DEV_6607990D52A2,medium,tier2,NONE,False,False,normal
ACC_A6F09F03EDAD,2026-04-24,DEV_79AD16301267,high,tier1,NONE,False,False,normal
ACC_EF230918E836,2026-03-04,DEV_6E78E554AC2B,high,tier3,NONE,False,False,normal
ACC_22ED24D371C9,2026-04-25,DEV_BEB5C2714D9C,low,tier1,NONE,False,False,normal
ACC_F16549D211DE,2026-03-26,DEV_6951FCD4BCAB,high,tier1,NONE,False,False,salary_disburser
ACC_C161D59C56C9,2026-03-30,DEV_B614F13E4206,high,tier2,NONE,False,False,normal
ACC_98B068C34AF8,2026-03-19,DEV_827BD0B82B16,medium,tier2,NONE,False,False,normal
ACC_F25140D6DF67,2026-04-25,DEV_A65E23A37442,high,tier2,NONE,False,False,normal
ACC_68CB21F9AA2C,2026-04-10,DEV_3C8DA20EA553,high,tier3,NONE,False,False,normal
ACC_D02A6EB62AB7,2026-04-23,DEV_7B16C67529DF,high,tier3,NONE,False,False,normal
ACC_6220A6EF14F1,2026-03-23,DEV_F28026F04CF0,high,tier1,NONE,False,False,normal
ACC_794A3EC10F88,2026-04-04,DEV_53855E3612AD,high,tier1,NONE,False,False,normal
ACC_CD8FA97F8FB2,2026-04-29,DEV_E66A73F979E5,low,tier1,NONE,False,False,normal
ACC_B835D6EAD9FC,2026-05-01,DEV_396A68105670,low,tier2,NONE,False,False,normal
ACC_0C8CBECEDF39,2026-04-14,DEV_08DCB78D5838,high,tier1,NONE,False,False,normal
ACC_183126C05809,2026-03-14,DEV_654F49D3CB80,low,tier2,NONE,False,False,normal
ACC_4E99759A2A71,2026-04-15,DEV_A57D8A56FD37,medium,tier2,NONE,False,False,normal
ACC_90322A8BE64D,2026-04-07,DEV_87BC23F54EE1,medium,tier2,NONE,False,False,normal
ACC_9F4150B232AB,2026-04-25,DEV_827672028585,high,tier2,NONE,False,False,normal
ACC_05E0687FCC1B,2026-04-19,DEV_5234FE637115,medium,tier2,NONE,False,False,normal
ACC_FA569D349F9F,2026-04-19,DEV_E623A8341616,low,tier1,NONE,False,False,normal
ACC_71090EFFDAF5,2026-04-28,DEV_6704CC16BA19,medium,tier3,NONE,False,False,normal
ACC_FD2F950A9559,2026-03-11,DEV_E424BAC1A262,medium,tier2,NONE,False,False,normal
ACC_8A699C1CEA07,2026-03-14,DEV_B50F28776331,low,tier3,NONE,False,False,normal
ACC_FB6383558D13,2026-04-21,DEV_427156AB7D1C,medium,tier3,NONE,False,False,normal
ACC_B4D763C718A8,2026-04-03,DEV_194BA4E6C838,medium,tier3,NONE,False,False,normal
ACC_62BACC39E791,2026-04-22,DEV_02BE65BBF721,low,tier2,NONE,False,False,normal
ACC_E9F81652109D,2026-03-02,DEV_323CA0F178F9,medium,tier2,NONE,False,False,salary_disburser
ACC_30676FA65F3C,2026-04-01,DEV_347D5FA624A9,medium,tier2,NONE,False,False,normal
ACC_92270BF7F46F,2026-03-14,DEV_98619431122F,medium,tier2,NONE,False,False,normal
ACC_18ADCD9AEA7F,2026-03-22,DEV_7A6AED226E89,low,tier3,NONE,False,False,normal
ACC_4643FA52F232,2026-03-15,DEV_EEBB527FDD7E,medium,tier3,NONE,False,False,normal
ACC_B45025EE9FA1,2026-03-08,DEV_AAA11A699FA4,low,tier2,NONE,False,False,normal
ACC_8428A1CE4370,2026-04-16,DEV_7636991F1451,low,tier2,NONE,False,False,normal
ACC_42F0381614A7,2026-03-23,DEV_4BA332D7E1E0,medium,tier2,NONE,False,False,normal
ACC_2172D6D1F7A6,2026-03-02,DEV_D14C419D4444,low,tier2,NONE,False,False,normal
ACC_987E4553C9A0,2026-04-17,DEV_ACC24A49BC92,low,tier2,NONE,False,False,normal
ACC_50F42BB14351,2026-03-26,DEV_77E9A9F4F4A4,medium,tier2,NONE,False,False,normal
ACC_A5AEFFD79D41,2026-03-17,DEV_A02A24A39DA4,medium,tier2,NONE,False,False,normal
ACC_E80AD2D64F95,2026-03-02,DEV_DD524D2602F6,low,tier3,NONE,False,False,normal
ACC_577EDDEBD242,2026-03-29,DEV_C63FC7478B03,medium,tier1,NONE,False,False,normal
ACC_C6C8181EA767,2026-03-21,DEV_DB71EA9409FB,medium,tier1,NONE,False,False,normal
ACC_EC781E6C8F1C,2026-03-07,DEV_0C9841C7D46B,high,tier2,NONE,False,False,normal
ACC_8893D0B0239B,2026-04-06,DEV_C1002B977095,medium,tier2,NONE,False,False,normal
ACC_B551CA85F598,2026-04-10,DEV_BA8B513FDFB4,low,tier1,NONE,False,False,normal
ACC_9403F55C88E4,2026-04-26,DEV_E7656956A950,low,tier2,NONE,False,False,normal
ACC_16670F031479,2026-03-17,DEV_0AFE7C9CF1C8,low,tier2,NONE,False,False,normal
ACC_9059C3FE4CF6,2026-03-23,DEV_C27284F4DDF7,medium,tier3,NONE,False,False,normal
ACC_7455327D4795,2026-04-24,DEV_7291170346FC,high,tier1,NONE,False,False,normal
ACC_556222411506,2026-04-08,DEV_53CE24181726,low,tier2,NONE,False,False,normal
ACC_8847A5882AC0,2026-04-29,DEV_DE874FF49C33,medium,tier1,NONE,False,False,normal
ACC_D3D0018C35DA,2026-04-30,DEV_A842EFCA0C4F,low,tier2,NONE,False,False,normal
ACC_6F166652F236,2026-04-19,DEV_34694933BF5E,medium,tier3,NONE,False,False,normal
ACC_DC49E23D6F94,2026-03-27,DEV_C549CD5F0002,medium,tier3,NONE,False,False,normal
ACC_E7EAA99031BC,2026-04-09,DEV_A1A93F9C33BD,high,tier1,NONE,False,False,normal
ACC_F9A8534FA385,2026-04-24,DEV_405539D5D085,low,tier3,NONE,False,False,normal
ACC_C51588FF4D36,2026-04-08,DEV_02C869717CC6,medium,tier3,NONE,False,False,normal
ACC_CE1EC566C0E3,2026-03-28,DEV_D0C229383C35,high,tier1,NONE,False,False,normal
ACC_F2470614771A,2026-04-10,DEV_10ABB937B079,low,tier2,NONE,False,False,normal
ACC_ADA5BCB4A29F,2026-04-30,DEV_1BF2EB995B09,low,tier3,NONE,False,False,normal
ACC_2476E11FEE77,2026-04-06,DEV_EE19815C3ED5,low,tier1,NONE,False,False,normal
ACC_D504DADEFE1C,2026-04-07,DEV_C7C13D0D7593,medium,tier3,NONE,False,False,normal
ACC_DB41F2470EF7,2026-04-21,DEV_ACE895016749,high,tier3,NONE,False,False,normal
ACC_A1A55C0B703D,2026-04-25,DEV_C3B681535F2A,low,tier1,NONE,False,False,normal
ACC_23342739AA8C,2026-03-14,DEV_78A51B691B90,medium,tier1,NONE,False,False,normal
ACC_39C22ECE4BCD,2026-04-27,DEV_45F413869CFF,medium,tier3,NONE,False,False,normal
ACC_BFCD4382DA10,2026-03-15,DEV_16A042ED8BD9,high,tier2,NONE,False,False,normal
ACC_D3EF347D55C5,2026-04-20,DEV_578C5C7FF6B3,high,tier3,NONE,False,False,normal
ACC_E9BF23587DB7,2026-03-29,DEV_C952BBEF03E8,low,tier2,NONE,False,False,normal
ACC_19D220FC2B61,2026-04-24,DEV_E98094D41229,low,tier2,NONE,False,False,normal
ACC_1E192C3AAF2F,2026-03-09,DEV_8A79529416ED,high,tier1,NONE,False,False,normal
ACC_BCCC1F104DEB,2026-04-04,DEV_4FB54DAD0A96,high,tier3,NONE,False,False,normal
ACC_306004D5DFB8,2026-03-20,DEV_C718EB179A6D,high,tier1,NONE,False,False,normal
ACC_AFF0368984BD,2026-03-16,DEV_5015BBD10344,medium,tier2,NONE,False,False,normal
ACC_ED6820B7FD06,2026-04-30,DEV_02EFF23A4343,medium,tier3,NONE,False,False,normal
ACC_CC3B458D5F9F,2026-04-17,DEV_B3D98BC0513F,low,tier1,NONE,False,False,normal
ACC_E3664DDDE79A,2026-04-29,DEV_D24D5253920A,low,tier1,NONE,False,False,salary_disburser
ACC_BFD02405D0FC,2026-03-26,DEV_6BCD4627AA6B,high,tier3,NONE,False,False,normal
ACC_7F693379CA46,2026-04-26,DEV_8426EF1CBB55,high,tier3,NONE,False,False,normal
ACC_78B62475DE29,2026-04-13,DEV_621461D9AACC,high,tier2,NONE,False,False,normal
ACC_BD144A9AEB82,2026-04-10,DEV_E6054031156A,medium,tier1,NONE,False,False,normal
ACC_33F501AD2622,2026-04-06,DEV_2B70FB767222,low,tier1,NONE,False,False,normal
ACC_1DE2EB63F254,2026-03-24,DEV_416D38C0FF85,high,tier3,NONE,False,False,normal
ACC_92B3ABE87458,2026-03-15,DEV_0B663453C15F,medium,tier1,NONE,False,False,normal
ACC_83002503D52C,2026-04-25,DEV_13F5C1635890,high,tier1,NONE,False,False,normal
ACC_E6F385BF9971,2026-03-29,DEV_7FC1297383FF,low,tier3,NONE,False,False,normal
ACC_2A67DDF5FEE3,2026-03-21,DEV_CA0CB865F04D,high,tier1,NONE,False,False,normal
ACC_F5F7CFA2A6D6,2026-04-12,DEV_4CF96E572283,medium,tier3,NONE,False,False,normal
ACC_5ACE9C5BF002,2026-03-29,DEV_336CF923084E,medium,tier2,NONE,False,False,normal
ACC_0D07A791BF01,2026-04-12,DEV_FB4440C32418,low,tier2,NONE,False,False,normal
ACC_1D4A4AB0A357,2026-03-30,DEV_CED0A7CDFABC,medium,tier3,NONE,False,False,normal
ACC_6F4818B96DB5,2026-04-29,DEV_5E1709670832,low,tier3,NONE,False,False,normal
ACC_4E552AE0AFC8,2026-03-11,DEV_9B3E50A957C9,high,tier3,NONE,False,False,normal
ACC_B9575D890681,2026-04-14,DEV_C6E4B9F10236,high,tier1,NONE,False,False,normal
ACC_8BAA53D8EF80,2026-04-18,DEV_95929F06A4A4,high,tier1,NONE,False,False,normal
ACC_AFF3939A6732,2026-03-12,DEV_ACA06D95DBAC,low,tier2,NONE,False,False,normal
ACC_C6B2B976562E,2026-04-22,DEV_8135D3ABAFF2,high,tier1,NONE,False,False,normal
ACC_71D05D4F65E3,2026-04-11,DEV_D9C2FE28A2E7,medium,tier2,NONE,False,False,normal
ACC_F7A013F0A2B0,2026-03-20,DEV_257B8EE1C5E2,medium,tier1,NONE,False,False,normal
ACC_E7903ADC3616,2026-03-19,DEV_91F2E6523588,low,tier2,NONE,False,False,normal
ACC_670BCB4313DA,2026-03-25,DEV_BFBCB107A7CD,high,tier2,NONE,False,False,normal
ACC_9EFB2041EFF9,2026-03-05,DEV_0A5EF02F3640,high,tier3,NONE,False,False,normal
ACC_413D521F3446,2026-03-07,DEV_2FF50BF538A4,medium,tier1,NONE,False,False,normal
ACC_15A86907D23E,2026-03-22,DEV_CBE101AC100A,medium,tier3,NONE,False,False,normal
ACC_3EE2B4DBA9A2,2026-04-10,DEV_896F181AF83D,high,tier1,NONE,False,False,normal
ACC_C2D55A6A2879,2026-04-05,DEV_3F30BD08B755,low,tier1,NONE,False,False,normal
ACC_01D14D291738,2026-04-18,DEV_13C4589ED72A,high,tier1,NONE,False,False,normal
ACC_382D9C9313E0,2026-03-23,DEV_8F493B285EA5,medium,tier1,NONE,False,False,normal
ACC_B8B182CB773D,2026-03-12,DEV_30BCEDBBEA8A,low,tier1,NONE,False,False,normal
ACC_AFFDFBE1C5D5,2026-04-14,DEV_64F417E531E5,high,tier2,NONE,False,False,salary_disburser
ACC_414E40A67D3F,2026-03-03,DEV_0B28D146846D,medium,tier3,NONE,False,False,normal
ACC_29A32F560C60,2026-03-03,DEV_B87281CB551D,medium,tier2,NONE,False,False,normal
ACC_71256D2CDE69,2026-03-22,DEV_1B2AE5EBB659,high,tier3,NONE,False,False,normal
ACC_040223A7310A,2026-03-11,DEV_18D11D4F3C96,medium,tier2,NONE,False,False,normal
ACC_C10B70EB30F4,2026-04-10,DEV_BF8B79E245AB,high,tier3,NONE,False,False,normal
ACC_8C1BCD1238AE,2026-03-02,DEV_4855DCBBC1CF,low,tier2,NONE,False,False,normal
ACC_BE600EF0F9D5,2026-03-06,DEV_E566636C2CF6,low,tier1,NONE,False,False,normal
ACC_7FAD73FD10A7,2026-03-09,DEV_D434DAA731FD,medium,tier2,NONE,False,False,normal
ACC_B003F5B800CC,2026-04-20,DEV_7C5390AFE21A,low,tier3,NONE,False,False,normal
ACC_C75AC13A9DCE,2026-03-07,DEV_82891AA7EA89,low,tier3,NONE,False,False,normal
ACC_0B1D61FA348D,2026-03-29,DEV_175FF4340564,medium,tier2,NONE,False,False,normal
ACC_DCABAEA3B455,2026-04-02,DEV_A97F7B999273,high,tier2,NONE,False,False,normal
ACC_F062276EF06D,2026-04-28,DEV_21CBAEAF110B,medium,tier3,NONE,False,False,normal
ACC_F1666FD835C7,2026-03-31,DEV_56038980EFF4,high,tier3,NONE,False,False,normal
ACC_671EC0FDF38D,2026-04-01,DEV_90E5E7A182B4,low,tier3,NONE,False,False,normal
ACC_9EFDB0DEAE90,2026-03-22,DEV_AA7A13DC1A53,high,tier1,NONE,False,False,normal
ACC_8547FDA0729F,2026-03-13,DEV_ABFF3CCC3CF9,high,tier1,NONE,False,False,normal
ACC_C4B43D548897,2026-04-04,DEV_A138924C3FF8,low,tier3,NONE,False,False,normal
ACC_D447033208AB,2026-04-25,DEV_82F599C42B25,medium,tier3,NONE,False,False,normal
ACC_959241C4AC89,2026-03-24,DEV_F1F4F214E111,low,tier1,NONE,False,False,normal
ACC_A797406B4232,2026-03-19,DEV_097DC240585D,medium,tier2,NONE,False,False,normal
ACC_34FD0B2A2FEE,2026-03-16,DEV_D07BC0109D75,high,tier1,NONE,False,False,normal
ACC_F3467B4BAC4C,2026-03-11,DEV_EA243FBF4655,medium,tier2,NONE,False,False,normal
ACC_26ED6BA3BD74,2026-04-24,DEV_F7FC354C2610,medium,tier3,NONE,False,False,salary_disburser
ACC_CE9C5B65E709,2026-03-24,DEV_18399DA8B324,medium,tier2,NONE,False,False,normal
ACC_711110A27894,2026-04-30,DEV_86AE8F77E3BB,low,tier2,NONE,False,False,normal
ACC_BCCB4BB7D6BD,2026-04-01,DEV_667FFF4B0050,high,tier1,NONE,False,False,normal
ACC_EBD5E8BE6F64,2026-03-31,DEV_5E234F98DFD6,low,tier3,NONE,False,False,normal
ACC_EE3C8A50C7AC,2026-03-14,DEV_154FDDA588B3,high,tier1,NONE,False,False,normal
ACC_0313991E939C,2026-04-13,DEV_C0BA90B4FB0C,low,tier2,NONE,False,False,normal
ACC_5649494C2276,2026-04-04,DEV_96E694310E9F,medium,tier2,NONE,False,False,normal
ACC_4D3C6575935F,2026-04-16,DEV_8468B6ED517E,medium,tier3,NONE,False,False,normal
ACC_E4BF00E23555,2026-03-26,DEV_C84A86A63C58,medium,tier3,NONE,False,False,normal
ACC_F374DBFBBC30,2026-04-14,DEV_E05A57EB3AB0,high,tier2,NONE,False,False,normal
ACC_895396A63E8D,2026-03-15,DEV_0ACD63469B69,high,tier2,NONE,False,False,normal
ACC_102CD9FD7E7E,2026-03-28,DEV_012992B55D1A,low,tier2,NONE,False,False,normal
ACC_C26D5ED99714,2026-04-07,DEV_9A2EAAEA06CF,medium,tier2,NONE,False,False,normal
ACC_54EB441E1918,2026-04-01,DEV_92481188485E,high,tier1,NONE,False,False,normal
ACC_90FC4744D6FF,2026-04-17,DEV_ED6DEEB4232D,low,tier2,NONE,False,False,normal
ACC_7A37C92B1314,2026-03-29,DEV_BFF6044C6000,low,tier1,NONE,False,False,normal
ACC_A436FA0AEAB8,2026-04-17,DEV_7A8E7A4BA524,low,tier1,NONE,False,False,normal
ACC_C646622BAEF0,2026-03-05,DEV_642DAE069206,high,tier3,NONE,False,False,normal
ACC_AC9AB6DF9C3C,2026-04-22,DEV_B70410599A1E,high,tier3,NONE,False,False,salary_disburser
ACC_A342C8ABEEEC,2026-03-17,DEV_5FCE9E49FB9A,low,tier3,NONE,False,False,normal
ACC_9210BB0EC165,2026-04-08,DEV_A3B10C248EE1,low,tier1,NONE,False,False,normal
ACC_767C9B280AD6,2026-03-29,DEV_65A89625BAE9,medium,tier1,NONE,False,False,normal
ACC_A07A85843DCA,2026-03-31,DEV_AED176E64229,low,tier3,NONE,False,False,normal
ACC_D0A3A93FE129,2026-03-19,DEV_2C2CA9C8859C,high,tier2,NONE,False,False,normal
ACC_45E202444817,2026-03-16,DEV_DA05CF4F5A01,high,tier1,NONE,False,False,normal
ACC_976A32B7AD5D,2026-04-20,DEV_078579D59D5C,low,tier3,NONE,False,False,normal
ACC_42D840E7066B,2026-04-04,DEV_A64DD607AEF2,high,tier3,NONE,False,False,normal
ACC_BA333C246242,2026-04-06,DEV_681E8E2AB5EE,low,tier3,NONE,False,False,normal
ACC_75BCBF1F4FA4,2026-04-20,DEV_E3A32E3A6E54,high,tier3,NONE,False,False,normal
ACC_7EF38379C6E8,2026-04-30,DEV_3FD7854F36EE,low,tier2,NONE,False,False,normal
ACC_327E9DB4D76F,2026-04-05,DEV_7442E790F16C,high,tier1,NONE,False,False,normal
ACC_000552C8C537,2026-03-15,DEV_74FF0345FD23,high,tier2,NONE,False,False,normal
ACC_98ABE47E1CAC,2026-03-21,DEV_BD44ABEB6ED1,low,tier2,NONE,False,False,normal
ACC_89B718E908B4,2026-03-21,DEV_62F94C36BF19,high,tier2,NONE,False,False,normal
ACC_A250EA190895,2026-03-10,DEV_C0DBE37CC733,low,tier2,NONE,False,False,normal
ACC_C05081F400E0,2026-03-18,DEV_CEAB7430CE2C,low,tier3,NONE,False,False,normal
ACC_B25156F99990,2026-03-02,DEV_6DDBF81D89AA,medium,tier2,NONE,False,False,normal
ACC_09B05E00484B,2026-03-21,DEV_9A4A2F54F82E,low,tier3,NONE,False,False,normal
ACC_CDD3DF7AA195,2026-04-17,DEV_7B28C97C63FB,low,tier1,NONE,False,False,normal
ACC_5A6AF6D0DA87,2026-03-09,DEV_96B716645019,low,tier2,NONE,False,False,normal
ACC_47F43A81D246,2026-04-28,DEV_55543F3D3834,low,tier1,NONE,False,False,normal
ACC_7587C5100B63,2026-04-16,DEV_EEF9B89E28BE,medium,tier1,NONE,False,False,normal
ACC_23B97E566191,2026-03-31,DEV_0078889271EB,high,tier1,NONE,False,False,normal
ACC_55565CF104C3,2026-03-10,DEV_F903564B5A0E,high,tier1,NONE,False,False,normal
ACC_BBE6831B9515,2026-03-15,DEV_70C4AD3F5794,low,tier3,NONE,False,False,normal
ACC_4DE508B4EDAE,2026-04-24,DEV_E3DC9C98EB46,medium,tier1,NONE,False,False,normal
ACC_D5DE767F25CA,2026-04-09,DEV_A380A404B00C,high,tier3,NONE,False,False,normal
ACC_8BE9AC40D092,2026-04-01,DEV_9EBF2438AE01,high,tier1,NONE,False,False,normal
ACC_973562B81566,2026-04-19,DEV_948DC508F545,high,tier3,NONE,False,False,normal
ACC_D93FF35AEC5A,2026-03-14,DEV_286C6BE3BCDC,low,tier1,NONE,False,False,normal
ACC_329507CBE238,2026-05-01,DEV_0C1F4593680F,medium,tier2,NONE,False,False,salary_disburser
ACC_A66E8B8411B7,2026-03-24,DEV_2E873FA69F36,low,tier2,NONE,False,False,normal
ACC_5F9978407E50,2026-03-06,DEV_7FF365106A2A,low,tier1,NONE,False,False,normal
ACC_30C3C4442F87,2026-03-25,DEV_63355F572737,high,tier1,NONE,False,False,normal
ACC_DE9674DBBAF7,2026-03-15,DEV_E1B0F037EE8B,high,tier1,NONE,False,False,normal
ACC_39CA4C5A2CC7,2026-03-23,DEV_37191D6E06C0,medium,tier2,NONE,False,False,normal
ACC_7A0A450207BC,2026-04-08,DEV_993616B89821,medium,tier2,NONE,False,False,normal
ACC_AC7A09351F71,2026-04-15,DEV_E64106C6AEA7,high,tier3,NONE,False,False,normal
ACC_1BB9263A4723,2026-04-03,DEV_C58708C33839,medium,tier1,NONE,False,False,normal
ACC_4CAC4E2B8858,2026-04-12,DEV_67C6963CBD30,medium,tier3,NONE,False,False,normal
ACC_0411EBA16305,2026-04-27,DEV_04F064F6CC3E,high,tier2,NONE,False,False,normal
ACC_F6843B9EBBAC,2026-03-26,DEV_E6BDCACA2E32,medium,tier3,NONE,False,False,normal
ACC_06C34BE55828,2026-04-05,DEV_849147A1C410,low,tier1,NONE,False,False,normal
ACC_FD5CD777126E,2026-03-28,DEV_36325617565A,medium,tier2,NONE,False,False,normal
ACC_DED4E4EF15D4,2026-04-11,DEV_F4F8E296CB5C,high,tier1,NONE,False,False,normal
ACC_594997508B8E,2026-04-25,DEV_6FC6A55476B8,medium,tier1,NONE,False,False,normal
ACC_B37F76AF2F87,2026-03-09,DEV_5D25AAF288FC,high,tier3,NONE,False,False,normal
ACC_64BEFD218092,2026-03-26,DEV_25DC8A7EEEFA,high,tier3,NONE,False,False,normal
ACC_A628C155321C,2026-04-01,DEV_2ECA70E374D0,high,tier3,NONE,False,False,normal
ACC_02F98B3D4C60,2026-03-21,DEV_35576BACF319,high,tier1,NONE,False,False,salary_disburser
ACC_AC5E13B774CE,2026-03-12,DEV_41C728ED4F50,medium,tier2,NONE,False,False,normal
ACC_209A0CD1370A,2026-03-12,DEV_29DCB85B75F7,medium,tier3,NONE,False,False,normal
ACC_7CF7AACF13AA,2026-03-12,DEV_DC0D9634C6E4,medium,tier1,NONE,False,False,normal
ACC_269FBC4F29F7,2026-03-25,DEV_27DEFA0676CB,high,tier2,NONE,False,False,normal
ACC_1814F2926ACD,2026-04-12,DEV_A62EE1369ABA,low,tier3,NONE,False,False,normal
ACC_83650AFC1BAA,2026-03-18,DEV_70EC402EA0EB,high,tier2,NONE,False,False,normal
ACC_4924B2477F90,2026-03-04,DEV_A47A752AAFBE,medium,tier2,NONE,False,False,normal
ACC_DA0A3B8B7959,2026-03-16,DEV_928FA9CB0C86,medium,tier1,NONE,False,False,normal
ACC_DBE4304C10BC,2026-05-01,DEV_940CF7AF439B,medium,tier3,NONE,False,False,normal
ACC_F170FC0C52BA,2026-04-05,DEV_6C27ECDFF097,medium,tier2,NONE,False,False,normal
ACC_3A97DE145617,2026-03-22,DEV_C3096F1FD406,high,tier1,NONE,False,False,normal
ACC_E0A1EE4E488C,2026-03-10,DEV_A8795A18D880,medium,tier2,NONE,False,False,normal
ACC_6FAD19FD18AC,2026-04-18,DEV_C6328223B5D7,high,tier1,NONE,False,False,normal
ACC_77174B65F9E7,2026-03-11,DEV_B496BD2EE10D,low,tier1,NONE,False,False,normal
ACC_C77F61AC17F5,2026-03-18,DEV_2D335DA78E27,medium,tier3,NONE,False,False,normal
ACC_CD3B7865BDC9,2026-04-28,DEV_A1E82B944318,medium,tier2,NONE,False,False,normal
ACC_66251A3622B0,2026-04-28,DEV_E3B4639F925E,high,tier3,NONE,False,False,normal
ACC_A95E14139C25,2026-04-19,DEV_78C566EEEFA8,high,tier3,NONE,False,False,normal
ACC_75703909D193,2026-04-07,DEV_8FC4EA0047B3,low,tier3,NONE,False,False,normal
ACC_7FCD48000B9B,2026-04-18,DEV_8D873F78E6B3,high,tier1,NONE,False,False,normal
ACC_1A2672433D99,2026-04-06,DEV_9FC67DBA1E81,low,tier3,NONE,False,False,normal
ACC_5D0B525DC1CE,2026-04-25,DEV_416381AD9418,low,tier2,NONE,False,False,normal
ACC_B8303CF7C009,2026-03-20,DEV_F50DCB276939,low,tier1,NONE,False,False,normal
ACC_ECC7AB9382FD,2026-05-01,DEV_2870AD5821B0,high,tier1,NONE,False,False,normal
ACC_D54F62827A79,2026-03-20,DEV_26672B299066,low,tier1,NONE,False,False,normal
ACC_BDC77676926F,2026-05-01,DEV_A99F1F1987E8,low,tier2,NONE,False,False,normal
ACC_7F8B230E2A0B,2026-03-17,DEV_67D7CDCD336F,low,tier2,NONE,False,False,salary_disburser
ACC_38489E235086,2026-03-26,DEV_53B7C0FEBC01,low,tier3,NONE,False,False,normal
ACC_F5B7507DAA5A,2026-04-13,DEV_5E25D72502CB,high,tier2,NONE,False,False,normal
ACC_9937647605EB,2026-04-03,DEV_9849B30147D3,high,tier1,NONE,False,False,normal
ACC_1C37BFA13465,2026-04-18,DEV_81BC113EFD4B,medium,tier1,NONE,False,False,normal
ACC_E423B682242E,2026-03-20,DEV_4B3FD47804C2,high,tier1,NONE,False,False,normal
ACC_E04A8471F8A4,2026-03-29,DEV_B82B0296DD8D,high,tier3,NONE,False,False,normal
ACC_38AB44634FBC,2026-03-12,DEV_2A54394FCC64,low,tier2,NONE,False,False,normal
ACC_18941F3D156C,2026-03-22,DEV_FEA3D7142269,low,tier2,NONE,False,False,normal
ACC_3867AEE52CAD,2026-03-08,DEV_BEA206413424,medium,tier2,NONE,False,False,normal
ACC_F3E76CAB1E9D,2026-03-24,DEV_5571BC4EBFCB,low,tier2,NONE,False,False,normal
ACC_D06202C7A6C4,2026-04-29,DEV_1A07EE71F9B2,medium,tier3,NONE,False,False,normal
ACC_B826DA15922A,2026-04-26,DEV_089BED02DDFE,medium,tier2,NONE,False,False,normal
ACC_F54AE3863BE1,2026-04-08,DEV_B8A4C869CA89,low,tier2,NONE,False,False,normal
ACC_B8F9B27AD4C9,2026-03-28,DEV_D4B2D0BDA84F,high,tier3,NONE,False,False,normal
ACC_64E6A1BF539F,2026-04-06,DEV_110838FE88C3,low,tier3,NONE,False,False,normal
ACC_227E62288479,2026-03-27,DEV_FE6D0FABEC47,low,tier3,NONE,False,False,normal
ACC_40D6C1655DD2,2026-03-30,DEV_BEE5C03A359B,high,tier2,NONE,False,False,normal
ACC_8D96F74F5CE8,2026-03-14,DEV_E4E5AF0C1C8B,high,tier2,NONE,False,False,normal
ACC_F36174165BEC,2026-03-19,DEV_E1CE3E1DC4CE,high,tier3,NONE,False,False,normal
ACC_4F8956C95F30,2026-03-25,DEV_B08F4CB0D2D2,high,tier1,NONE,False,False,salary_disburser
ACC_CD20C6B09E8E,2026-04-16,DEV_89715D29E947,medium,tier2,NONE,False,False,normal
ACC_5F1EDFC1220F,2026-03-30,DEV_B0EF06D5C776,high,tier1,NONE,False,False,normal
ACC_80204A44EC43,2026-03-26,DEV_33CA0A57D0F9,low,tier3,NONE,False,False,normal
ACC_CD3D88BD965F,2026-04-29,DEV_C06C81635BA5,low,tier2,NONE,False,False,normal
ACC_A1F0ED2012E7,2026-04-18,DEV_EFEF08AD2B94,medium,tier3,NONE,False,False,normal
ACC_334AC94518AD,2026-03-12,DEV_79730C6CEB71,high,tier3,NONE,False,False,normal
ACC_AD935B95F5D8,2026-03-19,DEV_7EC78378029F,medium,tier1,NONE,False,False,normal
ACC_918427EFFB48,2026-03-30,DEV_D4AE226E2961,high,tier2,NONE,False,False,normal
ACC_8489C6E1CBDA,2026-03-19,DEV_842D258173EF,medium,tier3,NONE,False,False,normal
ACC_F3E7CA24C434,2026-05-01,DEV_BF1C06AAC5BA,medium,tier1,NONE,False,False,normal
ACC_34594E5168D0,2026-03-28,DEV_E8C3635D4E9B,medium,tier1,NONE,False,False,normal
ACC_ED326C0F0D51,2026-03-28,DEV_82F729F1DA92,high,tier1,NONE,False,False,normal
ACC_979E4115DBF6,2026-04-19,DEV_D605FF00F63C,low,tier3,NONE,False,False,normal
ACC_194CA9905EA6,2026-03-28,DEV_E46F14F36024,medium,tier3,NONE,False,False,normal
ACC_B4C9F23D4417,2026-03-06,DEV_7D0BFB5EE04E,high,tier1,NONE,False,False,normal
ACC_0B8755061509,2026-04-30,DEV_DECD92958FCC,high,tier2,NONE,False,False,normal
ACC_48056FAF2465,2026-04-03,DEV_9CFB0FD1A1B4,high,tier2,NONE,False,False,normal
ACC_613FB3FA31E5,2026-04-12,DEV_097F678ACC14,low,tier3,NONE,False,False,normal
ACC_6D24FA97B53C,2026-04-29,DEV_61EBB127DD47,medium,tier3,NONE,False,False,normal
ACC_FAF0DCB73EF0,2026-04-27,DEV_DDAFEF04B23A,low,tier1,NONE,False,False,normal
ACC_F9EFE6A87207,2026-04-02,DEV_C0A632F0C206,high,tier2,NONE,False,False,normal
ACC_2FC493EF2079,2026-03-24,DEV_9C24DDF8D874,low,tier1,NONE,False,False,normal
ACC_F198E1C59592,2026-04-15,DEV_F57FD583026F,medium,tier1,NONE,False,False,normal
ACC_818A6944B3BD,2026-03-06,DEV_0586D3332645,high,tier1,NONE,False,False,normal
ACC_973613086069,2026-04-28,DEV_6506416F3500,medium,tier2,NONE,False,False,normal
ACC_144D500B6F02,2026-03-23,DEV_859F8A29840E,medium,tier2,NONE,False,False,normal
ACC_D2A039E6BF25,2026-04-12,DEV_F1767892CF81,high,tier3,NONE,False,False,normal
ACC_71CC830C5C6F,2026-03-09,DEV_7415CC32590F,low,tier3,NONE,False,False,salary_disburser
ACC_3BA1002F6597,2026-03-15,DEV_07A0D592D7A6,medium,tier1,NONE,False,False,normal
ACC_D3FEA4CF74DE,2026-04-30,DEV_1042A1BD85BC,high,tier2,NONE,False,False,normal
ACC_FEEF638A2310,2026-04-25,DEV_8BF9DA596703,high,tier3,NONE,False,False,normal
ACC_2D6535413DF9,2026-04-19,DEV_1BACF00F4743,medium,tier2,NONE,False,False,normal
ACC_2681145F52BB,2026-03-16,DEV_08CA57D20B72,low,tier2,NONE,False,False,normal
ACC_DB392B339B0F,2026-04-05,DEV_B57F17D094A9,high,tier1,NONE,False,False,normal
ACC_237B73DEF9C3,2026-03-06,DEV_19DD227E22DF,high,tier2,NONE,False,False,normal
ACC_B10441377E8A,2026-03-05,DEV_89978A243D3F,medium,tier1,NONE,False,False,normal
ACC_1B8450D76ACD,2026-04-08,DEV_3F7389DF6354,high,tier3,NONE,False,False,normal
ACC_9C0F75A0D95C,2026-03-13,DEV_88AFD5001406,low,tier1,NONE,False,False,normal
ACC_979A6187DBA3,2026-03-31,DEV_A7FF8EEEE100,low,tier3,NONE,False,False,normal
ACC_D46C0407E2F3,2026-03-03,DEV_EC3F32D0107D,low,tier3,NONE,False,False,normal
ACC_A481EE53B0C3,2026-03-15,DEV_82B46F87D4E9,low,tier2,NONE,False,False,normal
ACC_0DB2F9F66F9B,2026-03-25,DEV_D7C917BE71CE,high,tier1,NONE,False,False,salary_disburser
ACC_E3A0F8AC4315,2026-04-12,DEV_C011A7DBC21B,medium,tier3,NONE,False,False,normal
ACC_55B6A2825571,2026-04-08,DEV_091804F8FEB3,low,tier3,NONE,False,False,normal
ACC_7E1C15DBEEB0,2026-03-19,DEV_11C322468316,medium,tier2,NONE,False,False,normal
ACC_7B78FE97D364,2026-03-12,DEV_42477995E57C,high,tier2,NONE,False,False,normal
ACC_9744D12EF8C7,2026-03-09,DEV_16C43090793F,low,tier2,NONE,False,False,normal
ACC_462E1885E4AE,2026-04-14,DEV_7A9C2AB23C15,low,tier2,NONE,False,False,normal
ACC_A70C188E2425,2026-03-07,DEV_5A2E1CAAA766,low,tier3,NONE,False,False,salary_disburser
ACC_835BE800D84D,2026-03-05,DEV_970250C0A0E3,medium,tier2,NONE,False,False,normal
ACC_DF54DD8C39B0,2026-03-30,DEV_F4C0099785B7,low,tier3,NONE,False,False,normal
ACC_24D6C3BC3190,2026-04-27,DEV_9E30CEFA5599,medium,tier3,NONE,False,False,normal
ACC_273A9106E32B,2026-04-30,DEV_E088656A4719,low,tier2,NONE,False,False,normal
ACC_24B890BEFD09,2026-03-21,DEV_A4B253D872FA,medium,tier1,NONE,False,False,normal
ACC_0058B654108D,2026-03-15,DEV_DB91D8E9A8F5,high,tier1,NONE,False,False,normal
ACC_93AE7000274E,2026-03-06,DEV_C6F9F8D05F48,high,tier2,NONE,False,False,normal
ACC_6B2A82EF4183,2026-03-11,DEV_A4091DC3739E,high,tier2,NONE,False,False,normal
ACC_A9AF6FEDA480,2026-03-13,DEV_199185147E05,medium,tier1,NONE,False,False,normal
ACC_3EEA78149F02,2026-03-13,DEV_48DBFBD2758B,medium,tier2,NONE,False,False,normal
ACC_C13BD57E0937,2026-03-20,DEV_5C360FBA12DD,medium,tier1,NONE,False,False,normal
ACC_7AC0702AC6E9,2026-03-20,DEV_CFC5D3191553,medium,tier3,NONE,False,False,normal
ACC_EB89DBEE6C19,2026-03-26,DEV_4F6A138010EA,medium,tier2,NONE,False,False,normal
ACC_F24C4BB8D50B,2026-03-17,DEV_4AB435512128,high,tier1,NONE,False,False,normal
ACC_1FA9591254A4,2026-03-29,DEV_2E8BA05F1A4F,high,tier1,NONE,False,False,normal
ACC_B758F7F189AC,2026-05-01,DEV_0A99A939C371,high,tier3,NONE,False,False,normal
ACC_55127F701D2B,2026-03-21,DEV_C4A685F421A5,medium,tier2,NONE,False,False,normal
ACC_DAD0996DCAC8,2026-03-26,DEV_FC8E78092E46,high,tier2,NONE,False,False,normal
ACC_EE9E0F9CFF7E,2026-04-12,DEV_A66D85DDE015,high,tier2,NONE,False,False,normal
ACC_ED1051939351,2026-03-19,DEV_8152E0959DF0,medium,tier1,NONE,False,False,normal
ACC_5D0D3CDE255F,2026-04-09,DEV_88E5702B7E8E,medium,tier1,NONE,False,False,normal
ACC_3CE55AB7A522,2026-04-21,DEV_CAC359E4862A,medium,tier3,NONE,False,False,normal
ACC_84D371AB205C,2026-04-02,DEV_C79D9860F4D2,low,tier2,NONE,False,False,normal
ACC_050451819222,2026-04-01,DEV_C113F0536EAD,low,tier1,NONE,False,False,salary_disburser
ACC_B561B3B638E6,2026-04-02,DEV_4AEA8FC5F964,low,tier2,NONE,False,False,normal
ACC_9B012019A743,2026-04-30,DEV_A72505BA164E,high,tier3,NONE,False,False,normal
ACC_220031B62A33,2026-04-30,DEV_67D4D14827AC,medium,tier1,NONE,False,False,normal
ACC_9BF541FE219F,2026-03-24,DEV_828F4C85E27D,low,tier3,NONE,False,False,normal
ACC_17CDE1B07230,2026-03-11,DEV_F3AD1591D269,low,tier3,NONE,False,False,normal
ACC_4ACE87181A82,2026-03-10,DEV_54766E9A9A0E,medium,tier2,NONE,False,False,normal
ACC_9B64B8A541DA,2026-03-13,DEV_54170E95620E,medium,tier1,NONE,False,False,normal
ACC_4B7E791EFBA9,2026-04-07,DEV_CB50DF12DB66,high,tier1,NONE,False,False,normal
ACC_1844F68E192E,2026-04-22,DEV_73AADE40067F,high,tier1,NONE,False,False,normal
ACC_2DD334756E81,2026-03-20,DEV_B0C07B9CC770,low,tier2,NONE,False,False,normal
ACC_09439391845A,2026-03-28,DEV_595A38AE55A9,high,tier3,NONE,False,False,normal
ACC_07D260E9BDA6,2026-04-28,DEV_FA9164BC526B,low,tier2,NONE,False,False,normal
ACC_92745B6DE309,2026-03-05,DEV_78AEA1C1EDEA,high,tier1,NONE,False,False,normal
ACC_D385A2BBFF92,2026-03-26,DEV_13AC6F76F1FA,medium,tier3,NONE,False,False,normal
ACC_DD7A56A50644,2026-03-30,DEV_E49B9AC5472A,high,tier1,NONE,False,False,normal
ACC_5336D2822C98,2026-03-27,DEV_F44556CB53F5,low,tier1,NONE,False,False,normal
ACC_1A8958DA4486,2026-03-22,DEV_C638A2A776B7,low,tier2,NONE,False,False,normal
ACC_2B38C42F52CD,2026-03-08,DEV_1138557A44BB,low,tier3,NONE,False,False,normal
ACC_DF9A702C82A8,2026-04-27,DEV_A26FC5E32641,high,tier1,NONE,False,False,normal
ACC_DD1D39D45000,2026-03-27,DEV_B78D7ECBBD18,high,tier2,NONE,False,False,normal
ACC_EE973C7C5CBA,2026-04-13,DEV_9EA7EF38176C,low,tier2,NONE,False,False,normal
ACC_C33B56048C8C,2026-03-13,DEV_37EC432E5592,low,tier2,NONE,False,False,normal
ACC_FB47AEC2575C,2026-04-23,DEV_D28792BE952B,medium,tier2,NONE,False,False,normal
ACC_E6BEED1D6D46,2026-03-31,DEV_922F03ABEAA5,medium,tier2,NONE,False,False,normal
ACC_98E1DA15FD6E,2026-04-18,DEV_9438CE962424,low,tier3,NONE,False,False,normal
ACC_F6A87F1CB27C,2026-04-30,DEV_6BACCFB0E02F,high,tier2,NONE,False,False,normal
ACC_0296F3691503,2026-04-05,DEV_69186DBBBED3,medium,tier2,NONE,False,False,normal
ACC_8236B54E85F2,2026-03-03,DEV_CE747295B5EE,high,tier3,NONE,False,False,normal
ACC_EE8A0F8B58C6,2026-03-12,DEV_FED5A2D4E992,medium,tier1,NONE,False,False,normal
ACC_9B226216EDF4,2026-03-30,DEV_E5E254E8057B,medium,tier3,NONE,False,False,normal
ACC_754CC66A654E,2026-04-06,DEV_AE27F58BE72C,low,tier3,NONE,False,False,normal
ACC_8E0BAD225DF2,2026-04-10,DEV_A34AA64929F0,medium,tier3,NONE,False,False,normal
ACC_F80E3F0ABC89,2026-04-22,DEV_B693835503E7,low,tier3,NONE,False,False,normal
ACC_B42BC5CE0CB7,2026-03-28,DEV_8746C3E8E7CB,medium,tier1,NONE,False,False,normal
ACC_D1EB3F91D02C,2026-03-03,DEV_3139149AAA48,high,tier1,NONE,False,False,normal
ACC_0470F6DFB35C,2026-04-08,DEV_7DA7EE6DD9E1,medium,tier3,NONE,False,False,normal
ACC_9D28B0A12A78,2026-04-07,DEV_60D3E944C027,high,tier2,NONE,False,False,normal
ACC_8FC4600EC787,2026-04-01,DEV_CE7A2BDA8B58,high,tier3,NONE,False,False,normal
ACC_DE29ABD9585E,2026-03-18,DEV_15582A09E307,medium,tier2,NONE,False,False,normal
ACC_5503E4600C32,2026-03-31,DEV_F63AA5EE9B98,high,tier2,NONE,False,False,normal
ACC_CB9ADEF6BC04,2026-03-18,DEV_7B5051033F50,medium,tier3,NONE,False,False,normal
ACC_0DB456782C6D,2026-04-09,DEV_12A592461F7E,medium,tier3,NONE,False,False,normal
ACC_49213E2E622B,2026-03-03,DEV_620DF2A5354B,high,tier3,NONE,False,False,normal
ACC_602A44E555E8,2026-04-01,DEV_E3F362E9F4A5,high,tier2,NONE,False,False,normal
ACC_9507FBEED838,2026-05-01,DEV_5A5DDC939C3A,low,tier2,NONE,False,False,normal
ACC_AF2EFC34AA5D,2026-03-24,DEV_788A1EE82404,high,tier3,NONE,False,False,salary_disburser
ACC_37B73D644EB1,2026-03-08,DEV_B1C286E103FC,medium,tier1,NONE,False,False,normal
ACC_A5B0818B4499,2026-04-01,DEV_5CFB18650807,medium,tier3,NONE,False,False,normal
ACC_060F0B13DF91,2026-04-09,DEV_64FF2CDB03DB,medium,tier2,NONE,False,False,normal
ACC_2E55F188C6C7,2026-03-14,DEV_0E599640E6D9,high,tier3,NONE,False,False,normal
ACC_A55EB5450048,2026-03-24,DEV_9331B70ED298,medium,tier1,NONE,False,False,normal
ACC_BA8D04A20D35,2026-03-10,DEV_C4CB80E1AE55,medium,tier2,NONE,False,False,normal
ACC_2F7FE3DE24CD,2026-03-08,DEV_3CC16A02691D,medium,tier3,NONE,False,False,normal
ACC_DEB4767EE272,2026-04-25,DEV_371B4828BA55,medium,tier3,NONE,False,False,normal
ACC_4D9C7133F8C4,2026-04-13,DEV_D003424F2C34,medium,tier2,NONE,False,False,normal
ACC_262667DAE431,2026-05-01,DEV_BA83E7C17EBB,high,tier3,NONE,False,False,normal
ACC_2A76F7E0E44A,2026-04-10,DEV_6B740750BFE3,low,tier3,NONE,False,False,normal
ACC_F360318C6451,2026-04-20,DEV_AEC3C2CBC87E,high,tier2,NONE,False,False,normal
ACC_1C955F10F77A,2026-04-25,DEV_13D24F9FD6B0,high,tier3,NONE,False,False,salary_disburser
ACC_0583A282D2E8,2026-03-13,DEV_B2725E524D75,medium,tier3,NONE,False,False,normal
ACC_A216D7B5B07C,2026-04-18,DEV_C933B91F6CEE,high,tier1,NONE,False,False,normal
ACC_4545A7E417DB,2026-04-23,DEV_B46188017A25,medium,tier1,NONE,False,False,normal
ACC_3BFC6B5925D0,2026-03-30,DEV_EB5BEA2F3731,medium,tier1,NONE,False,False,normal
ACC_10484858E4F3,2026-04-21,DEV_81B48777AAF8,medium,tier1,NONE,False,False,normal
ACC_A4E89BFEB03F,2026-03-03,DEV_B2E004B6023E,medium,tier1,NONE,False,False,normal
ACC_537890BD84F6,2026-04-30,DEV_E585717B896B,low,tier1,NONE,False,False,normal
ACC_EAFF980E2930,2026-04-25,DEV_29ECACE229AB,medium,tier2,NONE,False,False,normal
ACC_CECF719F1EC9,2026-04-01,DEV_EC512BAC8106,low,tier2,NONE,False,False,normal
ACC_8D6DBC7C0946,2026-04-24,DEV_5CBBC87649BF,high,tier2,NONE,False,False,normal
ACC_80DD6DEDC574,2026-03-18,DEV_A403217424FA,low,tier2,NONE,False,False,normal
ACC_E864BCF868D4,2026-03-09,DEV_0821CB2ECA01,low,tier1,NONE,False,False,normal
ACC_2228DDC31D59,2026-03-29,DEV_EB33C42A9FC7,high,tier3,NONE,False,False,normal
ACC_9FC49EC4A605,2026-03-27,DEV_24BECC57C601,high,tier2,NONE,False,False,normal
ACC_8B659741B291,2026-03-18,DEV_8F5936FB2094,medium,tier1,NONE,False,False,normal
ACC_D7C25216F4B8,2026-05-01,DEV_1A34B9C64143,low,tier1,NONE,False,False,normal
ACC_A12E4D44EBC8,2026-03-06,DEV_A5ED1894187F,low,tier1,NONE,False,False,normal
ACC_400C9ED318A4,2026-03-13,DEV_3F8174F9C8CD,medium,tier3,NONE,False,False,normal
ACC_3AFDEF600868,2026-04-03,DEV_55376899546A,high,tier2,NONE,False,False,normal
ACC_744C880B6691,2026-04-22,DEV_69B77D7F33D3,high,tier1,NONE,False,False,normal
ACC_809AD28B2F8B,2026-03-13,DEV_3DD7AF66C7DE,medium,tier2,NONE,False,False,normal
ACC_ED612E5945D5,2026-03-15,DEV_B4519D201AC4,high,tier2,NONE,False,False,salary_disburser
ACC_E66A76B24229,2026-04-24,DEV_FD2E2D9B612E,medium,tier1,NONE,False,False,normal
ACC_5C774E46B43F,2026-04-24,DEV_25A5228A8B08,high,tier2,NONE,False,False,normal
ACC_3DFF0275E996,2026-04-19,DEV_066D2DFDC4D2,high,tier1,NONE,False,False,normal
ACC_1864C8B95EFC,2026-04-09,DEV_51F87DDCA15C,medium,tier2,NONE,False,False,normal
ACC_F237BEC4CB4F,2026-04-28,DEV_7547D7A22B9B,high,tier1,NONE,False,False,normal
ACC_819EBEF433A1,2026-04-30,DEV_C9CDC951F3AF,low,tier3,NONE,False,False,normal
ACC_13741D2617CA,2026-03-27,DEV_9E6556885C82,low,tier1,NONE,False,False,normal
ACC_3D2BF122F0BA,2026-04-20,DEV_3F2597A24DF8,high,tier3,NONE,False,False,normal
ACC_F2BD3F7AB27F,2026-03-28,DEV_77FE22C33D66,high,tier1,NONE,False,False,normal
ACC_85E2A4094534,2026-03-03,DEV_D26C52FC6A53,high,tier3,NONE,False,False,normal
ACC_F7B32856429B,2026-03-24,DEV_4B08B0EE1CCE,high,tier3,NONE,False,False,normal
ACC_4DC395E93515,2026-03-18,DEV_B59245700EDE,medium,tier3,NONE,False,False,normal
ACC_CF074DC9FE13,2026-03-16,DEV_DDB5386F5ACE,low,tier2,NONE,False,False,normal
ACC_06C69BBD5E11,2026-04-27,DEV_486B26EFC2FA,high,tier2,NONE,False,False,normal
ACC_4C0CE86A73B8,2026-03-23,DEV_7A08282A65E5,high,tier1,NONE,False,False,normal
ACC_E90D18C70ACF,2026-04-27,DEV_2F876CCBB344,low,tier2,NONE,False,False,normal
ACC_092A7276E7CA,2026-03-19,DEV_3758984B7B9B,medium,tier3,NONE,False,False,normal
ACC_68FA66FF601F,2026-04-27,DEV_E6CF232EF2B0,medium,tier1,NONE,False,False,normal
ACC_990AFCF1B808,2026-03-31,DEV_47E30E4D5632,high,tier1,NONE,False,False,normal
ACC_E5A7B3C7AA8B,2026-03-17,DEV_F815E970347B,medium,tier1,NONE,False,False,normal
ACC_55B0DDCE3081,2026-04-08,DEV_B6F54585D47B,medium,tier1,NONE,False,False,normal
ACC_B883F67C93D5,2026-03-02,DEV_B15E6C618D6E,low,tier1,NONE,False,False,normal
ACC_ABCA2380D388,2026-03-27,DEV_4DCC7F5F1394,medium,tier3,NONE,False,False,normal
ACC_1922072FE21D,2026-04-23,DEV_0401B121B012,high,tier2,NONE,False,False,normal
ACC_279F9FD91CED,2026-03-20,DEV_4AF460AE0F25,medium,tier1,NONE,False,False,salary_disburser
ACC_5850DA18BAF7,2026-03-31,DEV_CABB04B2421C,high,tier1,NONE,False,False,normal
ACC_91F2D079B5A5,2026-04-18,DEV_A7C4D0EE379E,high,tier3,NONE,False,False,normal
ACC_1400C99250E9,2026-03-15,DEV_2D68639C67DE,medium,tier3,NONE,False,False,normal
ACC_B2556410FD44,2026-04-16,DEV_80EC2AC71FA7,medium,tier2,NONE,False,False,normal
ACC_0E7DD264BE5E,2026-04-22,DEV_6A3E9E8EFEF8,medium,tier3,NONE,False,False,normal
ACC_67CE5AB4142A,2026-04-18,DEV_04607A1BA9A0,medium,tier2,NONE,False,False,normal
ACC_FC8C21AA7DC5,2026-03-22,DEV_09C351FEB3D3,low,tier2,NONE,False,False,normal
ACC_E0FB35BD7221,2026-04-14,DEV_DCF780320129,medium,tier3,NONE,False,False,normal
ACC_9C808CD35D2D,2026-04-09,DEV_D59C42BBC1AD,low,tier3,NONE,False,False,normal
ACC_DE9723B761D0,2026-04-21,DEV_9EDFDF5F45E9,high,tier2,NONE,False,False,normal
ACC_73B3EA5425C5,2026-04-16,DEV_CC7A19C4298F,high,tier3,NONE,False,False,normal
ACC_48A52D8C3200,2026-03-04,DEV_8576B204F6DF,medium,tier1,NONE,False,False,normal
ACC_8FE1A35DB42B,2026-04-03,DEV_D8F6B233BA38,medium,tier2,NONE,False,False,normal
ACC_505D2CDC0DD8,2026-03-09,DEV_AAC66CAE5166,low,tier1,NONE,False,False,normal
ACC_E97170D75B8E,2026-04-11,DEV_4AEAC1D00CE1,high,tier3,NONE,False,False,normal
ACC_D201D54F180A,2026-04-23,DEV_96AF0D6C1410,medium,tier1,NONE,False,False,normal
ACC_9112D32B4A15,2026-03-19,DEV_EA26BAE58799,medium,tier2,NONE,False,False,normal
ACC_5BA740F666C1,2026-03-24,DEV_F043F8AB1A68,high,tier2,NONE,False,False,normal
ACC_05D154FD544C,2026-04-11,DEV_5B8320B0882E,low,tier3,NONE,False,False,normal
ACC_5AE655161E81,2026-03-22,DEV_444D08D190EA,low,tier1,NONE,False,False,normal
ACC_A1C2F9171CED,2026-03-18,DEV_A9F8ADB8D478,high,tier1,NONE,False,False,normal
ACC_A6A47FC5E52D,2026-04-28,DEV_0FE410E2791C,medium,tier2,NONE,False,False,normal
ACC_FCE9F533410D,2026-03-20,DEV_3957016EA495,high,tier2,NONE,False,False,normal
ACC_2DBC99B8E8DA,2026-03-25,DEV_11A4293F3F55,low,tier1,NONE,False,False,normal
ACC_9E54BDB30323,2026-04-13,DEV_9FF804861ACF,medium,tier2,NONE,False,False,normal
ACC_F3942195375A,2026-04-13,DEV_F743B74F09CA,low,tier2,NONE,False,False,normal
ACC_A3411CF1F236,2026-03-04,DEV_FEBACF013248,low,tier2,NONE,False,False,normal
ACC_E846FDE225C9,2026-04-24,DEV_E2505B36CDF0,medium,tier1,NONE,False,False,normal
ACC_E3A34BBBE672,2026-04-21,DEV_17BD7460426B,medium,tier2,NONE,False,False,normal
ACC_C5C7D694492F,2026-03-06,DEV_2FD8D0264CAE,low,tier2,NONE,False,False,normal
ACC_3C36F651319D,2026-03-25,DEV_66B58141484C,medium,tier1,NONE,False,False,normal
ACC_7DC9D5EC8EC5,2026-04-20,DEV_A483A9F6C45B,low,tier2,NONE,False,False,salary_disburser
ACC_1FFCFF74A3A7,2026-04-06,DEV_065BE46FD220,high,tier2,NONE,False,False,normal
ACC_946B7934577D,2026-03-13,DEV_861AC411D76A,medium,tier3,NONE,False,False,normal
ACC_2009A519A096,2026-04-20,DEV_FD93AC3D3D2D,medium,tier1,NONE,False,False,normal
ACC_A4FB25DEF6D6,2026-03-03,DEV_B3B81D0073AB,medium,tier2,NONE,False,False,normal
ACC_0ABD9D40C848,2026-04-18,DEV_65D03B3BF452,medium,tier1,NONE,False,False,normal
ACC_58E16F6AAEC0,2026-04-13,DEV_6944F000797C,medium,tier2,NONE,False,False,normal
ACC_7649DA7CDD8E,2026-03-15,DEV_6C396B9DE6B9,medium,tier1,NONE,False,False,normal
ACC_F3B5D6A91BF9,2026-04-01,DEV_140D5214BBCF,high,tier1,NONE,False,False,normal
ACC_603CBC60139D,2026-04-29,DEV_4E6EDCC8B04A,high,tier1,NONE,False,False,normal
ACC_B10831DEB2CC,2026-04-29,DEV_0BD9DA8920F8,medium,tier3,NONE,False,False,normal
ACC_B1AEEE2EC105,2026-04-08,DEV_432D62D101C1,low,tier1,NONE,False,False,normal
ACC_848A0DA1F828,2026-04-05,DEV_FDB8B4D03C3D,medium,tier3,NONE,False,False,normal
ACC_D10861219A42,2026-04-21,DEV_377722BCF609,high,tier2,NONE,False,False,salary_disburser
ACC_FE51CFAB21D8,2026-03-22,DEV_B3BC1C246AE1,medium,tier2,NONE,False,False,normal
ACC_C84FFC08F16D,2026-03-26,DEV_D2933E6E74E7,high,tier3,NONE,False,False,normal
ACC_B8F264FE0424,2026-03-18,DEV_CE82C67BBCE9,high,tier1,NONE,False,False,normal
ACC_B7304BDA8BBD,2026-04-26,DEV_F5DA5C382F16,high,tier1,NONE,False,False,normal
ACC_6DEFB99AE587,2026-04-14,DEV_2283D834E5A7,low,tier2,NONE,False,False,normal
ACC_82D22D2EF693,2026-03-16,DEV_A81264FDE80C,low,tier3,NONE,False,False,normal
ACC_EF4AA20B3FC8,2026-04-02,DEV_78110C728249,medium,tier1,NONE,False,False,normal
ACC_F3EE36B2BD40,2026-03-16,DEV_C1A3DE9D57FF,high,tier2,NONE,False,False,normal
ACC_5B2251DF8A35,2026-04-14,DEV_AC71045532DD,high,tier1,NONE,False,False,normal
ACC_45E084B224C8,2026-03-19,DEV_A2FD056D917E,low,tier1,NONE,False,False,normal
ACC_C0147D62E356,2026-04-30,DEV_94363BD4E7DA,high,tier2,NONE,False,False,normal
ACC_90372294D978,2026-03-12,DEV_038B10C089F0,low,tier2,NONE,False,False,normal
ACC_0A24CC419CA0,2026-03-27,DEV_895657132985,high,tier3,NONE,False,False,normal
ACC_FD5F26A7AE83,2026-04-27,DEV_7E806866B9AD,medium,tier3,NONE,False,False,normal
ACC_5BDB68E9D8B3,2026-03-03,DEV_AD1920254052,low,tier2,NONE,False,False,normal
ACC_8548A1126314,2026-04-14,DEV_C2522BEFFDEC,high,tier3,NONE,False,False,normal
ACC_FB7A6ED5325A,2026-04-21,DEV_0BB57D584809,low,tier3,NONE,False,False,normal
ACC_6D8A10F5B907,2026-03-13,DEV_217302011FB5,low,tier3,NONE,False,False,normal
ACC_BA9185EE9941,2026-04-17,DEV_89AA5A832047,high,tier1,NONE,False,False,normal
ACC_145AEF3934C5,2026-04-13,DEV_2566B7A7AC5A,medium,tier2,NONE,False,False,normal
ACC_3C37FDAB73E2,2026-03-27,DEV_DCA6E136D6CB,high,tier1,NONE,False,False,salary_disburser
ACC_B87346B5949E,2026-04-27,DEV_E3DB8E3CBA9C,high,tier3,NONE,False,False,normal
ACC_8EF42F350BB4,2026-04-03,DEV_D14F5D16C0DD,high,tier2,NONE,False,False,normal
ACC_77DC63400B6C,2026-04-13,DEV_3A1592391B99,high,tier2,NONE,False,False,normal
ACC_81AFC5494544,2026-03-21,DEV_AA5C1BEB04C2,medium,tier3,NONE,False,False,normal
ACC_BF75F3FEB2AF,2026-03-16,DEV_B743DC334108,high,tier3,NONE,False,False,normal
ACC_708C8DE92592,2026-03-29,DEV_0658CF57C2C4,medium,tier1,NONE,False,False,normal
ACC_A29F80C106D3,2026-03-10,DEV_65B90C0617B4,low,tier1,NONE,False,False,normal
ACC_229A07E17D6C,2026-03-13,DEV_5366EBC0CC9B,medium,tier2,NONE,False,False,normal
ACC_63A20ADFBC30,2026-03-13,DEV_E73185A5D46E,low,tier3,NONE,False,False,normal
ACC_85B28940B124,2026-04-25,DEV_2A63EE16691A,low,tier1,NONE,False,False,normal
ACC_7EF301237096,2026-04-29,DEV_6A3AB536701A,high,tier3,NONE,False,False,normal
ACC_656FCF8E0451,2026-04-22,DEV_FA3D7AC3E0D9,low,tier2,NONE,False,False,normal
ACC_128A6C5E2216,2026-03-13,DEV_FC1C3314C455,low,tier2,NONE,False,False,normal
ACC_EE939BA88C46,2026-03-18,DEV_F6AD33BBA044,medium,tier1,NONE,False,False,normal
ACC_EB7403D77353,2026-03-05,DEV_8E53755A7B16,medium,tier2,NONE,False,False,normal
ACC_A4C5F888F33B,2026-03-31,DEV_D23D5304028F,high,tier1,NONE,False,False,normal
ACC_A94110BC5631,2026-03-25,DEV_01157EA07AA5,low,tier3,NONE,False,False,normal
ACC_FB1FA2C975A6,2026-03-23,DEV_A096749C3060,low,tier3,NONE,False,False,normal
ACC_AE68DA6D6953,2026-04-16,DEV_82DA1E81AE7F,low,tier2,NONE,False,False,normal
ACC_2D052EE127E0,2026-03-02,DEV_670B8A93347F,low,tier1,NONE,False,False,normal
ACC_6D1E768FBB80,2026-04-10,DEV_5D8772B4217F,high,tier1,NONE,False,False,normal
ACC_C005C32B7D3D,2026-04-14,DEV_8F95572BD5B1,low,tier1,NONE,False,False,normal
ACC_9125238207B5,2026-04-01,DEV_D5F915A43207,low,tier3,NONE,False,False,normal
ACC_055A7FA26FE6,2026-03-17,DEV_8CD06DB1D068,low,tier1,NONE,False,False,normal
ACC_0DE654FEAD73,2026-03-31,DEV_D3295FBFAF0C,medium,tier2,NONE,False,False,normal
ACC_BAF40D795A96,2026-04-22,DEV_B662D9A19C05,low,tier3,NONE,False,False,normal
ACC_643908D0E269,2026-04-29,DEV_173CE0981BF6,high,tier1,NONE,False,False,normal
ACC_6D39AE94763C,2026-03-04,DEV_CB809C814A3B,low,tier1,NONE,False,False,normal
ACC_BA610AF7FC8E,2026-04-21,DEV_372EAC3EBAB4,medium,tier3,NONE,False,False,normal
ACC_34B07062A5B5,2026-04-10,DEV_267D25159C17,high,tier2,NONE,False,False,normal
ACC_BB355E26DE42,2026-03-18,DEV_4BB56999A821,high,tier2,NONE,False,False,normal
ACC_2E1706CB2607,2026-03-15,DEV_F7C083BC3B28,medium,tier1,NONE,False,False,normal
ACC_240E10CD562A,2026-04-22,DEV_ACCEA3C162F1,medium,tier3,NONE,False,False,normal
ACC_167F09C104D9,2026-04-25,DEV_D1605F40F712,low,tier3,NONE,False,False,normal
ACC_32E3C205718E,2026-05-01,DEV_5A1F7480D6E6,low,tier2,NONE,False,False,normal
ACC_8385B3857B8A,2026-03-13,DEV_93347CB8C0DF,high,tier2,NONE,False,False,normal
ACC_8C0599C4B1B0,2026-04-17,DEV_52EEB08FAEAA,low,tier3,NONE,False,False,normal
ACC_3A256AA09760,2026-04-08,DEV_9430754499E5,low,tier3,NONE,False,False,normal
ACC_19F6EAD09AA7,2026-03-13,DEV_2EC82CBE71C6,high,tier2,NONE,False,False,normal
ACC_C8702FEF4269,2026-04-24,DEV_036CCFAF8F56,high,tier3,NONE,False,False,normal
ACC_5A8BBAA899BB,2026-03-06,DEV_52F1B00A1218,high,tier3,NONE,False,False,normal
ACC_4FFA110233B8,2026-04-12,DEV_16B1D3AF5182,medium,tier1,NONE,False,False,normal
ACC_5D1EA5864BD8,2026-03-30,DEV_69DACF11EC49,low,tier1,NONE,False,False,salary_disburser
ACC_3485712D95DF,2026-04-25,DEV_63B97E8EE652,high,tier1,NONE,False,False,normal
ACC_18697B1F39E9,2026-03-27,DEV_2B5AB3E012BC,low,tier3,NONE,False,False,normal
ACC_43B793288E0F,2026-04-23,DEV_7E19E3C2C3A3,medium,tier2,NONE,False,False,normal
ACC_D606064B3F75,2026-03-21,DEV_FBBBEED33435,medium,tier3,NONE,False,False,normal
ACC_8D15C49D8E3C,2026-03-17,DEV_78F1A58F48C8,high,tier2,NONE,False,False,normal
ACC_A780322C3B69,2026-04-10,DEV_91F9B4D7AD34,low,tier3,NONE,False,False,normal
ACC_3963EDCE0CD8,2026-04-18,DEV_1AB39C23AB4B,low,tier2,NONE,False,False,normal
ACC_F2D1A970888F,2026-04-17,DEV_BF725D918778,medium,tier2,NONE,False,False,normal
ACC_75A79A3AFCC7,2026-04-14,DEV_60E61064BF37,medium,tier3,NONE,False,False,normal
ACC_441AC4AF0C3C,2026-04-06,DEV_21989AA443B0,low,tier3,NONE,False,False,normal
ACC_699296B8AADC,2026-03-09,DEV_9789F205CD47,medium,tier2,NONE,False,False,normal
ACC_BE20D969F6FA,2026-03-31,DEV_ED3BCB8B1CC5,high,tier3,NONE,False,False,normal
ACC_2F1619267FF6,2026-03-06,DEV_F664CBBE82CC,high,tier3,NONE,False,False,normal
ACC_D38B57326AF6,2026-05-01,DEV_66F6B919D4CE,low,tier1,NONE,False,False,normal
ACC_A387A6117336,2026-03-05,DEV_95E1E5B21630,medium,tier3,NONE,False,False,normal
ACC_69A75A93BEB8,2026-04-28,DEV_D3687D29BB99,low,tier2,NONE,False,False,normal
ACC_1E381243D503,2026-03-06,DEV_B08E6A62564A,high,tier3,NONE,False,False,normal
ACC_890E94A55405,2026-03-10,DEV_39F46822AA47,low,tier2,NONE,False,False,normal
ACC_5A6087B0FB4A,2026-04-22,DEV_A8C387C5CB24,low,tier1,NONE,False,False,normal
ACC_4DA1964CE1F5,2026-04-08,DEV_65E3B7EDBFC3,medium,tier3,NONE,False,False,normal
ACC_5F4E077FB483,2026-04-25,DEV_9D2C343818EE,low,tier1,NONE,False,False,normal
ACC_13931FA79BD0,2026-04-12,DEV_DEAD62F0A43B,low,tier1,NONE,False,False,normal
ACC_EB79ADC568C1,2026-04-02,DEV_9EA8409367D0,high,tier1,NONE,False,False,normal
ACC_1027D95248DF,2026-03-08,DEV_BD81FB4A23B5,medium,tier1,NONE,False,False,normal
ACC_C672EE45BCB6,2026-03-23,DEV_AC42A8BCF5E5,medium,tier3,NONE,False,False,normal
ACC_ADF6D8BFDD9D,2026-04-15,DEV_10E2FD1B1FAF,low,tier1,NONE,False,False,salary_disburser
ACC_075283FA3DAA,2026-04-14,DEV_C4DBB2341694,high,tier1,NONE,False,False,normal
ACC_33B55279BA89,2026-05-01,DEV_8883E8AF64F6,low,tier3,NONE,False,False,normal
ACC_D72C6CD23710,2026-03-17,DEV_B848A0515E66,low,tier1,NONE,False,False,normal
ACC_092252E79BF6,2026-04-21,DEV_84E6DB006187,high,tier2,NONE,False,False,normal
ACC_96327A04AAB7,2026-03-23,DEV_85CA35B46B6A,high,tier1,NONE,False,False,normal
ACC_B147C9444A73,2026-04-08,DEV_01F24FA3CE28,high,tier2,NONE,False,False,normal
ACC_665FE6BD19DF,2026-04-25,DEV_BEF6369BC23C,high,tier1,NONE,False,False,normal
ACC_CA03BEFD2CDC,2026-03-14,DEV_0381B09F0764,high,tier3,NONE,False,False,normal
ACC_30505FF256AE,2026-03-05,DEV_F78D627A556E,low,tier3,NONE,False,False,normal
ACC_07E2C47B0D2C,2026-04-09,DEV_FDDA23911EA5,low,tier2,NONE,False,False,normal
ACC_5B40001567DC,2026-03-26,DEV_B015BFE84C4F,medium,tier3,NONE,False,False,normal
ACC_301FC81BF7E0,2026-03-17,DEV_E3B60ED82E96,low,tier2,NONE,False,False,normal
ACC_4D2B684591ED,2026-04-06,DEV_9B4A655414AC,low,tier1,NONE,False,False,normal
ACC_F3B70BE22941,2026-03-05,DEV_7DA386904721,medium,tier1,NONE,False,False,normal
ACC_0E9C1CE6AD8B,2026-03-06,DEV_6C6C60C1BF69,medium,tier2,NONE,False,False,normal
ACC_53E0813727C3,2026-04-01,DEV_24CB77BC6203,low,tier1,NONE,False,False,normal
ACC_D38835AF6B66,2026-04-25,DEV_6685E665857D,medium,tier2,NONE,False,False,normal
ACC_4802546961C8,2026-04-03,DEV_2AAC49C68B2B,medium,tier3,NONE,False,False,normal
ACC_2A788777B58F,2026-04-18,DEV_4FACD7F98306,low,tier3,NONE,False,False,normal
ACC_6F20A495D94C,2026-04-08,DEV_A899875AE469,medium,tier2,NONE,False,False,normal
ACC_69CB4D301ACD,2026-04-04,DEV_EEFFB2C50BA3,low,tier2,NONE,False,False,normal
ACC_7A40D7DDDFAD,2026-03-20,DEV_5DDA86311C30,high,tier3,NONE,False,False,salary_disburser
ACC_A8A11BBC3459,2026-04-01,DEV_5899E7B029CC,high,tier2,NONE,False,False,normal
ACC_0BDA5EBB4921,2026-04-07,DEV_FDF2DDEC75AE,low,tier1,NONE,False,False,normal
ACC_33B3B08F1723,2026-03-20,DEV_670B74675307,medium,tier2,NONE,False,False,normal
ACC_ABC8735ACF6A,2026-03-13,DEV_ECC5BFC763F1,low,tier2,NONE,False,False,normal
ACC_45E893A87CCF,2026-04-21,DEV_C12E9D3004A9,high,tier3,NONE,False,False,normal
ACC_B5618F174132,2026-04-19,DEV_F1D13032E3EE,high,tier3,NONE,False,False,normal
ACC_CF6224DA1D61,2026-04-01,DEV_C1375E60EAAC,high,tier2,NONE,False,False,normal
ACC_49F2D5CA1B4C,2026-03-24,DEV_D05EC377481C,medium,tier2,NONE,False,False,normal
ACC_D51F5309D9CB,2026-04-10,DEV_672314AEE058,high,tier3,NONE,False,False,normal
ACC_7DA0DE40518D,2026-03-27,DEV_A1555A44DCE5,high,tier3,NONE,False,False,normal
ACC_465FC242F444,2026-03-30,DEV_AADCFBCEFBF9,medium,tier2,NONE,False,False,normal
ACC_CD31301CD801,2026-04-09,DEV_D387DA20F805,low,tier1,NONE,False,False,normal
ACC_BA5D43AB7E23,2026-03-05,DEV_CA0DEF9027ED,high,tier3,NONE,False,False,normal
ACC_EFBDF4762528,2026-04-23,DEV_A8884A296C30,high,tier1,NONE,False,False,normal
ACC_509994018720,2026-04-21,DEV_58004A99C664,medium,tier3,NONE,False,False,normal
ACC_167477002423,2026-03-20,DEV_CCC90A60FDC6,high,tier2,NONE,False,False,normal
ACC_BA70CD46EA0D,2026-03-15,DEV_86CE16B7F55D,low,tier3,NONE,False,False,normal
ACC_009B46B36CA9,2026-04-09,DEV_6D1A6E9C9B0F,low,tier2,NONE,False,False,normal
ACC_03CA496F09E1,2026-03-23,DEV_29D7E333324B,medium,tier3,NONE,False,False,normal
ACC_05F3179CDBF2,2026-04-17,DEV_FF6298C4BB11,low,tier3,NONE,False,False,normal
ACC_5ED6393D0F12,2026-03-15,DEV_B4A1993BDBDC,high,tier3,NONE,False,False,normal
ACC_A157E1228506,2026-03-12,DEV_2FB6819ECCCC,high,tier2,NONE,False,False,normal
ACC_71E451B8EEA6,2026-03-30,DEV_B026BF0FC091,low,tier1,NONE,False,False,normal
ACC_230BED946346,2026-03-24,DEV_3176301A1F84,low,tier3,NONE,False,False,normal
ACC_FF1699721856,2026-03-24,DEV_396EDF705818,low,tier1,NONE,False,False,normal
ACC_7B6B096ECACB,2026-04-26,DEV_6A4048A52BB4,low,tier1,NONE,False,False,normal
ACC_165028DC32C8,2026-04-16,DEV_D490BDEA07A3,high,tier3,NONE,False,False,normal
ACC_18D3BD836695,2026-03-31,DEV_C3233475F172,low,tier1,NONE,False,False,normal
ACC_AB8DCD94D0A0,2026-03-11,DEV_28C5D913C5D1,low,tier1,NONE,False,False,normal
ACC_9C8DB77A4D77,2026-04-21,DEV_6A42B3F519FA,low,tier3,NONE,False,False,normal
ACC_08C90A596026,2026-03-16,DEV_3E8A092F3EC9,low,tier3,NONE,False,False,normal
ACC_AA1706288F3A,2026-04-08,DEV_2769BF6AB23D,medium,tier3,NONE,False,False,normal
ACC_51231F0C3873,2026-03-14,DEV_DC1DA163E63C,medium,tier2,NONE,False,False,normal
ACC_5780DC841808,2026-04-03,DEV_DAF75BAFB491,medium,tier1,NONE,False,False,normal
ACC_759A7A2E974F,2026-04-14,DEV_5ED065496D70,medium,tier1,NONE,False,False,normal
ACC_DF4E02447ADA,2026-03-14,DEV_D563549FF31D,high,tier2,NONE,False,False,normal
ACC_E8DCEF1C7805,2026-04-06,DEV_8ABC7D8B127A,high,tier3,NONE,False,False,normal
ACC_573B6C88C047,2026-03-26,DEV_67A6AAA7861C,high,tier1,NONE,False,False,normal
ACC_3F83E4B26AE1,2026-03-22,DEV_D36B2B1A3EA1,low,tier3,NONE,False,False,normal
ACC_966317B17345,2026-04-02,DEV_60B84DF4DC5B,medium,tier3,NONE,False,False,normal
ACC_191A1647730C,2026-03-18,DEV_D034F38A0715,low,tier3,NONE,False,False,normal
ACC_0BED1F9A5CDA,2026-05-01,DEV_FF939961C2CC,high,tier3,NONE,False,False,normal
ACC_BC47CCCBF617,2026-04-08,DEV_42B8FAFF4076,medium,tier2,NONE,False,False,normal
ACC_492512D24EB1,2026-03-31,DEV_A68532696079,medium,tier2,NONE,False,False,salary_disburser
ACC_2B93C5FAD10F,2026-03-26,DEV_582AB7C33D67,high,tier3,NONE,False,False,normal
ACC_C52308E3D877,2026-04-02,DEV_EFEE01B627C3,medium,tier2,NONE,False,False,normal
ACC_DA0ACCC77454,2026-03-03,DEV_E52DBA01FDFD,high,tier2,NONE,False,False,normal
ACC_9862C5F5F7D7,2026-04-12,DEV_B2A2D192C10F,low,tier1,NONE,False,False,normal
ACC_9466353C06E3,2026-04-26,DEV_DD9366EE60C3,medium,tier3,NONE,False,False,normal
ACC_C1524A2D9804,2026-03-24,DEV_AC064E6BAEAA,high,tier3,NONE,False,False,normal
ACC_AF397F1A2D5D,2026-04-27,DEV_05251F3B0E20,medium,tier3,NONE,False,False,normal
ACC_952449E30C4F,2026-03-25,DEV_B19444F9C22F,low,tier1,NONE,False,False,normal
ACC_026A84233D8C,2026-04-08,DEV_F363F5B3B02D,low,tier1,NONE,False,False,normal
ACC_CEAEA6519C3B,2026-03-07,DEV_6FD823A742BC,medium,tier2,NONE,False,False,normal
ACC_D1C3B27887C2,2026-04-30,DEV_A0489A7745EE,high,tier2,NONE,False,False,normal
ACC_B4C098ADE6DD,2026-04-08,DEV_F199132BB091,high,tier2,NONE,False,False,normal
ACC_8165C489C89F,2026-04-13,DEV_8A4F2A1785EE,low,tier2,NONE,False,False,salary_disburser
ACC_858083748255,2026-03-08,DEV_085835256968,low,tier2,NONE,False,False,normal
ACC_1A6EBEC42149,2026-03-14,DEV_627517A12D10,low,tier2,NONE,False,False,normal
ACC_B59384870843,2026-03-02,DEV_0BD74599BF40,medium,tier2,NONE,False,False,normal
ACC_C05FC96A2D5C,2026-03-03,DEV_235402DE32F1,high,tier1,NONE,False,False,normal
ACC_CD390978315F,2026-04-15,DEV_1A22EDD5699C,high,tier1,NONE,False,False,normal
ACC_DADA5FB628BF,2026-03-12,DEV_58537A99F792,medium,tier3,NONE,False,False,normal
ACC_58C3E6FC34CC,2026-04-15,DEV_0D9BFEF002F3,low,tier1,NONE,False,False,normal
ACC_3B06AE2036B9,2026-03-24,DEV_EEFEAD2F9FA5,low,tier3,NONE,False,False,normal
ACC_B81F39B00BDF,2026-03-05,DEV_C00E62EA577F,medium,tier2,NONE,False,False,normal
ACC_6A28CA2C5204,2026-03-04,DEV_83BC1E889D73,low,tier2,NONE,False,False,normal
ACC_0DB687D5C42B,2026-04-13,DEV_FE96BF200D74,high,tier1,NONE,False,False,normal
ACC_AAF1547718FA,2026-03-06,DEV_7FA369CC2B0A,low,tier3,NONE,False,False,normal
ACC_B7636F315CED,2026-04-22,DEV_3A825BA8252C,high,tier1,NONE,False,False,normal
ACC_40546F793A50,2026-04-09,DEV_59EEC8D76EA2,medium,tier3,NONE,False,False,normal
ACC_BB515601E04E,2026-04-06,DEV_B93625AB994D,low,tier3,NONE,False,False,normal
ACC_317B19DEE231,2026-04-28,DEV_C37D5136221F,low,tier1,NONE,False,False,normal
ACC_A4ABAE8419EF,2026-04-21,DEV_28846A7E09DA,high,tier3,NONE,False,False,normal
ACC_7AA76BDB3463,2026-04-09,DEV_FC19786C8026,low,tier3,NONE,False,False,normal
ACC_F8ED770AA4BD,2026-04-17,DEV_9C5310AE615A,low,tier2,NONE,False,False,normal
ACC_6C4633962A82,2026-03-05,DEV_2D7A0F8D21DF,high,tier3,NONE,False,False,salary_disburser
ACC_1910F6B3887A,2026-04-19,DEV_F52EDFDCDBF6,medium,tier2,NONE,False,False,normal
ACC_A0EAC063BB03,2026-04-25,DEV_A625304EC103,medium,tier1,NONE,False,False,normal
ACC_FC2F1CB01890,2026-03-11,DEV_F5933897CDAB,high,tier2,NONE,False,False,normal
ACC_8A5E1D22F3DE,2026-04-14,DEV_1D2F00D8943A,low,tier1,NONE,False,False,normal
ACC_8B61B68E26E1,2026-03-04,DEV_D7926C672CB9,medium,tier2,NONE,False,False,normal
ACC_663145BED18D,2026-04-14,DEV_7574C4A1BE6F,low,tier2,NONE,False,False,normal
ACC_5D4E5EB3CFFE,2026-03-20,DEV_BE144F04539F,low,tier1,NONE,False,False,normal
ACC_26F5AB8B2D1C,2026-03-16,DEV_1217E2ADB99B,high,tier1,NONE,False,False,normal
ACC_F0809DF4D14D,2026-04-03,DEV_5A960F8B9C69,high,tier3,NONE,False,False,normal
ACC_4DC80A28689E,2026-03-24,DEV_50BD87D9F664,low,tier2,NONE,False,False,normal
ACC_5D35602323CE,2026-04-06,DEV_A56F423C920D,low,tier3,NONE,False,False,normal
ACC_8C05341C994C,2026-04-20,DEV_AB4A6AF338FC,medium,tier2,NONE,False,False,normal
ACC_CAC7273D27E1,2026-03-30,DEV_C40C891676CA,high,tier1,NONE,False,False,normal
ACC_E3A37C9CF9BC,2026-04-26,DEV_86A2D4891A5E,low,tier3,NONE,False,False,normal
ACC_A1D848EA3164,2026-04-16,DEV_28E6CE72E8E1,low,tier2,NONE,False,False,normal
ACC_11B29F25EF95,2026-03-09,DEV_2C9729E40FED,medium,tier1,NONE,False,False,normal
ACC_62C0621FF0D1,2026-04-22,DEV_BD3BBC8B052D,high,tier1,NONE,False,False,normal
ACC_EF48E206FFE3,2026-03-02,DEV_618F24DAAC2D,low,tier2,NONE,False,False,normal
ACC_0425C1C38BDF,2026-04-25,DEV_F067088C89D4,high,tier1,NONE,False,False,normal
ACC_BD43784EB5A7,2026-04-13,DEV_6EE444B9CE9C,high,tier3,NONE,False,False,normal
ACC_0462DCA32243,2026-03-13,DEV_A2891122D40B,low,tier3,NONE,False,False,normal
ACC_AFBFB3CC82F1,2026-03-28,DEV_0B6D1C9E6CFA,low,tier1,NONE,False,False,normal
ACC_E624627938CE,2026-04-22,DEV_B4E4A673F2C8,medium,tier3,NONE,False,False,normal
ACC_5AEE2F3060CD,2026-03-20,DEV_57FCB005BF47,medium,tier1,NONE,False,False,normal
ACC_AE995AAAB1E1,2026-04-25,DEV_E4C0923A3695,high,tier1,NONE,False,False,normal
ACC_D44779FAC061,2026-03-07,DEV_98F5047F08C0,medium,tier1,NONE,False,False,normal
ACC_D93530620C83,2026-03-26,DEV_E81CB04B06B6,high,tier2,NONE,False,False,normal
ACC_B76BF595A244,2026-04-16,DEV_B81DA9188DBC,low,tier3,NONE,False,False,normal
ACC_0A2736F213C2,2026-04-22,DEV_392038A6B322,high,tier3,NONE,False,False,normal
ACC_FC121685869D,2026-03-06,DEV_F906DFE91149,medium,tier3,NONE,False,False,normal
ACC_145E54E91ABD,2026-04-14,DEV_A4E2B1D944DC,medium,tier2,NONE,False,False,normal
ACC_87E10F5A60A6,2026-03-23,DEV_3930A61620B9,low,tier1,NONE,False,False,normal
ACC_3DF20ACC43DD,2026-03-29,DEV_753B244D6AE4,high,tier2,NONE,False,False,normal
ACC_19C485AEC7FB,2026-03-08,DEV_14E71C1B1DAD,medium,tier1,NONE,False,False,salary_disburser
ACC_79A4F3218753,2026-04-03,DEV_5C7E7CA12465,low,tier3,NONE,False,False,normal
ACC_08494D6A5894,2026-03-04,DEV_82D2C505BFCB,medium,tier2,NONE,False,False,normal
ACC_59BE46BA0E68,2026-03-29,DEV_93BE6E7C99C9,medium,tier2,NONE,False,False,normal
ACC_8799D8390594,2026-04-14,DEV_EC0A7D5C6E6A,medium,tier2,NONE,False,False,normal
ACC_C0FD7B0705F3,2026-04-02,DEV_DD4B821EA2F3,medium,tier1,NONE,False,False,normal
ACC_E4FD78D4C1F0,2026-03-02,DEV_C4D36AF9092B,high,tier1,NONE,False,False,normal
ACC_B73EB0830F96,2026-04-26,DEV_74C16E8BBEDD,low,tier3,NONE,False,False,normal
ACC_2CD0AC6AA1CB,2026-03-12,DEV_37EC81F6B312,low,tier2,NONE,False,False,normal
ACC_DC9A50728F22,2026-03-27,DEV_21B74B2AAA69,low,tier3,NONE,False,False,normal
ACC_3A078A5319AD,2026-04-02,DEV_3BA8593D35E1,high,tier3,NONE,False,False,normal
ACC_EB83883B5CF3,2026-03-15,DEV_E7E81DABC534,medium,tier3,NONE,False,False,normal
ACC_D537689F4F47,2026-05-01,DEV_95656841AD20,high,tier1,NONE,False,False,normal
ACC_956324D5E4E6,2026-03-05,DEV_99F68D015FEB,medium,tier3,NONE,False,False,normal
ACC_B7F2205838AE,2026-03-08,DEV_47A68646DA44,medium,tier1,NONE,False,False,normal
ACC_0B97A866CB07,2026-04-07,DEV_86BB81F54C3B,low,tier3,NONE,False,False,normal
ACC_FF8BECBA4ADC,2026-03-07,DEV_3AE2DC1F92E0,low,tier2,NONE,False,False,normal
ACC_682F2B34076A,2026-03-28,DEV_2755BD76C9FD,medium,tier2,NONE,False,False,normal
ACC_8980CD07AB0A,2026-03-13,DEV_E28382A1B0DD,low,tier1,NONE,False,False,normal
ACC_17030743A3E8,2026-04-05,DEV_B9FA2EE9679B,low,tier3,NONE,False,False,normal
ACC_FD9E6F05CABA,2026-04-27,DEV_40E1FE4E510D,low,tier1,NONE,False,False,normal
ACC_F6B006F200AA,2026-04-26,DEV_FC7BB6874AC9,low,tier2,NONE,False,False,normal
ACC_C90EEB513CA5,2026-03-09,DEV_0889EBB9BA9A,medium,tier2,NONE,False,False,normal
ACC_A6A221227078,2026-03-19,DEV_65777561FBC8,medium,tier1,NONE,False,False,normal
ACC_1FBF238945E1,2026-03-21,DEV_9B93B6259076,low,tier2,NONE,False,False,normal
ACC_B752E420FDF8,2026-03-21,DEV_A0C476ABF701,medium,tier2,NONE,False,False,normal
ACC_B832EE0B4F94,2026-04-18,DEV_951729746CFD,low,tier3,NONE,False,False,normal
ACC_296FE4644621,2026-04-14,DEV_356D6BACBC72,low,tier1,NONE,False,False,normal
ACC_DAE87A39B4FE,2026-04-26,DEV_1E18D305BB05,low,tier2,NONE,False,False,normal
ACC_2A8FFBF1EEE0,2026-03-21,DEV_3865391A8BBA,medium,tier2,NONE,False,False,salary_disburser
ACC_A6C33169741D,2026-03-29,DEV_A2AF18965C23,medium,tier3,NONE,False,False,normal
ACC_D1C1BA8A4586,2026-03-16,DEV_927CFC6806A2,high,tier3,NONE,False,False,normal
ACC_89024094DD44,2026-03-27,DEV_ACC480DB129B,low,tier1,NONE,False,False,normal
ACC_6A6B851AF5CB,2026-04-21,DEV_70DBF471B6A7,high,tier3,NONE,False,False,normal
ACC_2F4A255AF981,2026-03-08,DEV_9B3D23E28A6F,high,tier3,NONE,False,False,normal
ACC_6B24EEEF5637,2026-04-09,DEV_2C3A69004463,low,tier1,NONE,False,False,normal
ACC_D53039802F90,2026-03-07,DEV_E9A885A0A5D6,medium,tier2,NONE,False,False,normal
ACC_1B6E8B22276C,2026-03-17,DEV_42122980052F,low,tier1,NONE,False,False,normal
ACC_13E08FCA8D2A,2026-03-17,DEV_C30C4601FAFE,low,tier3,NONE,False,False,normal
ACC_B450DE3B0F79,2026-04-28,DEV_E6FCA2FE50B1,low,tier3,NONE,False,False,salary_disburser
ACC_4B1FE1694E7C,2026-04-08,DEV_9FF5466C7368,medium,tier1,NONE,False,False,normal
ACC_33A4170FF380,2026-03-26,DEV_17B82AD60A1E,high,tier1,NONE,False,False,normal
ACC_07CFE18C0FF0,2026-04-10,DEV_CAD42F014425,low,tier3,NONE,False,False,normal
ACC_2D50F1BC37C3,2026-03-10,DEV_2444ED4C7B94,high,tier2,NONE,False,False,normal
ACC_3C362FA69EF5,2026-03-19,DEV_95C742DC4A28,low,tier2,NONE,False,False,normal
ACC_976251FEFFC0,2026-04-29,DEV_24DDF0C70811,medium,tier3,NONE,False,False,normal
ACC_9A21BA35FF9A,2026-04-03,DEV_5AD2563C8EFB,medium,tier2,NONE,False,False,normal
ACC_BD4923711F2D,2026-03-11,DEV_F58236E7FFDC,high,tier3,NONE,False,False,normal
ACC_AE0D6123848E,2026-03-25,DEV_7054031A8AF6,low,tier3,NONE,False,False,normal
ACC_7DFE9701956B,2026-04-12,DEV_6C7F4DA9E00A,high,tier1,NONE,False,False,normal
ACC_9E94E8905B1F,2026-03-26,DEV_52A947B219FD,high,tier3,NONE,False,False,normal
ACC_2461B6FB8770,2026-03-13,DEV_5CD3EA74613B,high,tier3,NONE,False,False,normal
ACC_311F0782E0B3,2026-04-27,DEV_FCE48FD93712,medium,tier2,NONE,False,False,normal
ACC_D63D402744F8,2026-03-05,DEV_30256F5F3702,medium,tier3,NONE,False,False,normal
ACC_C5B850C064FA,2026-03-17,DEV_30EFD2395031,medium,tier2,NONE,False,False,normal
ACC_BB2CAAB4D950,2026-03-28,DEV_119A288A663D,high,tier3,NONE,False,False,normal
ACC_0D377FB062C9,2026-03-28,DEV_C7E1DF33CD4A,medium,tier2,NONE,False,False,normal
ACC_3BEECFE41F79,2026-03-24,DEV_ECB4B6207AC7,high,tier1,NONE,False,False,normal
ACC_E2E206C116CE,2026-04-02,DEV_0AD2966221AB,high,tier1,NONE,False,False,normal
ACC_4BE003D00DE8,2026-04-30,DEV_AF50ED3FEB62,high,tier3,NONE,False,False,normal
ACC_8A04C22D9D2B,2026-04-10,DEV_873A3F57830B,high,tier3,NONE,False,False,normal
ACC_931BC57DA1AE,2026-04-01,DEV_D4212EE79B42,medium,tier2,NONE,False,False,normal
ACC_345232DE0BE7,2026-03-11,DEV_CE1FEDE78C4E,medium,tier2,NONE,False,False,normal
ACC_D579E141CFDD,2026-03-10,DEV_ABB792C12B51,high,tier2,NONE,False,False,normal
ACC_9F85DDFF1F43,2026-03-10,DEV_7C962DB0C083,low,tier1,NONE,False,False,salary_disburser
ACC_626B35D4B389,2026-04-08,DEV_B3A844279870,medium,tier2,NONE,False,False,normal
ACC_C007755F9F4B,2026-04-24,DEV_B94EE9C92FD8,low,tier1,NONE,False,False,normal
ACC_AC7C1A0CA3F7,2026-04-04,DEV_9B9A3705DAB8,medium,tier3,NONE,False,False,normal
ACC_9BAE0D7142A4,2026-03-20,DEV_2E0C01026306,high,tier3,NONE,False,False,normal
ACC_F5287FE08EB1,2026-04-04,DEV_B698069C7510,medium,tier2,NONE,False,False,normal
ACC_956EDCEB5E20,2026-04-30,DEV_D0BCC6914773,medium,tier2,NONE,False,False,normal
ACC_E7B9893D8E6B,2026-04-16,DEV_E36EEC25CD18,high,tier1,NONE,False,False,normal
ACC_60F75B71DF2C,2026-04-21,DEV_F5143A8E6235,high,tier2,NONE,False,False,normal
ACC_525ECD13B144,2026-03-21,DEV_4189C7467F58,high,tier3,NONE,False,False,normal
ACC_2B828B9546D1,2026-04-24,DEV_58D5C66104E1,medium,tier1,NONE,False,False,normal
ACC_B51BEA9B9B9D,2026-04-23,DEV_272F81FA6B43,low,tier1,NONE,False,False,normal
ACC_60D06989C45C,2026-04-14,DEV_1D24A5C5DBA1,medium,tier2,NONE,False,False,normal
ACC_D8E3D14FF01E,2026-03-19,DEV_D55A2D34ADF8,medium,tier2,NONE,False,False,normal
ACC_239E25A47D27,2026-04-10,DEV_54A16F8B1450,high,tier2,NONE,False,False,normal
ACC_DA5D86C7A047,2026-03-14,DEV_E8BE2FD84D86,high,tier1,NONE,False,False,normal
ACC_03632F2FDB9C,2026-03-19,DEV_C1F127C6B7A7,high,tier3,NONE,False,False,normal
ACC_04DE465BE64E,2026-03-18,DEV_996DE93B044A,low,tier2,NONE,False,False,normal
ACC_B72EAEAC97A5,2026-04-14,DEV_12737DA62D76,low,tier1,NONE,False,False,normal
ACC_A6D498A6A64A,2026-04-22,DEV_7F7B03C7B87D,medium,tier1,NONE,False,False,normal
ACC_3BEB32EC8AB2,2026-03-17,DEV_FEB6ECB5BBBC,low,tier1,NONE,False,False,normal
ACC_94F2D5BB12F3,2026-03-10,DEV_11F24DCEFAAF,high,tier1,NONE,False,False,normal
ACC_CBA2A635AE34,2026-04-07,DEV_95D641A35747,medium,tier1,NONE,False,False,normal
ACC_914F87113ABD,2026-04-26,DEV_D410EC6AB1A8,medium,tier1,NONE,False,False,normal
ACC_CFABA8A9ADAC,2026-04-30,DEV_DB93613BD685,medium,tier1,NONE,False,False,normal
ACC_8B06295290C8,2026-03-10,DEV_FC79F8D1E15A,medium,tier3,NONE,False,False,normal
ACC_C2EE1F782F04,2026-04-13,DEV_3BAC5E108CF7,high,tier2,NONE,False,False,normal
ACC_6B937062FC46,2026-03-17,DEV_CB401A036DD1,low,tier1,NONE,False,False,normal
ACC_EFBD32C58BD4,2026-03-05,DEV_BFBBC972ADB5,low,tier2,NONE,False,False,normal
ACC_BB26FAE399FF,2026-04-10,DEV_2CFBAF9872F2,high,tier1,NONE,False,False,normal
ACC_E9477DCC09EA,2026-04-27,DEV_1B2EB7F920C8,high,tier3,NONE,False,False,normal
ACC_71894B512641,2026-04-13,DEV_F9AC73699EA0,medium,tier2,NONE,False,False,normal
ACC_0B62F26949C1,2026-03-07,DEV_7577962DE58B,low,tier3,NONE,False,False,normal
ACC_51A2B41DB9C2,2026-04-16,DEV_EA359B5A4649,low,tier2,NONE,False,False,normal
ACC_5AD23FB2C069,2026-03-16,DEV_28600543AF46,medium,tier2,NONE,False,False,normal
ACC_F43EA8CC396D,2026-03-05,DEV_4008C145828C,low,tier3,NONE,False,False,normal
ACC_A7D0AE9B9A68,2026-03-12,DEV_7FE49804E144,medium,tier2,NONE,False,False,normal
ACC_732888F12092,2026-04-05,DEV_0259A2C02795,low,tier2,NONE,False,False,normal
ACC_83881C6DD414,2026-03-24,DEV_C13B65D86883,medium,tier2,NONE,False,False,normal
ACC_45CCC4D8C5F9,2026-03-04,DEV_1C5BFF292126,medium,tier3,NONE,False,False,normal
ACC_6F2D4E4D9F6F,2026-03-24,DEV_0E0B84362843,medium,tier2,NONE,False,False,normal
ACC_34EAB7BA21E2,2026-03-17,DEV_DDA5D6F22AD7,high,tier2,NONE,False,False,normal
ACC_250BADAFAABA,2026-03-14,DEV_7B66DFB87852,medium,tier3,NONE,False,False,normal
ACC_96AEB228956C,2026-03-14,DEV_EC2680D9EDBA,high,tier2,NONE,False,False,normal
ACC_2266DBA93EDF,2026-04-29,DEV_4A35B347A653,low,tier2,NONE,False,False,normal
ACC_72D514E4085D,2026-03-25,DEV_10594A745330,medium,tier1,NONE,False,False,normal
ACC_E7C9F3147AF6,2026-03-04,DEV_02C38D380759,medium,tier1,NONE,False,False,normal
ACC_B772700A525A,2026-03-08,DEV_3C70FBC3409C,medium,tier3,NONE,False,False,salary_disburser
ACC_D167964DEDD3,2026-03-05,DEV_B7F71DE2A234,low,tier2,NONE,False,False,normal
ACC_43CAFD391A90,2026-03-07,DEV_5AF7926823AE,low,tier3,NONE,False,False,normal
ACC_8E79970E7DBD,2026-04-08,DEV_43A1178863F3,low,tier3,NONE,False,False,normal
ACC_A0740ED98A4B,2026-04-30,DEV_12ABBCEAAC57,low,tier3,NONE,False,False,normal
ACC_9F0D64EC83D4,2026-03-18,DEV_2726017282A3,medium,tier2,NONE,False,False,normal
ACC_152C0BA1700B,2026-03-28,DEV_3266DF8BDC53,medium,tier3,NONE,False,False,normal
ACC_8ACA10163C30,2026-03-12,DEV_F403AC9D76C8,high,tier1,NONE,False,False,normal
ACC_51287E8226AB,2026-03-24,DEV_FF3D4F3FAECE,low,tier2,NONE,False,False,normal
ACC_DD878C04C133,2026-04-14,DEV_89CE85780501,low,tier1,NONE,False,False,normal
ACC_8416DECD77B7,2026-03-02,DEV_4F2905E9364C,medium,tier1,NONE,False,False,normal
ACC_3E886D001AF6,2026-03-28,DEV_9CA9A87F1AF8,high,tier1,NONE,False,False,normal
ACC_2DE9317B8374,2026-03-13,DEV_9DFEA2EE159B,medium,tier3,NONE,False,False,normal
ACC_19FB00C4999A,2026-04-08,DEV_31660B5BB1A0,medium,tier2,NONE,False,False,normal
ACC_F6407486BD09,2026-04-02,DEV_7B0C8968E8EA,low,tier2,NONE,False,False,normal
ACC_723B1C8A37B7,2026-03-23,DEV_2457BD90DCE8,medium,tier1,NONE,False,False,normal
ACC_A9D15F13A5A2,2026-04-15,DEV_AAD51C596851,medium,tier3,NONE,False,False,normal
ACC_3A59C75E4E9E,2026-04-27,DEV_FCC6B54B073E,low,tier2,NONE,False,False,normal
ACC_D364FD14DFE3,2026-04-07,DEV_367F3842D625,high,tier1,NONE,False,False,normal
ACC_A7E99C932F4F,2026-04-05,DEV_0F195F49CB7A,low,tier3,NONE,False,False,normal
ACC_11B96C8342E3,2026-03-15,DEV_D64D918D2339,medium,tier2,NONE,False,False,normal
ACC_E5F1132B93BF,2026-04-12,DEV_15BF2E68074C,medium,tier1,NONE,False,False,normal
ACC_8135C9751711,2026-04-23,DEV_107B389FF1DD,medium,tier3,NONE,False,False,normal
ACC_E0872030C10A,2026-04-02,DEV_118FC33805EA,low,tier1,NONE,False,False,normal
ACC_0058DBD74C02,2026-04-06,DEV_8A78E108F20B,high,tier2,NONE,False,False,normal
ACC_F9DCF7BA16B5,2026-04-22,DEV_FC08796C49CA,medium,tier3,NONE,False,False,normal
ACC_96336DB825F4,2026-04-27,DEV_3A00C4586D05,medium,tier1,NONE,False,False,normal
ACC_2D46749F833E,2026-04-17,DEV_B6A8DDECEFE9,low,tier1,NONE,False,False,normal
ACC_2292445C7FD3,2026-05-01,DEV_8625DB0F42D2,medium,tier2,NONE,False,False,normal
ACC_7D9C88EDFB5A,2026-03-14,DEV_38AEA30F622D,low,tier2,NONE,False,False,normal
ACC_65616204C9AE,2026-03-04,DEV_93426356D723,high,tier3,NONE,False,False,normal
ACC_AEC3A4F143F0,2026-03-22,DEV_266F5E076E8D,high,tier3,NONE,False,False,normal
ACC_F850677E717B,2026-03-03,DEV_E99D5C967FB7,medium,tier2,NONE,False,False,normal
ACC_FC62E08241AB,2026-03-09,DEV_1DA33D581B2F,high,tier3,NONE,False,False,normal
ACC_9ACF46447215,2026-04-01,DEV_9516A6F858D9,high,tier2,NONE,False,False,normal
ACC_43F9B8B2B0AB,2026-04-20,DEV_3FCFA84E2139,high,tier1,NONE,False,False,normal
ACC_9CA273A73A51,2026-04-15,DEV_8D51EAEB8522,medium,tier3,NONE,False,False,normal
ACC_9738F9CD0B89,2026-03-29,DEV_363480325843,high,tier2,NONE,False,False,normal
ACC_E72B808346A8,2026-03-08,DEV_561BA91F1B0C,low,tier2,NONE,False,False,normal
ACC_CFBE5B0FD21D,2026-04-21,DEV_E8EAEDEC5D77,low,tier3,NONE,False,False,normal
ACC_87CCC24129AB,2026-03-03,DEV_69236D4C5D5A,high,tier1,NONE,False,False,normal
ACC_233573554685,2026-03-19,DEV_C17D8A0CDC6B,low,tier3,NONE,False,False,normal
ACC_E8B049D8C3A3,2026-03-19,DEV_F1CD3B236FE4,high,tier3,NONE,False,False,normal
ACC_70F3F493AB58,2026-04-13,DEV_A4034051536F,high,tier1,NONE,False,False,normal
ACC_48ABBD532413,2026-03-20,DEV_75CBB696111A,high,tier1,NONE,False,False,normal
ACC_9A5CB26F133F,2026-04-03,DEV_42A623AA5143,high,tier1,NONE,False,False,normal
ACC_C96C18C06D82,2026-04-12,DEV_FF7296E343EE,high,tier2,NONE,False,False,normal
ACC_E0FAD2B56FDE,2026-04-09,DEV_D8316A88EB51,low,tier2,NONE,False,False,normal
ACC_3B0077D01481,2026-04-22,DEV_AE321BA2BD89,low,tier2,NONE,False,False,normal
ACC_EB59CEF0EE23,2026-03-28,DEV_D083E1842542,high,tier3,NONE,False,False,normal
ACC_6AC7510794DE,2026-03-22,DEV_729DFEF0D7AA,high,tier2,NONE,False,False,normal
ACC_79AD1103C17A,2026-03-12,DEV_EF6219852A1E,medium,tier1,NONE,False,False,salary_disburser
ACC_C185D79CF965,2026-03-03,DEV_E0FD0B4A134A,low,tier2,NONE,False,False,normal
ACC_D988EDA62800,2026-04-12,DEV_79C082C665E8,medium,tier2,NONE,False,False,normal
ACC_56F364CD53A6,2026-03-17,DEV_83DDBAA0F413,low,tier2,NONE,False,False,normal
ACC_D8C60AF8CB6B,2026-04-01,DEV_AAA121684861,medium,tier2,NONE,False,False,normal
ACC_87CF53F08928,2026-04-06,DEV_F07482195A8C,low,tier3,NONE,False,False,normal
ACC_DB97B0E115D1,2026-03-05,DEV_0D6702AF78C0,medium,tier2,NONE,False,False,normal
ACC_927772C967CC,2026-03-24,DEV_ABC55BEA0885,low,tier2,NONE,False,False,normal
ACC_D0533AD1ED4F,2026-03-15,DEV_9D05FFBE6E37,high,tier2,NONE,False,False,normal
ACC_2C951E6409DB,2026-04-17,DEV_7C6860EA0D9D,medium,tier1,NONE,False,False,normal
ACC_931E7D56DF3F,2026-04-20,DEV_2471028E4B85,high,tier3,NONE,False,False,normal
ACC_9501239E8547,2026-04-13,DEV_FCF64B2203DA,medium,tier3,NONE,False,False,normal
ACC_233F4810D3E1,2026-03-29,DEV_58535AABA999,low,tier3,NONE,False,False,normal
ACC_E8F45E3795B2,2026-04-26,DEV_55883C759614,high,tier2,NONE,False,False,normal
ACC_50B52544A09B,2026-04-29,DEV_45F33E9C1170,high,tier2,NONE,False,False,normal
ACC_A9D201AEF2C1,2026-04-27,DEV_2DD3607710BE,high,tier1,NONE,False,False,normal
ACC_C2763A2607DA,2026-03-25,DEV_550725306A50,medium,tier2,NONE,False,False,normal
ACC_0072637BC419,2026-04-23,DEV_E269CD579346,medium,tier1,NONE,False,False,normal
ACC_4EE61D874EF3,2026-04-25,DEV_01EA68585CE9,medium,tier1,NONE,False,False,normal
ACC_1D23903C1C24,2026-04-28,DEV_70221F688493,high,tier3,NONE,False,False,normal
ACC_9C592A7FDB28,2026-03-08,DEV_D984A31ECD48,medium,tier2,NONE,False,False,normal
ACC_3517063AC0AC,2026-04-23,DEV_1F66F25DBD30,low,tier2,NONE,False,False,normal
ACC_D4E896BD10A9,2026-04-25,DEV_D730313AC6C7,high,tier1,NONE,False,False,normal
ACC_309FCF0BEADB,2026-04-14,DEV_5B8B61F69037,medium,tier2,NONE,False,False,normal
ACC_ADC825A2127A,2026-03-09,DEV_415F9C7F69A0,medium,tier1,NONE,False,False,normal
ACC_ADDF1574A0CF,2026-03-23,DEV_A3072107D98A,low,tier2,NONE,False,False,normal
ACC_48EFA90AAD7F,2026-04-16,DEV_9928B064D82A,high,tier1,NONE,False,False,normal
ACC_31359709AE3B,2026-03-28,DEV_CD6947FA8E2D,medium,tier2,NONE,False,False,normal
ACC_CD204E37CCD1,2026-04-29,DEV_0F234FF30F5E,low,tier3,NONE,False,False,normal
ACC_140EC87BDD7C,2026-04-03,DEV_CD0371A4F8AF,high,tier1,NONE,False,False,normal
ACC_6D775AA74C70,2026-04-22,DEV_60F99A2D731B,low,tier3,NONE,False,False,normal
ACC_76BFA617923E,2026-04-10,DEV_5A3926BAAFBF,medium,tier2,NONE,False,False,normal
ACC_120AA5D43D19,2026-04-06,DEV_DA3BA2F24EAD,high,tier2,NONE,False,False,normal
ACC_2AB6B9FF4520,2026-04-26,DEV_BEAC80E45649,high,tier2,NONE,False,False,normal
ACC_167DD9CF3C4C,2026-03-08,DEV_664023A86B8D,low,tier1,NONE,False,False,normal
ACC_7EC7007AD54C,2026-03-30,DEV_7F1414E3677A,high,tier3,NONE,False,False,normal
ACC_40325D021374,2026-04-20,DEV_21A00C93ACC1,low,tier3,NONE,False,False,salary_disburser
ACC_4B868C327705,2026-03-22,DEV_FA5D1BEBCFCD,medium,tier2,NONE,False,False,normal
ACC_BE539070C2EE,2026-03-27,DEV_063E0D103706,medium,tier3,NONE,False,False,normal
ACC_6B2D274523F8,2026-04-04,DEV_E6A3AB8F71E2,medium,tier1,NONE,False,False,normal
ACC_308F2FC0AE1F,2026-03-23,DEV_98201EAB0E69,high,tier3,NONE,False,False,normal
ACC_9A53FD924413,2026-04-20,DEV_52FEA26AC564,medium,tier3,NONE,False,False,normal
ACC_4FE6A91CAC88,2026-04-15,DEV_100D626618AB,medium,tier3,NONE,False,False,normal
ACC_568CFF1C2AA4,2026-04-07,DEV_8BB65BE24130,high,tier2,NONE,False,False,salary_disburser
ACC_DAB05A01F240,2026-04-29,DEV_D636A18C2134,low,tier1,NONE,False,False,normal
ACC_4F666ECEDF59,2026-03-13,DEV_D3248978ABCF,medium,tier1,NONE,False,False,normal
ACC_45534121C79F,2026-04-22,DEV_14DA282B7F93,high,tier3,NONE,False,False,normal
ACC_15DBBED62B3F,2026-04-28,DEV_07A1979D19E7,low,tier1,NONE,False,False,normal
ACC_668054758A4B,2026-04-14,DEV_D53E97EB9B1C,medium,tier3,NONE,False,False,normal
ACC_61D990DF035B,2026-04-21,DEV_F9BC8237ADC5,high,tier2,NONE,False,False,normal
ACC_67D4910BC826,2026-03-19,DEV_0CC1838BD732,high,tier2,NONE,False,False,normal
ACC_AD9D0CF05531,2026-03-10,DEV_96648CDC47D4,medium,tier3,NONE,False,False,normal
ACC_4724E709CE71,2026-03-06,DEV_EF2F720CEEF2,medium,tier1,NONE,False,False,normal
ACC_A317DC0EC52F,2026-04-27,DEV_4825A03FE09E,medium,tier1,NONE,False,False,normal
ACC_0E7D41AE8FF9,2026-04-09,DEV_C1094EB8579C,high,tier1,NONE,False,False,normal
ACC_B36F7EAE3F81,2026-04-28,DEV_F5533D79FBDF,low,tier3,NONE,False,False,normal
ACC_40F9391A49B4,2026-04-12,DEV_9C479553B71E,medium,tier1,NONE,False,False,normal
ACC_DD20228E3D37,2026-04-26,DEV_FB35B80E60BF,high,tier2,NONE,False,False,normal
ACC_69CCE3700125,2026-04-10,DEV_9EBE0D191D2E,medium,tier3,NONE,False,False,normal
ACC_A14BA51E7F0E,2026-04-01,DEV_3C8E77BF3975,high,tier1,NONE,False,False,normal
ACC_078C32B6A705,2026-03-07,DEV_A5DFFDEB0EE0,high,tier2,NONE,False,False,normal
ACC_2E75C0AB47BF,2026-04-24,DEV_A3B58053927D,high,tier1,NONE,False,False,normal
ACC_C23A2415C566,2026-04-25,DEV_83569DB42C46,high,tier2,NONE,False,False,normal
ACC_8C6A944F70B4,2026-03-06,DEV_4579F66EFBAD,high,tier1,NONE,False,False,normal
ACC_A30501118D73,2026-04-14,DEV_7066709DFEC5,low,tier3,NONE,False,False,normal
ACC_855F9704E8FE,2026-03-05,DEV_9DDE3C85535D,low,tier2,NONE,False,False,normal
ACC_9C92472DCDDA,2026-03-27,DEV_C3E192AC0050,low,tier2,NONE,False,False,normal
ACC_B59E3B453B80,2026-03-22,DEV_C2949329CA4A,low,tier1,NONE,False,False,normal
ACC_7728A273F321,2026-03-23,DEV_EC3E8089F52B,medium,tier1,NONE,False,False,normal
ACC_FBDF837B160D,2026-03-15,DEV_EA1E3A0FBE41,low,tier3,NONE,False,False,salary_disburser
ACC_DE9F381D167D,2026-04-12,DEV_B752935A6247,low,tier2,NONE,False,False,normal
ACC_26599A32C1E1,2026-03-19,DEV_00E8836D6617,low,tier1,NONE,False,False,normal
ACC_C8ED998BB3CA,2026-04-06,DEV_3FE3300458CC,medium,tier1,NONE,False,False,normal
ACC_4F0A92897732,2026-03-08,DEV_FF8EF0DF1A09,medium,tier1,NONE,False,False,normal
ACC_800D7A93F7D3,2026-04-12,DEV_68EA0C706409,low,tier1,NONE,False,False,normal
ACC_6C03AAF30B5F,2026-03-24,DEV_8EBF4955A273,medium,tier1,NONE,False,False,normal
ACC_6AB3B03081ED,2026-03-05,DEV_67D7E51C7B07,high,tier1,NONE,False,False,normal
ACC_C0D5271B52AC,2026-03-19,DEV_D54ED925595C,medium,tier2,NONE,False,False,normal
ACC_BC0A5B24A7ED,2026-03-28,DEV_07D26A9C3A34,low,tier1,NONE,False,False,normal
ACC_3C2B8C32994E,2026-04-20,DEV_B306DBF35623,medium,tier1,NONE,False,False,normal
ACC_F9C99F6B4126,2026-03-06,DEV_426DA6DEC2D2,low,tier2,NONE,False,False,normal
ACC_09A53142165D,2026-03-05,DEV_2649D44DE640,high,tier2,NONE,False,False,normal
ACC_0E2D215E399D,2026-03-27,DEV_F4CDA8F17707,high,tier3,NONE,False,False,normal
ACC_67B2F38A9EF1,2026-03-20,DEV_059402ADE7B0,high,tier2,NONE,False,False,normal
ACC_B3AEDC2CDE14,2026-04-15,DEV_B07D27BA1D27,high,tier1,NONE,False,False,normal
ACC_2A29D2134819,2026-03-04,DEV_E0C9C631A3B0,medium,tier1,NONE,False,False,normal
ACC_64D8C50FCF7B,2026-04-04,DEV_3EBCA8C779DB,medium,tier1,NONE,False,False,normal
ACC_FE210501B8C9,2026-04-09,DEV_6DF679EE82FA,low,tier1,NONE,False,False,normal
ACC_EE09FCAEC0BC,2026-03-04,DEV_2EF9EEBC9B32,high,tier1,NONE,False,False,normal
ACC_59C38B2CF9B3,2026-03-15,DEV_328E1C37B672,low,tier2,NONE,False,False,normal
ACC_06A428EEAE4A,2026-04-28,DEV_ED8B0B0DA186,high,tier2,NONE,False,False,normal
ACC_A3700DE94CEB,2026-03-27,DEV_945C1E405B91,medium,tier1,NONE,False,False,normal
ACC_4B6A151F2700,2026-03-23,DEV_0419BC51233B,low,tier1,NONE,False,False,normal
ACC_A6D0020D55CF,2026-04-20,DEV_D0E49CF34791,high,tier1,NONE,False,False,normal
ACC_11E0A56479DF,2026-03-16,DEV_D18BCC60661E,high,tier3,NONE,False,False,normal
ACC_992B71FBF701,2026-04-17,DEV_5DE0D439CE3F,medium,tier1,NONE,False,False,normal
ACC_5922215B2592,2026-03-18,DEV_21E35E58C098,medium,tier2,NONE,False,False,normal
ACC_B62343783CED,2026-04-19,DEV_82377820CD86,low,tier2,NONE,False,False,normal
ACC_6A6DCA18324C,2026-03-17,DEV_694FEEF30AE5,medium,tier1,NONE,False,False,normal
ACC_49399A72F106,2026-04-11,DEV_6A5BA6AF8D52,medium,tier3,NONE,False,False,normal
ACC_1B94BE1C93D0,2026-04-25,DEV_B01B6FDF7EA3,medium,tier1,NONE,False,False,normal
ACC_3F720788BC53,2026-03-31,DEV_8F78EE3A17BF,high,tier2,NONE,False,False,normal
ACC_9A87C5D72F56,2026-03-05,DEV_635FC6D369C8,high,tier3,NONE,False,False,normal
ACC_8DA3B2D4F298,2026-04-23,DEV_367D7911794A,low,tier2,NONE,False,False,normal
ACC_FF20877F93C6,2026-04-30,DEV_2C21ED07F4C6,low,tier1,NONE,False,False,normal
ACC_E316D0F4471A,2026-04-16,DEV_84896A0F28AE,low,tier2,NONE,False,False,normal
ACC_D8C7FF0E5A27,2026-03-06,DEV_E395BA14DE8F,high,tier3,NONE,False,False,normal
ACC_803A784CFD27,2026-03-11,DEV_0B69B3A8C4DE,medium,tier2,NONE,False,False,normal
ACC_A7088342C1BF,2026-03-19,DEV_1C4FF3CDC9CC,medium,tier2,NONE,False,False,normal
ACC_C6CD058C4DD6,2026-04-29,DEV_564EF165C204,medium,tier1,NONE,False,False,normal
ACC_1E502EC98959,2026-03-06,DEV_3E2119F1D63B,medium,tier3,NONE,False,False,normal
ACC_87B43E54F122,2026-04-27,DEV_606AB420BD5D,high,tier3,NONE,False,False,normal
ACC_AC3328F8CDBA,2026-03-21,DEV_FFBE8DBA1289,low,tier2,NONE,False,False,normal
ACC_28235AECBD2F,2026-03-08,DEV_D1A98E5772D7,medium,tier2,NONE,False,False,normal
ACC_506736F0A66D,2026-04-03,DEV_DEE3E0437F1C,low,tier3,NONE,False,False,salary_disburser
ACC_A332A302FBA6,2026-04-29,DEV_2C9721A1CCCB,high,tier1,NONE,False,False,normal
ACC_CE85B37AC44B,2026-03-20,DEV_62B73708D9C5,low,tier1,NONE,False,False,normal
ACC_9E943BC126F1,2026-04-06,DEV_AA1851E9D669,high,tier1,NONE,False,False,normal
ACC_DC1881986007,2026-04-25,DEV_75042FC4D132,medium,tier3,NONE,False,False,normal
ACC_3D4865C331EE,2026-04-15,DEV_E19EA026847C,medium,tier1,NONE,False,False,normal
ACC_5DDCF14A7B0F,2026-04-11,DEV_6B374FECE8BA,high,tier1,NONE,False,False,normal
ACC_4841BE654D50,2026-04-05,DEV_8691F36B1187,medium,tier1,NONE,False,False,normal
ACC_3E9908364798,2026-04-05,DEV_40F1717077A1,low,tier2,NONE,False,False,normal
ACC_F618E3DA9E63,2026-04-01,DEV_644DEBF8D000,high,tier1,NONE,False,False,salary_disburser
ACC_07C6AA9E1180,2026-04-10,DEV_EF50F7F06BE8,low,tier2,NONE,False,False,normal
ACC_D42A73040B29,2026-03-16,DEV_54B5C6EA2FE1,low,tier1,NONE,False,False,normal
ACC_8C3B84F8A797,2026-03-08,DEV_6061577BA4BC,high,tier2,NONE,False,False,normal
ACC_9AF672F42E2D,2026-03-02,DEV_969FD8255721,low,tier2,NONE,False,False,normal
ACC_622F07B7C607,2026-03-17,DEV_839C35B5F673,medium,tier1,NONE,False,False,normal
ACC_8A427162C426,2026-04-15,DEV_39C6E8719159,medium,tier2,NONE,False,False,normal
ACC_D18F82312B44,2026-03-08,DEV_8897B0DCC743,high,tier2,NONE,False,False,normal
ACC_95646F5E425B,2026-03-07,DEV_E08AF19E7DB9,low,tier2,NONE,False,False,normal
ACC_97446C222D56,2026-04-06,DEV_B63CEFB5CDEB,high,tier3,NONE,False,False,normal
ACC_6602E7C97E8C,2026-03-05,DEV_46359A60BB3C,low,tier2,NONE,False,False,normal
ACC_7E75A46EB2C8,2026-04-18,DEV_EA94DEBF1A9A,high,tier2,NONE,False,False,normal
ACC_56C37B27E96B,2026-03-07,DEV_5F4B2AB337C1,medium,tier2,NONE,False,False,normal
ACC_28384D31D6F7,2026-03-07,DEV_BDDCC283ECDF,low,tier1,NONE,False,False,normal
ACC_3143C32DEC66,2026-03-19,DEV_8081EFE9BCFF,medium,tier1,NONE,False,False,normal
ACC_6764178DC4F3,2026-04-10,DEV_46E0C5FE0FDD,medium,tier3,NONE,False,False,normal
ACC_698478A4D522,2026-03-31,DEV_97ADC1C3AE14,low,tier1,NONE,False,False,normal
ACC_0D814EF6D03A,2026-03-25,DEV_D608BFCD42CE,high,tier3,NONE,False,False,normal
ACC_EE6DFD5E9A88,2026-04-08,DEV_C099A717CC14,medium,tier3,NONE,False,False,normal
ACC_6E93C0886103,2026-04-27,DEV_AC0420149C37,low,tier1,NONE,False,False,normal
ACC_FF631D6B7A3F,2026-03-14,DEV_6648B5B28F57,medium,tier1,NONE,False,False,normal
ACC_8F3A61C999AC,2026-03-02,DEV_4DD6F18DF84A,medium,tier3,NONE,False,False,normal
ACC_4DF21473DD2E,2026-03-08,DEV_EF8E0FB20709,low,tier3,NONE,False,False,normal
ACC_5BDEC9BABA25,2026-03-26,DEV_909C85434252,low,tier1,NONE,False,False,normal
ACC_BA2C0FA7CEF1,2026-04-02,DEV_4D72B96C7ED3,low,tier3,NONE,False,False,normal
ACC_107A9CE8AF63,2026-03-09,DEV_377327DB67A3,low,tier1,NONE,False,False,normal
ACC_47C96B14AF20,2026-04-30,DEV_928DAC8E322B,high,tier1,NONE,False,False,normal
ACC_B16433C01423,2026-03-15,DEV_46AF1C42F27F,medium,tier3,NONE,False,False,normal
ACC_77AFE879355B,2026-04-01,DEV_9DEBB950835D,low,tier1,NONE,False,False,normal
ACC_D96F3D2C6F08,2026-04-20,DEV_D24C697662E8,high,tier1,NONE,False,False,normal
ACC_0809BEE9B1FB,2026-04-11,DEV_434AE19404D8,low,tier2,NONE,False,False,normal
ACC_05B4D2ED6E32,2026-04-26,DEV_BA026D1444EB,high,tier1,NONE,False,False,normal
ACC_785C8A91FAEB,2026-03-11,DEV_688D321D2E5B,medium,tier3,NONE,False,False,normal
ACC_6A0BE68A8448,2026-03-09,DEV_57740582481A,medium,tier3,NONE,False,False,normal
ACC_83A59BA875B0,2026-03-28,DEV_D26F9F850BD7,medium,tier2,NONE,False,False,small_business
ACC_DE11E4B25CB7,2026-04-11,DEV_75C245DB7449,low,tier2,NONE,False,False,normal
ACC_2211AA0E6CD4,2026-04-27,DEV_5512579AE98B,low,tier1,NONE,False,False,normal
ACC_6EED82D73CA0,2026-04-16,DEV_FAFE43254061,low,tier1,NONE,False,False,normal
ACC_25513CA67F5C,2026-03-18,DEV_C804E68022F9,high,tier3,NONE,False,False,normal
ACC_38AA8E697C85,2026-04-06,DEV_96DBEDC078BF,high,tier1,NONE,False,False,normal
ACC_3824FDC9C584,2026-04-23,DEV_D0FB2FAD562E,medium,tier3,NONE,False,False,normal
ACC_4588BEE10E83,2026-03-28,DEV_99E7D1F09D81,low,tier2,NONE,False,False,normal
ACC_F5C8F6BF9FAC,2026-04-12,DEV_5CBB5984B8CA,low,tier2,NONE,False,False,normal
ACC_7CD4642E6C2C,2026-03-29,DEV_76D855100FE5,high,tier3,NONE,False,False,normal
ACC_1EEFEF09AB1B,2026-03-15,DEV_F74CEEA82440,high,tier2,NONE,False,False,normal
ACC_583A4150FE91,2026-04-05,DEV_24E5F0D16593,high,tier1,NONE,False,False,normal
ACC_64CC62C4D514,2026-04-20,DEV_19CC5A8945CA,medium,tier3,NONE,False,False,normal
ACC_01A7770F4AF1,2026-04-30,DEV_BB9C7AB13CF2,high,tier2,NONE,False,False,normal
ACC_C8D83B78B3B9,2026-03-22,DEV_E6911A7FC13A,low,tier3,NONE,False,False,normal
ACC_716EBF5A0EDC,2026-03-24,DEV_9353066CDF52,high,tier1,NONE,False,False,normal
ACC_D8D2678BF525,2026-03-26,DEV_E6A468E9D80E,low,tier1,NONE,False,False,normal
ACC_DDBF0EA9022B,2026-03-02,DEV_652A69166F0C,medium,tier3,NONE,False,False,normal
ACC_2E67AEB4F2C2,2026-03-29,DEV_BB1D374CCCFC,medium,tier3,NONE,False,False,normal
ACC_77BA78BBC22B,2026-04-20,DEV_E863F52E9F1F,medium,tier1,NONE,False,False,normal
ACC_93349E9E5F14,2026-04-25,DEV_5D8E50D76A88,medium,tier1,NONE,False,False,normal
ACC_97B586E65B5E,2026-03-15,DEV_97946851BCCC,low,tier1,NONE,False,False,normal
ACC_9D4F06666434,2026-03-21,DEV_D1587AAE48F8,medium,tier3,NONE,False,False,normal
ACC_D59CBF6BD92A,2026-03-18,DEV_D7F54AB28964,low,tier2,NONE,False,False,normal
ACC_B3AFAA0DCD94,2026-04-21,DEV_18EA1375E836,high,tier2,NONE,False,False,normal
ACC_7F759399873F,2026-04-29,DEV_13F8FE5D34E9,medium,tier2,NONE,False,False,normal
ACC_2AE625758B4A,2026-04-27,DEV_EDDDD0D78E1B,high,tier3,NONE,False,False,normal
ACC_6F93FB4A1F07,2026-04-16,DEV_A6A3848AE9C7,low,tier3,NONE,False,False,normal
ACC_5484E188351A,2026-04-24,DEV_E31E520864E7,medium,tier3,NONE,False,False,normal
ACC_C00CC68D9A0A,2026-03-14,DEV_1CED85A7A48F,medium,tier1,NONE,False,False,normal
ACC_648AC7127CBF,2026-04-13,DEV_43FE82C5B810,high,tier1,NONE,False,False,normal
ACC_FE92EF2FBB13,2026-03-04,DEV_83CD3634DA93,medium,tier1,NONE,False,False,normal
ACC_65572CB7F06B,2026-03-29,DEV_0E75E27C45D4,medium,tier1,NONE,False,False,normal
ACC_F76EAD1DC680,2026-04-21,DEV_423965A36B5B,low,tier3,NONE,False,False,normal
ACC_2D0100E713E8,2026-03-14,DEV_CC10381A0438,high,tier1,NONE,False,False,normal
ACC_CD231B32B37C,2026-04-25,DEV_A516755936F2,medium,tier2,NONE,False,False,normal
ACC_7C9F187E536A,2026-04-04,DEV_DEEBD4989427,low,tier2,NONE,False,False,normal
ACC_3FD8D825A58E,2026-04-10,DEV_210CA29CBA34,low,tier2,NONE,False,False,normal
ACC_B59A6A814A26,2026-03-14,DEV_99367AD7485A,high,tier3,NONE,False,False,normal
ACC_3B4A4FFA6C59,2026-03-12,DEV_5D9C00A7D803,high,tier3,NONE,False,False,normal
ACC_547A35F8FDC8,2026-04-07,DEV_E28CAAC1B1E6,low,tier3,NONE,False,False,normal
ACC_1DFD884B33CB,2026-03-22,DEV_B820233AFEC1,high,tier1,NONE,False,False,normal
ACC_F2C36E78D303,2026-04-04,DEV_E168CCC39B7D,high,tier3,NONE,False,False,normal
ACC_E4105EFD03F2,2026-03-25,DEV_1B5256440CB4,low,tier2,NONE,False,False,normal
ACC_D1C8AAAC3A54,2026-03-14,DEV_03A1F91CB8B4,low,tier2,NONE,False,False,normal
ACC_00AC3DB4D9C9,2026-04-22,DEV_3E90A3F119A7,low,tier2,NONE,False,False,normal
ACC_A076D1E62191,2026-03-10,DEV_FE51232D0CDD,low,tier3,NONE,False,False,normal
ACC_F7E70D0DFA20,2026-04-22,DEV_4EEC004CEBBD,medium,tier3,NONE,False,False,normal
ACC_EB4E72DEC3CB,2026-03-19,DEV_0D13515A1F2B,medium,tier2,NONE,False,False,normal
ACC_0F7E2F014148,2026-04-04,DEV_88B41BDAB909,high,tier3,NONE,False,False,normal
ACC_8531F51F6B06,2026-04-18,DEV_36D68869E9D0,medium,tier1,NONE,False,False,normal
ACC_131787FA9EF2,2026-04-08,DEV_E9B202AE2091,medium,tier2,NONE,False,False,normal
ACC_021E87297C36,2026-03-04,DEV_CAE590A49EB2,high,tier2,NONE,False,False,normal
ACC_3105735CDE86,2026-04-27,DEV_1E1F55DCC690,medium,tier1,NONE,False,False,normal
ACC_1C9AB60D8218,2026-04-11,DEV_15E491131A23,high,tier3,NONE,False,False,normal
ACC_5EA648F8EE98,2026-04-20,DEV_EE49E0C2602B,low,tier2,NONE,False,False,normal
ACC_F1C0021687CA,2026-03-22,DEV_07A6BD612320,medium,tier3,WHOLESALE,False,False,supplier
ACC_00EB2EA6C506,2026-04-10,DEV_4B27F3298191,low,tier3,NONE,False,False,small_business
ACC_9EB4750CBAB2,2026-04-04,DEV_C1503A5B3A3D,high,tier3,NONE,False,False,normal
ACC_85DE51CF7F73,2026-04-23,DEV_0796B0280DD2,low,tier1,NONE,False,False,normal
ACC_C49B9AE5DCCB,2026-04-12,DEV_1792990B0274,medium,tier2,NONE,False,False,normal
ACC_1B6AA551E1C7,2026-03-04,DEV_B59F06EA64F0,medium,tier3,NONE,False,False,normal
ACC_EA8CC7C88DDE,2026-03-24,DEV_66F170435A12,high,tier1,NONE,False,False,normal
ACC_E2C533A827CB,2026-03-07,DEV_99CF15345231,medium,tier3,NONE,False,False,normal
ACC_56047CC33BCA,2026-03-09,DEV_F30DD7618047,high,tier1,NONE,False,False,normal
ACC_3288351C86AF,2026-03-26,DEV_26ECB37B208C,high,tier1,NONE,False,False,normal
ACC_BA6098CB7C7C,2026-03-19,DEV_28DC3766BA98,high,tier2,NONE,False,False,normal
ACC_E16A43C10481,2026-03-04,DEV_D1746E41CD6D,medium,tier1,NONE,False,False,normal
ACC_E7E42FFB546C,2026-03-07,DEV_6FF6C3654C8C,low,tier1,NONE,False,False,normal
ACC_4F31C63E1C28,2026-03-04,DEV_BCC2F5903D42,low,tier2,NONE,False,False,normal
ACC_F02248495687,2026-03-02,DEV_3E07101B2897,low,tier1,NONE,False,False,normal
ACC_516236B3E328,2026-03-24,DEV_71C1667F19F0,low,tier2,NONE,False,False,normal
ACC_899EF18162CE,2026-03-11,DEV_A6D7C907BFD5,medium,tier2,NONE,False,False,normal
ACC_75C49B9D1C39,2026-04-05,DEV_417A006BB784,low,tier3,NONE,False,False,normal
ACC_1F7076943C5A,2026-04-22,DEV_C4DFD878FB73,low,tier3,NONE,False,False,normal
ACC_E3EAF896AF07,2026-04-23,DEV_BAC08C8075A1,medium,tier2,NONE,False,False,normal
ACC_E8580F76F694,2026-03-11,DEV_3A36479D48AB,low,tier2,NONE,False,False,normal
ACC_E6D4D9FE9DD2,2026-03-14,DEV_31E53FA076B3,low,tier2,NONE,False,False,normal
ACC_E4EA7F18B05C,2026-04-05,DEV_916FF770214E,high,tier2,NONE,False,False,normal
ACC_7BF57309671D,2026-03-21,DEV_0A6AB4369EBC,medium,tier3,NONE,False,False,normal
ACC_BE7CAC54EFD7,2026-04-25,DEV_305119545552,low,tier2,NONE,False,False,normal
ACC_2C666A335E70,2026-03-08,DEV_AC0ED2FD8D2A,medium,tier3,NONE,False,False,normal
ACC_3E0F8F22B109,2026-04-28,DEV_79D6A9C3BBBF,low,tier3,NONE,False,False,normal
ACC_13CA99AA03AE,2026-03-14,DEV_E653B3A94E94,high,tier3,NONE,False,False,normal
ACC_2F2C1A401953,2026-04-20,DEV_344B86510C61,medium,tier1,NONE,False,False,normal
ACC_D8E6D41568F2,2026-05-01,DEV_E63165D7DBBC,high,tier3,WHOLESALE,False,False,supplier
ACC_FC7510DA4EC7,2026-03-29,DEV_F02B705CF425,high,tier3,NONE,False,False,small_business
ACC_E43B6DEF07E8,2026-04-06,DEV_428D5408861B,medium,tier3,NONE,False,False,normal
ACC_E7188A89370D,2026-04-11,DEV_9EAB30370AA0,high,tier1,NONE,False,False,normal
ACC_E8EB24BF04C7,2026-03-04,DEV_14CEAE5EA625,low,tier2,NONE,False,False,normal
ACC_107ED05E42A0,2026-03-08,DEV_527D6BFD3575,high,tier2,NONE,False,False,normal
ACC_A2AF369318AF,2026-04-03,DEV_97C0170F4823,medium,tier3,NONE,False,False,normal
ACC_337FF2FE6001,2026-03-10,DEV_3443F755F41B,low,tier1,NONE,False,False,normal
ACC_5CF3236783E4,2026-03-03,DEV_626B45C1BF1D,low,tier1,NONE,False,False,normal
ACC_8CD2196E7A82,2026-03-23,DEV_B1A8E1D9B48E,medium,tier1,NONE,False,False,normal
ACC_46B3A62C137C,2026-04-28,DEV_14862F285EC5,low,tier1,NONE,False,False,normal
ACC_F9E72C1D490E,2026-04-27,DEV_59A1FAE80481,high,tier3,NONE,False,False,normal
ACC_580241E89DAD,2026-04-06,DEV_CFE21D57EABC,high,tier2,NONE,False,False,normal
ACC_5987F872F39C,2026-04-15,DEV_804C3B1D458F,high,tier3,NONE,False,False,normal
ACC_3F5569767DBE,2026-04-19,DEV_1064B2A2D648,medium,tier3,NONE,False,False,normal
ACC_B85D9C72B6FF,2026-04-10,DEV_31DD0BAE9C22,high,tier2,NONE,False,False,normal
ACC_96F80A53E1A0,2026-03-26,DEV_EC24C5F7A286,low,tier3,NONE,False,False,normal
ACC_F6FB87DD738E,2026-04-28,DEV_A120A7C47E18,low,tier2,NONE,False,False,normal
ACC_65C54C2083DB,2026-04-08,DEV_AC6E97C2FDBC,high,tier2,NONE,False,False,normal
ACC_FD34CF3CF0DC,2026-04-11,DEV_3C5C8F32B054,medium,tier2,NONE,False,False,normal
ACC_2C44D8A0A938,2026-03-08,DEV_6F0A1B3F1E2C,high,tier3,NONE,False,False,normal
ACC_741B3F171EDF,2026-04-19,DEV_46450AC6E1C2,high,tier1,NONE,False,False,normal
ACC_BA89AEE7169B,2026-03-24,DEV_FAFFA3F04A3B,low,tier3,NONE,False,False,normal
ACC_91BFA339A519,2026-03-13,DEV_2B95A81F444E,medium,tier3,NONE,False,False,normal
ACC_DB90997718BE,2026-03-28,DEV_DF019B7B1A8A,high,tier2,NONE,False,False,normal
ACC_8BC3083FDE5C,2026-03-29,DEV_3652CD0A81CB,high,tier3,NONE,False,False,normal
ACC_0C2D78308653,2026-05-01,DEV_867A43F54A01,high,tier1,NONE,False,False,normal
ACC_26BBC95BA1F2,2026-03-10,DEV_A7F9DCF7DECF,medium,tier3,NONE,False,False,normal
ACC_2C3660D7D26F,2026-04-26,DEV_13334527DC13,medium,tier1,NONE,False,False,normal
ACC_343CD0BFF89D,2026-04-12,DEV_73A887634DE7,low,tier3,NONE,False,False,normal
ACC_7A5B5723E6CB,2026-04-16,DEV_095728CF695B,medium,tier3,NONE,False,False,normal
ACC_71DB52592D56,2026-04-05,DEV_C333E32BBE43,high,tier1,NONE,False,False,normal
ACC_E6963B66620C,2026-03-31,DEV_FCA498B79042,low,tier2,NONE,False,False,normal
ACC_71EC63679266,2026-04-11,DEV_3783B142CCA0,high,tier1,NONE,False,False,normal
ACC_1AC583D259DD,2026-03-09,DEV_4C4EB04DD7A8,high,tier3,NONE,False,False,normal
ACC_79DE76F711BB,2026-03-09,DEV_816FEBD175E4,medium,tier2,NONE,False,False,normal
ACC_0BEC8C6E5DA2,2026-04-23,DEV_C89F3C0FDE42,high,tier1,NONE,False,False,normal
ACC_AD2AFEF08CC7,2026-03-17,DEV_0563B1B18168,low,tier1,NONE,False,False,normal
ACC_30DFD7364CD8,2026-04-05,DEV_10EBE63B4FCD,medium,tier2,NONE,False,False,normal
ACC_23AB1215C101,2026-03-21,DEV_511EE972B64D,medium,tier1,NONE,False,False,normal
ACC_B5205CE0825D,2026-04-15,DEV_4930CEC7CB13,medium,tier3,NONE,False,False,normal
ACC_51BA9E853050,2026-04-27,DEV_576704C55959,medium,tier2,NONE,False,False,normal
ACC_6C0214E64FE2,2026-03-31,DEV_3D96608ACC00,high,tier1,NONE,False,False,normal
ACC_850284D921D5,2026-04-11,DEV_8186DD6D420B,high,tier1,NONE,False,False,normal
ACC_4616CDDDF819,2026-03-09,DEV_96D1F90EBF8F,high,tier3,WHOLESALE,False,False,supplier
ACC_775DF3B776D6,2026-03-15,DEV_9BC59B0C3CEF,high,tier1,NONE,False,False,small_business
ACC_5CB80B3DEC1C,2026-03-29,DEV_E3260FD2BBCA,high,tier3,NONE,False,False,normal
ACC_3718E1E82B8E,2026-03-30,DEV_1C93EDBFB42B,high,tier2,NONE,False,False,normal
ACC_B1B6FB96ADFD,2026-03-12,DEV_4ED207691A5E,low,tier3,NONE,False,False,normal
ACC_F66F592704AA,2026-04-11,DEV_5E317AC25BD8,medium,tier2,NONE,False,False,normal
ACC_A015808F3F67,2026-03-09,DEV_8D91A0B0B73B,low,tier1,NONE,False,False,normal
ACC_71AE42417F83,2026-04-06,DEV_74FDAA9899C2,low,tier1,NONE,False,False,normal
ACC_991980A18CFE,2026-04-21,DEV_FE474B1DFC1F,low,tier1,NONE,False,False,normal
ACC_DFF626D6C12A,2026-03-24,DEV_F5D446DA5CDE,medium,tier2,NONE,False,False,normal
ACC_191BF2AB514B,2026-04-01,DEV_50FEA837EB58,medium,tier2,NONE,False,False,normal
ACC_9AF7B04FCD0B,2026-03-12,DEV_7CBD5D8FA6F6,medium,tier2,NONE,False,False,normal
ACC_92DA51C27E67,2026-04-05,DEV_FA186B9AF769,low,tier3,NONE,False,False,normal
ACC_4D1AB4173038,2026-03-06,DEV_68C91F0C2C67,high,tier3,NONE,False,False,normal
ACC_151332814D84,2026-03-22,DEV_8CA19A649422,low,tier1,NONE,False,False,normal
ACC_7BED2024F572,2026-04-07,DEV_229754A98C5C,medium,tier3,NONE,False,False,normal
ACC_65D10B6681F3,2026-03-13,DEV_0EDD0690CF1F,medium,tier1,NONE,False,False,normal
ACC_1FBBA3E5237B,2026-04-30,DEV_9AA198F4B693,high,tier2,NONE,False,False,normal
ACC_9994C3BFB301,2026-04-10,DEV_AB01F9C2B7E8,medium,tier3,NONE,False,False,normal
ACC_A4CA27614784,2026-03-19,DEV_C130678601DC,medium,tier2,NONE,False,False,normal
ACC_A0C367909E59,2026-04-24,DEV_8A2C86C20719,high,tier3,NONE,False,False,normal
ACC_27C019F31686,2026-04-20,DEV_40CBA4310E80,medium,tier2,NONE,False,False,normal
ACC_29B2CFEA3D90,2026-03-24,DEV_FBA22F4F2786,low,tier1,NONE,False,False,normal
ACC_EF6DEA9E6E25,2026-03-23,DEV_0ED60BF4EE7C,high,tier2,NONE,False,False,normal
ACC_8C504FCD6DDC,2026-03-12,DEV_7F91DD26568A,low,tier3,NONE,False,False,normal
ACC_A52D3674DF87,2026-03-19,DEV_724D69BA19AA,high,tier2,NONE,False,False,normal
ACC_1928C12627E2,2026-04-30,DEV_D2EC5C8B0820,high,tier3,NONE,False,False,normal
ACC_E504FAC3E04C,2026-03-30,DEV_06C1516B83A6,medium,tier3,NONE,False,False,normal
ACC_BA3B93AB259B,2026-03-30,DEV_B85AE8267A0F,low,tier2,NONE,False,False,normal
ACC_E4CC63EBC56B,2026-04-28,DEV_3CF3037D9B17,medium,tier2,NONE,False,False,normal
ACC_71C801DA8231,2026-04-01,DEV_B72929D74916,low,tier3,NONE,False,False,normal
ACC_1FD7B34F67E2,2026-04-23,DEV_A8F58A4B3AC6,low,tier2,NONE,False,False,normal
ACC_33DDDD8996D4,2026-04-30,DEV_F40235C555C3,low,tier2,NONE,False,False,normal
ACC_A4AE75BC6634,2026-03-22,DEV_80A72E8033B1,low,tier3,NONE,False,False,normal
ACC_94BD522F3F51,2026-04-18,DEV_46C289CE40C5,low,tier1,NONE,False,False,normal
ACC_5C66A92330BD,2026-03-24,DEV_089552B464CA,medium,tier1,NONE,False,False,normal
ACC_00D1472014E2,2026-03-09,DEV_17AB95F469D6,low,tier2,NONE,False,False,normal
ACC_74CA1C836024,2026-03-09,DEV_507DF8D89CD0,low,tier3,NONE,False,False,normal
ACC_C5D3844016A3,2026-03-14,DEV_CFD90A2A81DE,medium,tier1,NONE,False,False,normal
ACC_277D1FD7BFC1,2026-03-02,DEV_607D14DE970F,medium,tier2,NONE,False,False,normal
ACC_6E0B3E37768F,2026-03-28,DEV_554E9086D4A0,low,tier2,NONE,False,False,normal
ACC_D52FDEBF29B8,2026-03-04,DEV_6F3157DE19BA,low,tier1,NONE,False,False,normal
ACC_DF7FB0A57EAA,2026-03-07,DEV_3EBBC84C872C,low,tier1,NONE,False,False,normal
ACC_6DE207666A8D,2026-04-24,DEV_3FE469F46A6A,medium,tier1,NONE,False,False,normal
ACC_2220FA1C8B5F,2026-04-01,DEV_6452A31A476F,high,tier3,NONE,False,False,normal
ACC_9DFC9AE3BD75,2026-04-19,DEV_85DEB29310E1,high,tier1,NONE,False,False,normal
ACC_BCBC1AD1970D,2026-03-07,DEV_629968D7EFBA,medium,tier3,NONE,False,False,normal
ACC_18DEA528A88D,2026-03-08,DEV_199372D3D6DA,low,tier1,NONE,False,False,normal
ACC_A214186FE02A,2026-03-27,DEV_8A95656E522A,high,tier2,NONE,False,False,normal
ACC_C92A5C992FA7,2026-04-23,DEV_CC2E6A4FCCD0,low,tier2,NONE,False,False,normal
ACC_DA7FFDE9D43D,2026-03-21,DEV_08238D9C0283,low,tier1,NONE,False,False,normal
ACC_864846C445AF,2026-03-12,DEV_843BA8756BC3,low,tier2,NONE,False,False,normal
ACC_990C3CF227EA,2026-04-24,DEV_1AA3AFC5235A,high,tier3,NONE,False,False,normal
ACC_A4A9E6732AE9,2026-04-13,DEV_CBBC56ADA442,high,tier1,NONE,False,False,normal
ACC_3A480BB4B609,2026-04-11,DEV_0D0138C35B6C,low,tier1,NONE,False,False,normal
ACC_2FB2658BF238,2026-03-07,DEV_80CDCEB92243,low,tier1,NONE,False,False,normal
ACC_5467D4F8ED0C,2026-04-24,DEV_E840A287C047,low,tier2,NONE,False,False,normal
ACC_96DA4F3170D9,2026-03-05,DEV_529EE020151C,low,tier3,NONE,False,False,normal
ACC_88DD9DA1857A,2026-04-22,DEV_1D681C46148B,medium,tier1,NONE,False,False,normal
ACC_8C34E025D000,2026-04-19,DEV_DB8D8AA56EEC,medium,tier3,NONE,False,False,normal
ACC_9576B66DCFF4,2026-03-14,DEV_B02B00C9300E,low,tier2,NONE,False,False,normal
ACC_3810B48ADB5A,2026-04-09,DEV_27AC31B15231,low,tier3,WHOLESALE,False,False,supplier
ACC_15C57ABA5018,2026-03-15,DEV_EDD5933AB6A8,high,tier1,NONE,False,False,small_business
ACC_8227134EA293,2026-04-15,DEV_850BD2442F8F,medium,tier1,NONE,False,False,normal
ACC_56B7F0500C44,2026-03-06,DEV_04111DB12E7B,medium,tier1,NONE,False,False,normal
ACC_A46F088B0308,2026-03-22,DEV_EF9DDFE72FE3,high,tier1,NONE,False,False,normal
ACC_5E3FA8383147,2026-04-27,DEV_9EA4B579BFFE,high,tier1,NONE,False,False,normal
ACC_F2D6893880D0,2026-03-12,DEV_6DE1CED43580,medium,tier2,NONE,False,False,normal
ACC_BE296B433ACA,2026-04-08,DEV_189630C1D5AC,high,tier2,NONE,False,False,normal
ACC_DA7C4AB53784,2026-03-13,DEV_059C3F4ACDAE,low,tier3,NONE,False,False,normal
ACC_782FA49C5629,2026-03-29,DEV_CEC0DB6F5AB2,high,tier2,NONE,False,False,normal
ACC_562F72C3128F,2026-04-13,DEV_78B2D3F36CC2,low,tier3,NONE,False,False,normal
ACC_520D4C9C2635,2026-04-05,DEV_597FC8E42370,low,tier3,NONE,False,False,normal
ACC_C11B13982C8B,2026-03-12,DEV_F392D6332E2A,low,tier2,NONE,False,False,normal
ACC_DAEBD592A751,2026-04-09,DEV_DBFA7F524C4E,low,tier2,NONE,False,False,normal
ACC_CE1C4250A51C,2026-04-13,DEV_130AFA273919,medium,tier1,NONE,False,False,normal
ACC_EA46B1BFC85E,2026-04-23,DEV_EB7808EDD45A,medium,tier3,NONE,False,False,normal
ACC_39BAE0889159,2026-04-08,DEV_0B5176FD1A56,low,tier1,NONE,False,False,normal
ACC_7E8F66F7AB4D,2026-04-04,DEV_6FE554D7D242,high,tier2,NONE,False,False,normal
ACC_6D8D7C2E13D0,2026-03-16,DEV_6AFD4446699C,low,tier2,NONE,False,False,normal
ACC_746E6A891CA3,2026-04-11,DEV_9F0879AE689B,medium,tier1,NONE,False,False,normal
ACC_809FBCFB45A9,2026-04-09,DEV_EABCEDD24DAD,high,tier2,NONE,False,False,normal
ACC_8111D498E625,2026-04-26,DEV_F8D6CD499577,high,tier1,NONE,False,False,normal
ACC_3B450E78F1E4,2026-03-07,DEV_E600974D011D,medium,tier1,NONE,False,False,normal
ACC_58676DF6A1C2,2026-03-31,DEV_EF0587855D19,low,tier2,NONE,False,False,normal
ACC_B3AE356D06A1,2026-04-27,DEV_C40D863C5B47,low,tier1,NONE,False,False,normal
ACC_6A1099683522,2026-03-15,DEV_DD40F04F109C,low,tier2,NONE,False,False,normal
ACC_77865D4AD277,2026-03-14,DEV_C2129AE0273F,low,tier1,NONE,False,False,normal
ACC_C213D00CB2F9,2026-04-07,DEV_46502488310C,low,tier3,NONE,False,False,normal
ACC_513EE7B65C4D,2026-04-21,DEV_8B59F61DFA3E,low,tier2,NONE,False,False,normal
ACC_FE394F4C6BD2,2026-04-09,DEV_21A730CF8C0A,high,tier2,NONE,False,False,normal
ACC_8308B2C998C5,2026-04-14,DEV_D9E6990C3B16,high,tier2,NONE,False,False,normal
ACC_20BEDAF60F04,2026-03-31,DEV_7B53ADA817F6,high,tier3,NONE,False,False,normal
ACC_9EDF3B0773FE,2026-04-21,DEV_97AD387F9D1E,medium,tier1,NONE,False,False,normal
ACC_6ED7D2C04897,2026-04-12,DEV_5C869F49F7BA,high,tier3,NONE,False,False,normal
ACC_BC3AC568CB55,2026-04-28,DEV_E56255097301,medium,tier1,NONE,False,False,normal
ACC_035E8EC9A00F,2026-03-16,DEV_95110030176E,high,tier3,NONE,False,False,normal
ACC_78005DC606E8,2026-03-16,DEV_E17B909D884D,low,tier1,NONE,False,False,normal
ACC_C32A430D3EC2,2026-04-10,DEV_D83FCDC30BB1,high,tier1,NONE,False,False,normal
ACC_2424B6BA536E,2026-03-03,DEV_1A23A2C82B9E,low,tier1,NONE,False,False,normal
ACC_39653B2B9737,2026-04-11,DEV_8E2BBDADFD43,high,tier2,NONE,False,False,normal
ACC_85B6FADD7498,2026-03-11,DEV_0B7CF0800600,medium,tier3,NONE,False,False,normal
ACC_3133473F4B83,2026-04-04,DEV_55232DA910AE,medium,tier2,NONE,False,False,normal
ACC_763977CD26DD,2026-03-09,DEV_E4F32115146A,medium,tier1,NONE,False,False,normal
ACC_FD7A04E813B7,2026-03-18,DEV_FB95F374EFAD,high,tier2,NONE,False,False,normal
ACC_E283A2D36D2B,2026-03-18,DEV_D7C8208AB5E6,medium,tier3,NONE,False,False,normal
ACC_0F93D54B4E37,2026-04-09,DEV_7AFD3CE978E0,high,tier3,NONE,False,False,normal
ACC_320A670EEF1A,2026-03-02,DEV_3899113623CF,low,tier3,NONE,False,False,normal
ACC_780BDB6FB24A,2026-03-17,DEV_74EBA67F2576,low,tier3,NONE,False,False,normal
ACC_E71E35EE890E,2026-04-28,DEV_936808060C2C,medium,tier1,NONE,False,False,normal
ACC_C8AB4C9CA21A,2026-03-09,DEV_F2035D1F7707,low,tier2,NONE,False,False,normal
ACC_1624585E5E94,2026-04-19,DEV_A9E105BB9BEF,high,tier2,NONE,False,False,normal
ACC_FD4F95E62A7B,2026-03-22,DEV_C9476B991307,low,tier2,NONE,False,False,normal
ACC_CB2CA6CA4595,2026-04-25,DEV_2EB2FD5BB643,high,tier3,WHOLESALE,False,False,supplier
ACC_BA2F0719426E,2026-03-16,DEV_4C00076022EB,medium,tier3,NONE,False,False,small_business
ACC_EAED48A74F9A,2026-04-07,DEV_30A95847BD97,low,tier1,NONE,False,False,normal
ACC_27E830F1E475,2026-04-19,DEV_75DF675FD323,high,tier1,NONE,False,False,normal
ACC_E97C61CFF102,2026-04-10,DEV_66C573453343,medium,tier3,NONE,False,False,normal
ACC_3718884B41B6,2026-04-17,DEV_0F8200588D7A,low,tier3,NONE,False,False,normal
ACC_AF79DA71363C,2026-04-03,DEV_B41840D5CAFB,low,tier2,NONE,False,False,normal
ACC_65444032D15D,2026-03-27,DEV_2CE13E5EB972,high,tier1,NONE,False,False,normal
ACC_32DFB64BD42E,2026-04-04,DEV_46DAC15F56D3,low,tier1,NONE,False,False,normal
ACC_338C48B4C8FD,2026-03-13,DEV_6BA780B8C946,low,tier1,NONE,False,False,normal
ACC_95FA7B68A5ED,2026-03-19,DEV_B6BA679A0D6A,high,tier3,NONE,False,False,normal
ACC_814AB35CD64F,2026-03-08,DEV_FBB14BAEE3F7,high,tier2,NONE,False,False,normal
ACC_6E6362FB48FB,2026-04-13,DEV_76483A72B978,high,tier3,NONE,False,False,normal
ACC_6B195D5E0CD8,2026-03-19,DEV_EA93195253A4,high,tier3,NONE,False,False,normal
ACC_924378114DF1,2026-04-23,DEV_E61EA2BB01A6,high,tier1,NONE,False,False,normal
ACC_E9611205AC51,2026-04-30,DEV_FA0B1A3160B9,low,tier3,NONE,False,False,normal
ACC_6A9BF5E20D8C,2026-04-22,DEV_C4CD2192882F,low,tier1,NONE,False,False,normal
ACC_16A0BF0315AD,2026-03-26,DEV_AB35979F687F,high,tier2,NONE,False,False,normal
ACC_690BACAF0616,2026-04-03,DEV_8D4725821FFB,high,tier1,WHOLESALE,False,False,supplier
ACC_B88F0B7CFD26,2026-03-31,DEV_C3158FB90E28,high,tier3,NONE,False,False,small_business
ACC_C654C51C520B,2026-04-23,DEV_AF99A5D2A702,high,tier2,NONE,False,False,normal
ACC_D7FB45E94747,2026-03-04,DEV_0EEF298D2912,high,tier1,NONE,False,False,normal
ACC_7A1031B7BE63,2026-04-29,DEV_34D0E7052B5C,medium,tier1,NONE,False,False,normal
ACC_077484A62210,2026-04-03,DEV_2F01AADB5814,low,tier2,NONE,False,False,normal
ACC_3F9ECD05E98D,2026-03-30,DEV_29381AD14F9E,low,tier2,NONE,False,False,normal
ACC_7D08B8049966,2026-03-08,DEV_1DA8995F025C,low,tier1,NONE,False,False,normal
ACC_A74F7A059FDB,2026-03-25,DEV_39FF193BD41C,medium,tier1,NONE,False,False,normal
ACC_075B97A3F2D2,2026-03-24,DEV_89753F37B165,low,tier3,NONE,False,False,normal
ACC_DE768C5DA020,2026-03-28,DEV_35544E52F4E9,high,tier2,NONE,False,False,normal
ACC_34334E664CFB,2026-03-27,DEV_A3F709391021,high,tier2,NONE,False,False,normal
ACC_BEB933700D60,2026-03-19,DEV_C3655BE8C611,low,tier3,NONE,False,False,normal
ACC_3F15A0F1C7A1,2026-04-04,DEV_08A68BC3B253,low,tier1,NONE,False,False,normal
ACC_ACE7F96A6570,2026-03-10,DEV_079FE28B0CF7,medium,tier2,NONE,False,False,normal
ACC_CEABACEA430E,2026-03-31,DEV_8B9A1195C6F0,high,tier2,NONE,False,False,normal
ACC_81D5E01C529E,2026-05-01,DEV_D9B2C108BB54,low,tier1,NONE,False,False,normal
ACC_60D2F8595711,2026-04-18,DEV_2AA51AB75F6E,low,tier3,NONE,False,False,normal
ACC_B8D0134C82A6,2026-04-22,DEV_E6658B3F7ECC,low,tier2,NONE,False,False,normal
ACC_A39F0818B243,2026-03-06,DEV_810CE2367C19,medium,tier3,NONE,False,False,normal
ACC_F32E67F6A5D1,2026-03-20,DEV_45489F6BCB58,low,tier1,NONE,False,False,normal
ACC_703CB06A4CB5,2026-04-19,DEV_849A68C942CF,medium,tier3,NONE,False,False,normal
ACC_350C9305CFB3,2026-03-09,DEV_DABC55B365B2,low,tier1,NONE,False,False,normal
ACC_A3E46CBB8D12,2026-03-29,DEV_E6E9E994926E,medium,tier1,NONE,False,False,normal
ACC_B5F05293D476,2026-03-13,DEV_EFACADEA8255,low,tier1,NONE,False,False,normal
ACC_D0F1138C156F,2026-03-08,DEV_868F6024222A,low,tier3,NONE,False,False,normal
ACC_7B3AAC8C9CA9,2026-03-12,DEV_19AFBBB6E197,medium,tier1,NONE,False,False,normal
ACC_27847EEF877E,2026-03-08,DEV_FED7DF424975,low,tier2,NONE,False,False,normal
ACC_AC36AF08548F,2026-04-16,DEV_3AAED6FB63EF,low,tier2,NONE,False,False,normal
ACC_042CA89BF612,2026-03-28,DEV_35E1EA7AC20B,medium,tier1,WHOLESALE,False,False,supplier
ACC_C3DC1EECFAFA,2026-03-04,DEV_AA8CBFE29908,medium,tier2,NONE,False,False,small_business
ACC_943FE958C726,2026-04-09,DEV_541A9BDC2B4F,medium,tier2,NONE,False,False,normal
ACC_2F28A205F245,2026-03-02,DEV_D66BA315C530,low,tier2,NONE,False,False,normal
ACC_32CCC9D4C31D,2026-03-17,DEV_220494E5F93F,low,tier3,NONE,False,False,normal
ACC_833F315F2372,2026-05-01,DEV_5181A1DC05F9,low,tier3,NONE,False,False,normal
ACC_BDF6203E676E,2026-04-02,DEV_111AC63F6D96,medium,tier2,NONE,False,False,normal
ACC_A90B85534F03,2026-03-15,DEV_59A95B987A38,high,tier1,NONE,False,False,normal
ACC_F1CF1984EAB0,2026-03-30,DEV_7207BE8B80EC,medium,tier3,NONE,False,False,normal
ACC_322A4EE6F39A,2026-04-19,DEV_DA0A4CBFA994,high,tier2,NONE,False,False,normal
ACC_E9A03B132674,2026-04-16,DEV_0EA460AEA8D8,low,tier3,NONE,False,False,normal
ACC_E284AD1B123D,2026-04-03,DEV_DD3FD6B59325,medium,tier1,NONE,False,False,normal
ACC_E243C5F593A5,2026-04-13,DEV_B3DB9CD62D3E,medium,tier3,NONE,False,False,normal
ACC_9FAEA029C13B,2026-04-19,DEV_9715D2CBDB5F,high,tier3,NONE,False,False,normal
ACC_22CDD18A1B93,2026-03-13,DEV_59DA9C18E75F,low,tier2,NONE,False,False,normal
ACC_4730130509F3,2026-03-11,DEV_9FB8A786F81D,medium,tier2,NONE,False,False,normal
ACC_34CFC5ED3AC2,2026-04-25,DEV_AD41CEF1B9FD,medium,tier1,NONE,False,False,normal
ACC_4F8D33005641,2026-04-24,DEV_FC758F6C10E4,high,tier3,NONE,False,False,normal
ACC_EA22C7A5EC72,2026-04-17,DEV_4261A52B49D8,low,tier3,NONE,False,False,normal
ACC_1F2C844D3478,2026-04-30,DEV_C081493C8E57,medium,tier1,NONE,False,False,normal
ACC_A5A18F819670,2026-04-23,DEV_9901A7DC9F79,low,tier2,NONE,False,False,normal
ACC_E4E09FBB4775,2026-03-07,DEV_35CEAFE80DB1,medium,tier2,NONE,False,False,normal
ACC_2D17BF6A05D9,2026-03-29,DEV_41A45D485E64,high,tier1,NONE,False,False,normal
ACC_4E56B27E3B47,2026-03-28,DEV_14F59C7592C8,low,tier2,NONE,False,False,normal
ACC_F462F0345D5A,2026-04-30,DEV_4823594869B4,low,tier3,NONE,False,False,normal
ACC_F4E2626A1850,2026-03-30,DEV_0E1DD2958D9D,high,tier3,NONE,False,False,normal
ACC_D016B1754006,2026-04-23,DEV_F538F557D01B,medium,tier3,NONE,False,False,normal
ACC_70D05908EF4C,2026-03-15,DEV_B1A94E68600F,high,tier2,NONE,False,False,normal
ACC_FAE84E39BDE6,2026-04-04,DEV_9DE9C6F5352F,medium,tier1,NONE,False,False,normal
ACC_A7A3DBE2BB83,2026-04-06,DEV_99D41608023B,low,tier2,NONE,False,False,normal
ACC_7977599B70EF,2026-04-06,DEV_C429CA75C837,low,tier2,NONE,False,False,normal
ACC_8A4DE26A3030,2026-03-11,DEV_D2BA4B73AB0C,medium,tier2,NONE,False,False,normal
ACC_5CDBC59F86AF,2026-04-13,DEV_6CCC983E3900,low,tier2,NONE,False,False,normal
ACC_C3FB1FB64028,2026-04-14,DEV_9E223588D983,medium,tier3,NONE,False,False,normal
ACC_EF0E6FF82864,2026-04-05,DEV_5A9EE061810F,low,tier1,NONE,False,False,normal
ACC_A5D15FA60384,2026-03-23,DEV_654DDAC9F0D9,low,tier3,NONE,False,False,normal
ACC_62EB3D457018,2026-04-17,DEV_3030418DB99B,high,tier3,NONE,False,False,normal
ACC_B9C22749B61A,2026-04-04,DEV_E68C29345BDD,high,tier3,NONE,False,False,normal
ACC_6B44E179D836,2026-03-11,DEV_B86C6E11DB66,high,tier3,NONE,False,False,normal
ACC_3EA2E3BDDD8B,2026-03-12,DEV_7AA1CC31A6E9,low,tier1,NONE,False,False,normal
ACC_D8A42FD5076D,2026-04-28,DEV_089CFEB4F36F,high,tier2,WHOLESALE,False,False,supplier
ACC_ABBCFBD4249A,2026-04-25,DEV_BF75C5568875,low,tier3,NONE,False,False,small_business
ACC_A90EF5A1C6C0,2026-03-28,DEV_39B6AA1E68EB,high,tier3,NONE,False,False,normal
ACC_CB023FC8ABFC,2026-03-30,DEV_8C7B65C050A2,medium,tier2,NONE,False,False,normal
ACC_8C2E46A9EF2E,2026-03-19,DEV_667EDD9ADF0F,low,tier1,NONE,False,False,normal
ACC_166A65853249,2026-04-29,DEV_B536EE1899A4,low,tier2,NONE,False,False,normal
ACC_AFE8041D3E6F,2026-03-04,DEV_5ECCE7C1AADB,high,tier1,NONE,False,False,normal
ACC_51ABE29E6719,2026-03-22,DEV_4F5897AD2A3A,medium,tier1,NONE,False,False,normal
ACC_5D87CBE8CD26,2026-04-08,DEV_152AE7446EEB,medium,tier3,NONE,False,False,normal
ACC_DC89B5BFD426,2026-03-13,DEV_AEB6CA525795,medium,tier3,NONE,False,False,normal
ACC_AE73199E41A2,2026-04-12,DEV_59ADDE4C5D40,high,tier1,NONE,False,False,normal
ACC_BD9F1C64756A,2026-03-04,DEV_C3399CB5BF5A,medium,tier3,NONE,False,False,normal
ACC_83FDAD7315D0,2026-04-20,DEV_222601EACB49,medium,tier2,NONE,False,False,normal
ACC_A8B8EB6A216C,2026-04-26,DEV_663CAFF1F7ED,low,tier1,NONE,False,False,normal
ACC_F934536E36DD,2026-04-01,DEV_0955D19B1655,low,tier3,NONE,False,False,normal
ACC_FA5861004DFB,2026-03-12,DEV_99B14BFDD467,low,tier2,NONE,False,False,normal
ACC_E77CFA9E4FE3,2026-04-21,DEV_08BDD34D1A18,high,tier1,NONE,False,False,normal
ACC_C47E004C7F7B,2026-04-12,DEV_D41EE69570A0,low,tier3,NONE,False,False,normal
ACC_EE433CE69ACE,2026-03-21,DEV_D33436A1AB24,high,tier1,NONE,False,False,normal
ACC_C85F5D39D102,2026-03-19,DEV_2548DAFFDEE9,low,tier3,NONE,False,False,normal
ACC_A4A234B3DC47,2026-04-04,DEV_2C49CE05D5A1,high,tier1,NONE,False,False,normal
ACC_8D9E7D4B4212,2026-04-01,DEV_7C137350971B,high,tier2,NONE,False,False,normal
ACC_514086A8612B,2026-03-15,DEV_D14DDAC6BB98,low,tier1,NONE,False,False,normal
ACC_B24EDC966B70,2026-04-24,DEV_6EC3C5AFD792,high,tier1,NONE,False,False,normal
ACC_D52332D37AC0,2026-04-01,DEV_CA32099186E6,medium,tier3,NONE,False,False,normal
ACC_BA711803F45D,2026-04-08,DEV_3D60A9A4D918,medium,tier3,NONE,False,False,normal
ACC_8B4C915D27A3,2026-03-17,DEV_D4CAC903A36C,low,tier2,NONE,False,False,normal
ACC_495A9CFEE184,2026-03-24,DEV_D9F2BA2E63FF,high,tier3,NONE,False,False,normal
ACC_262FA4EBE01E,2026-04-14,DEV_1C683F4689E6,medium,tier1,NONE,False,False,normal
ACC_0269638903B1,2026-03-25,DEV_A394870BC489,medium,tier2,NONE,False,False,normal
ACC_408C1363AE90,2026-04-21,DEV_DA5CBFE56312,high,tier1,WHOLESALE,False,False,supplier
ACC_077E1E15875D,2026-04-05,DEV_3FCB020B0F35,medium,tier1,NONE,False,False,small_business
ACC_A2E82557C90E,2026-03-17,DEV_80A37E7FFB69,high,tier3,NONE,False,False,normal
ACC_ED8788604C50,2026-04-11,DEV_95562C8AE843,medium,tier3,NONE,False,False,normal
ACC_E7DA777D8679,2026-03-18,DEV_10DCFFDC1A33,medium,tier3,NONE,False,False,normal
ACC_D55F4E08176A,2026-03-13,DEV_7451485F6494,low,tier3,NONE,False,False,normal
ACC_5DF71D498D05,2026-03-28,DEV_6FBE73CEA132,medium,tier3,NONE,False,False,normal
ACC_33F9ED1915B2,2026-04-29,DEV_4794E8FFFF2A,medium,tier1,NONE,False,False,normal
ACC_87CEAE5E8ED8,2026-03-17,DEV_C2A66AA47B8B,medium,tier1,NONE,False,False,normal
ACC_5691B1015DD3,2026-04-10,DEV_81749B7560D3,low,tier3,NONE,False,False,normal
ACC_2391897E8F0A,2026-03-27,DEV_34C23555A5E2,medium,tier1,NONE,False,False,normal
ACC_E9CBDA9A1112,2026-04-06,DEV_9593C4EFBA04,high,tier1,NONE,False,False,normal
ACC_333247DE222E,2026-04-07,DEV_86827C98866B,medium,tier3,NONE,False,False,normal
ACC_E45C21EEC324,2026-03-13,DEV_B747B23FD65C,low,tier3,NONE,False,False,normal
ACC_CE94D1F03160,2026-04-17,DEV_D9F76792104C,medium,tier2,NONE,False,False,normal
ACC_AA19389FFDF8,2026-04-07,DEV_E2F9F3DFAA14,high,tier2,NONE,False,False,normal
ACC_C5BAA84C2C64,2026-04-17,DEV_4328299D6869,high,tier3,NONE,False,False,normal
ACC_138870640288,2026-04-14,DEV_13A03FF9DEC4,high,tier1,NONE,False,False,normal
ACC_8A680EF6283C,2026-04-08,DEV_6B84A0C02AEF,medium,tier1,NONE,False,False,normal
ACC_48C07B82C6B5,2026-04-07,DEV_4672B495C363,low,tier2,NONE,False,False,normal
ACC_FE04BCAB06C6,2026-03-29,DEV_9D0CD3CEBC75,high,tier3,NONE,False,False,normal
ACC_0454F8E30027,2026-03-08,DEV_7FD56163937B,high,tier3,NONE,False,False,normal
ACC_824C08A7AD35,2026-03-22,DEV_824848FB8713,medium,tier2,NONE,False,False,normal
ACC_02974C738C74,2026-04-12,DEV_FAD4A81E6D10,low,tier1,NONE,False,False,normal
ACC_3EE18A330C2F,2026-04-22,DEV_D0F2A01C0B37,high,tier3,NONE,False,False,normal
ACC_6A391ED7781B,2026-04-03,DEV_47C85A69FA9A,high,tier1,WHOLESALE,False,False,supplier
ACC_E0C1B7F17C90,2026-04-10,DEV_84C19A28C50F,high,tier2,NONE,False,False,small_business
ACC_7FBFAFF7437D,2026-04-07,DEV_23744A6D5535,high,tier2,NONE,False,False,normal
ACC_4B1438B8C68A,2026-03-10,DEV_8D7D3E68E8D9,high,tier2,NONE,False,False,normal
ACC_9DF959229025,2026-03-27,DEV_2285D8F09C4D,medium,tier1,NONE,False,False,normal
ACC_932FE008B4F7,2026-04-05,DEV_BEEB24E367E1,low,tier2,NONE,False,False,normal
ACC_4FF5CAEDCA02,2026-04-18,DEV_B97C48D7ADBB,medium,tier1,NONE,False,False,normal
ACC_385C30C23D15,2026-03-12,DEV_5210FE093857,high,tier3,NONE,False,False,normal
ACC_9E79047ED882,2026-04-25,DEV_9F333309B7CE,low,tier3,NONE,False,False,normal
ACC_017E8820B6A7,2026-04-19,DEV_4625334CDFEF,medium,tier2,NONE,False,False,normal
ACC_53128AE0D2E9,2026-03-04,DEV_838E7474181B,high,tier1,NONE,False,False,normal
ACC_3857648D3E95,2026-03-12,DEV_FFC7E4A7E0AB,high,tier2,NONE,False,False,normal
ACC_38B344481C7D,2026-03-26,DEV_B195F5DADA83,high,tier3,NONE,False,False,normal
ACC_DF1676DA0505,2026-03-20,DEV_4B625233D0E0,low,tier2,NONE,False,False,normal
ACC_48A7C9992E4E,2026-04-09,DEV_2AC14822D8BF,medium,tier1,NONE,False,False,normal
ACC_28F5DA86C0B8,2026-03-21,DEV_07A3A4157239,medium,tier1,NONE,False,False,normal
ACC_B765329F0A29,2026-04-10,DEV_8F17625DF217,low,tier3,NONE,False,False,normal
ACC_ED1B8CEB556A,2026-03-15,DEV_33C2FEB02652,low,tier2,NONE,False,False,normal
ACC_6BA8DB8E4221,2026-04-30,DEV_1FD37E7145A0,high,tier3,NONE,False,False,normal
ACC_AFD5538225B9,2026-03-19,DEV_D471B1F77ACF,medium,tier2,NONE,False,False,normal
ACC_1CF179649207,2026-04-10,DEV_8700002D13A8,high,tier3,NONE,False,False,normal
ACC_B3FF147E497E,2026-03-13,DEV_059E62C882DD,low,tier3,NONE,False,False,normal
ACC_DA4774532634,2026-03-13,DEV_FFFC42A0D608,medium,tier2,NONE,False,False,normal
ACC_58E84A516E83,2026-04-17,DEV_87EC9A0FAD8A,low,tier3,NONE,False,False,normal
ACC_4B2D145E3B70,2026-03-11,DEV_A8F031B699DE,medium,tier2,NONE,False,False,normal
ACC_14BEBBFE1328,2026-04-28,DEV_EB282E74F5B3,low,tier1,NONE,False,False,normal
ACC_29A4C34396B8,2026-03-08,DEV_9359336669E2,medium,tier3,NONE,False,False,normal
ACC_967015D99758,2026-03-22,DEV_18F62F5E95DA,medium,tier1,NONE,False,False,normal
ACC_88E6C84FC87F,2026-04-24,DEV_BCE179856C0D,high,tier1,NONE,False,False,normal
ACC_4541A4BC64DB,2026-03-10,DEV_E898A7129E6A,medium,tier2,NONE,False,False,normal
ACC_2C5463DE360F,2026-03-08,DEV_B50A0F948D7A,high,tier3,NONE,False,False,normal
ACC_92620D412F53,2026-03-17,DEV_472CC1F98C57,low,tier2,NONE,False,False,normal
ACC_FEC848F9D5FF,2026-04-18,DEV_9C4E5C5DAA8E,medium,tier1,NONE,False,False,normal
ACC_F30D5762CB7C,2026-04-01,DEV_B8276CE12703,low,tier2,NONE,False,False,normal
ACC_2C74DC37616C,2026-04-16,DEV_0561C25202DD,low,tier3,NONE,False,False,normal
ACC_6142774717C3,2026-03-09,DEV_CF445017A63A,high,tier2,NONE,False,False,normal
ACC_F30BA70EA39C,2026-03-05,DEV_C109948BABA5,medium,tier1,NONE,False,False,normal
ACC_8D37819DFEE0,2026-04-20,DEV_CE8B7D5EA157,low,tier2,NONE,False,False,normal
ACC_69699F24A22E,2026-04-30,DEV_7C4ED08804A9,low,tier1,NONE,False,False,normal
ACC_9E074B165637,2026-03-14,DEV_FD8C6B21F78A,low,tier2,NONE,False,False,normal
ACC_F68751B9BEAD,2026-04-03,DEV_D8A90636BCA7,high,tier1,NONE,False,False,normal
ACC_DD92ADBEA7F0,2026-04-03,DEV_42F31D143DC6,low,tier3,WHOLESALE,False,False,supplier
ACC_BDDBDE207B46,2026-03-09,DEV_FCB7502B9480,medium,tier3,NONE,False,False,small_business
ACC_93D25D617395,2026-04-01,DEV_0AABCF635954,low,tier1,NONE,False,False,normal
ACC_AE7E2C611CC3,2026-03-27,DEV_A317B4FD6DFF,medium,tier3,NONE,False,False,normal
ACC_115990B3A8AD,2026-03-25,DEV_24E74C3E4DC9,high,tier2,NONE,False,False,normal
ACC_4B8CF22E4629,2026-03-04,DEV_A7EFEF8274AB,medium,tier2,NONE,False,False,normal
ACC_36D32677AC27,2026-03-14,DEV_36C462D83D6F,low,tier2,NONE,False,False,normal
ACC_3724F3DD1A84,2026-03-14,DEV_BD8BE52F8CFF,low,tier3,NONE,False,False,normal
ACC_4B7BC255C5D9,2026-04-20,DEV_CFE3AACA45EC,medium,tier1,NONE,False,False,normal
ACC_14AB3BBA80C3,2026-03-14,DEV_1B134E2EE1E6,low,tier1,NONE,False,False,normal
ACC_603E79115B10,2026-03-17,DEV_F4A7AD430BA8,high,tier2,NONE,False,False,normal
ACC_13A8681818E5,2026-03-05,DEV_0E6AF6DD59F3,low,tier2,NONE,False,False,normal
ACC_978918318DE8,2026-03-12,DEV_2DD0B70BC058,low,tier1,NONE,False,False,normal
ACC_6971893DA830,2026-03-25,DEV_59E2E384192C,high,tier2,NONE,False,False,normal
ACC_2D99AC1BFE80,2026-03-15,DEV_C8A66A26F2B7,high,tier2,NONE,False,False,normal
ACC_9AAC94694EDB,2026-04-13,DEV_ADBBA63E18FC,medium,tier1,NONE,False,False,normal
ACC_B9948371B587,2026-04-01,DEV_8E12CF34AE66,low,tier1,NONE,False,False,normal
ACC_A4D44F7AD1AF,2026-03-29,DEV_60849518C828,low,tier3,NONE,False,False,normal
ACC_2B8846E68FFD,2026-03-20,DEV_41C4C4D9B262,low,tier1,NONE,False,False,normal
ACC_4A2A6F6612A7,2026-04-29,DEV_161314A59B13,medium,tier3,NONE,False,False,normal
ACC_74AB97D97C53,2026-03-13,DEV_AC6F53B691FF,medium,tier1,NONE,False,False,normal
ACC_94CD85DE7A45,2026-03-14,DEV_BF2C4DCE6342,medium,tier1,NONE,False,False,normal
ACC_93E1E085CBCF,2026-03-24,DEV_8332AF45E8D0,high,tier1,NONE,False,False,normal
ACC_819677575ED4,2026-03-04,DEV_375F3FB2FA0B,low,tier3,NONE,False,False,normal
ACC_92BB468C4A56,2026-04-29,DEV_4D3E684852CA,low,tier1,NONE,False,False,normal
ACC_FCBAA19889E5,2026-05-01,DEV_6FD20C5A4674,low,tier2,NONE,False,False,normal
ACC_86F001E4EFC1,2026-04-14,DEV_CE52AC680B2E,low,tier2,NONE,False,False,normal
ACC_13CF9C3F9C86,2026-04-14,DEV_C0569C99285D,low,tier1,NONE,False,False,normal
ACC_E32DC70A8095,2026-03-14,DEV_E71CB64CE2E6,low,tier3,NONE,False,False,normal
ACC_82E3C9AA0DF2,2026-03-28,DEV_8D19AD2A2DA8,low,tier1,NONE,False,False,normal
ACC_F9162ACDDBD3,2026-03-16,DEV_EDAE7A89FDE7,medium,tier3,NONE,False,False,normal
ACC_8978806DC1F4,2026-03-22,DEV_EDA5E798FBEE,high,tier3,NONE,False,False,normal
ACC_0C715F9099B8,2026-04-21,DEV_984D64EACA42,low,tier2,NONE,False,False,normal
ACC_998A860B0594,2026-04-16,DEV_5669A9421034,low,tier2,NONE,False,False,normal
ACC_219F37E7D895,2026-04-18,DEV_BBE66DB605C5,high,tier1,NONE,False,False,normal
ACC_26E92AE36196,2026-03-20,DEV_D79F68142E18,low,tier2,NONE,False,False,normal
ACC_D61E5CD1BC7D,2026-04-13,DEV_95361BCF8B49,low,tier1,WHOLESALE,False,False,supplier
ACC_54F8747FECB6,2026-03-06,DEV_30F9CD856F04,low,tier3,NONE,False,False,small_business
ACC_3E0627866AF8,2026-04-21,DEV_6C4CEB34DC91,medium,tier2,NONE,False,False,normal
ACC_022869DD5F6C,2026-03-23,DEV_656084A2A8A9,high,tier1,NONE,False,False,normal
ACC_3FFB6E17ACED,2026-04-08,DEV_388B052A8D0C,high,tier2,NONE,False,False,normal
ACC_8E8E0AD2823C,2026-03-17,DEV_2B0B1E1E9BD3,medium,tier2,NONE,False,False,normal
ACC_5A372A61C3F2,2026-05-01,DEV_F081EABA44CC,low,tier1,NONE,False,False,normal
ACC_FF5FD94403E4,2026-04-29,DEV_1F3645E65545,low,tier1,NONE,False,False,normal
ACC_4AB84A2349A0,2026-03-31,DEV_8CFAFD3B753C,medium,tier1,NONE,False,False,normal
ACC_1463ACB95093,2026-03-06,DEV_57A0E4FAB460,high,tier1,NONE,False,False,normal
ACC_CB730D76AB07,2026-03-09,DEV_3D336571D406,medium,tier3,NONE,False,False,normal
ACC_E2641416AC21,2026-04-12,DEV_F365C2B327CB,low,tier3,NONE,False,False,normal
ACC_EC510448BCFC,2026-04-09,DEV_E7A3CDA90375,high,tier2,NONE,False,False,normal
ACC_DF7E04B11DE7,2026-04-16,DEV_8D21B5447238,medium,tier3,NONE,False,False,normal
ACC_CE4F7D6ED68A,2026-03-05,DEV_CA282946756D,low,tier2,NONE,False,False,normal
ACC_AA88BEAA65D0,2026-04-04,DEV_3C39DA475FBB,high,tier1,NONE,False,False,normal
ACC_CBD86A539ADF,2026-03-09,DEV_157ADD8AD795,medium,tier3,NONE,False,False,normal
ACC_650C86F2ED31,2026-04-29,DEV_02D982F4AD43,low,tier2,NONE,False,False,normal
ACC_454E5FA5E2D2,2026-04-10,DEV_5A3A9DCF9EA5,medium,tier1,NONE,False,False,normal
ACC_BBFA009EAAC6,2026-03-26,DEV_A385FDF23A3C,high,tier3,NONE,False,False,normal
ACC_525C7458EB06,2026-04-20,DEV_B864230AC46B,medium,tier2,NONE,False,False,normal
ACC_BF5C5C43785C,2026-03-11,DEV_871F9A8DF10E,medium,tier2,NONE,False,False,normal
ACC_9CB18FB5344C,2026-04-22,DEV_337657E999C9,high,tier1,NONE,False,False,normal
ACC_5BD2B0174809,2026-03-22,DEV_3CA50A6ABBCA,medium,tier3,NONE,False,False,normal
ACC_5F1226F55DC6,2026-03-05,DEV_F20832421CEE,medium,tier2,NONE,False,False,normal
ACC_FBE9409EE44C,2026-03-30,DEV_B8065803BF0A,high,tier1,NONE,False,False,normal
ACC_1BC176475422,2026-04-09,DEV_B1CFC545FF49,medium,tier3,NONE,False,False,normal
ACC_9E3DEAEC1D1E,2026-03-04,DEV_FDCB1B279948,low,tier3,NONE,False,False,normal
ACC_F457E5FD94E0,2026-04-08,DEV_A7BE42726053,low,tier1,NONE,False,False,normal
ACC_EAB61C5160C3,2026-05-01,DEV_311DD74D917F,medium,tier2,NONE,False,False,normal
ACC_A39E2EA2DA59,2026-03-14,DEV_C004239D343E,high,tier2,NONE,False,False,normal
ACC_6949D3FF2B89,2026-04-04,DEV_1E811299527F,high,tier2,NONE,False,False,normal
ACC_1A10CE59D938,2026-04-17,DEV_8BC42EA48BB8,high,tier3,NONE,False,False,normal
ACC_E2D830A567D4,2026-03-27,DEV_536607A265FB,high,tier3,NONE,False,False,normal
ACC_10714CD2D1FB,2026-04-04,DEV_2188B2AF7CC3,medium,tier3,NONE,False,False,normal
ACC_24433E8E9AAC,2026-03-04,DEV_2678E2BE6E9E,medium,tier1,NONE,False,False,normal
ACC_DD73E3C24B51,2026-03-15,DEV_BB23BB148FB7,medium,tier1,NONE,False,False,normal
ACC_EDE9F88A23FC,2026-03-19,DEV_77ADF31AC9A2,medium,tier2,NONE,False,False,normal
ACC_9655CE6CA25E,2026-03-10,DEV_9B9361B733C5,high,tier1,NONE,False,False,normal
ACC_C7BC7D05D86B,2026-03-04,DEV_AACB1C83DE1A,low,tier1,WHOLESALE,False,False,supplier
ACC_82F220015A26,2026-03-07,DEV_A11E501DD6F6,medium,tier2,NONE,False,False,small_business
ACC_7D8D2080345E,2026-03-07,DEV_EA824AC0ABC3,medium,tier2,NONE,False,False,normal
ACC_DB42643623B7,2026-04-14,DEV_06623669F077,low,tier1,NONE,False,False,normal
ACC_E9115943E9C6,2026-03-02,DEV_12DDEAADF3AF,high,tier2,NONE,False,False,normal
ACC_9E3ABFAA852B,2026-04-08,DEV_5123929D36F6,medium,tier2,NONE,False,False,normal
ACC_DF8C70943C65,2026-04-21,DEV_3CE9F41B060C,low,tier1,NONE,False,False,normal
ACC_F990F5608293,2026-04-24,DEV_E615D28DD6D0,medium,tier1,NONE,False,False,normal
ACC_DEF9687C5428,2026-03-30,DEV_CE1227EB8D61,low,tier3,NONE,False,False,normal
ACC_F08DE93A1768,2026-03-16,DEV_EC1CC6335346,low,tier2,NONE,False,False,normal
ACC_5DA0667AA500,2026-03-26,DEV_4E0A2B8383B4,high,tier2,NONE,False,False,normal
ACC_F115237CBAE9,2026-03-28,DEV_5C60790B4C7B,medium,tier2,NONE,False,False,normal
ACC_F10E14CA6688,2026-04-23,DEV_F6098D82DA05,low,tier3,NONE,False,False,normal
ACC_FDBB6CBC41BB,2026-03-14,DEV_2685C6569227,high,tier1,NONE,False,False,normal
ACC_16F693A34506,2026-03-28,DEV_1DBEC4BF58A3,medium,tier2,NONE,False,False,normal
ACC_1F95F8BDD965,2026-04-21,DEV_F207D4D05A16,high,tier1,NONE,False,False,normal
ACC_CF8514C03EA1,2026-04-11,DEV_6FB56C4DAA6C,low,tier3,NONE,False,False,normal
ACC_839A0F14DA05,2026-04-20,DEV_5F47697295CA,low,tier1,NONE,False,False,normal
ACC_5514DFE56A02,2026-03-29,DEV_45C868E863CA,medium,tier3,NONE,False,False,normal
ACC_2E6F85224880,2026-04-22,DEV_B04043075FDF,low,tier3,NONE,False,False,normal
ACC_AFBC103F139B,2026-04-12,DEV_189865930114,high,tier3,WHOLESALE,False,False,supplier
ACC_A23F7E79DE04,2026-04-08,DEV_29125EDED9F9,low,tier1,NONE,False,False,small_business
ACC_548737DADBB9,2026-03-29,DEV_364965656693,medium,tier1,NONE,False,False,normal
ACC_8841425287E9,2026-03-14,DEV_41437CD1FBDC,medium,tier1,NONE,False,False,normal
ACC_0F301C7B2B80,2026-04-28,DEV_D2FE626A2EBC,low,tier3,NONE,False,False,normal
ACC_B9A75EAFB0F7,2026-04-05,DEV_560AFD67688D,low,tier3,NONE,False,False,normal
ACC_43100AEFEC8F,2026-04-13,DEV_7E500048AEF5,medium,tier2,NONE,False,False,normal
ACC_E369525B0F3C,2026-03-29,DEV_D8E6A213441B,low,tier1,NONE,False,False,normal
ACC_2D2E0639D987,2026-04-27,DEV_CC9B618EEEEE,low,tier2,NONE,False,False,normal
ACC_FABD4542D47F,2026-03-14,DEV_642465AB2F55,high,tier2,NONE,False,False,normal
ACC_3891963953AB,2026-03-27,DEV_83CB1571311F,low,tier3,NONE,False,False,normal
ACC_81249BF14542,2026-04-07,DEV_DE7FDA9BC7CC,low,tier1,NONE,False,False,normal
ACC_FD6614C390AE,2026-03-13,DEV_7560B2E8D006,high,tier3,NONE,False,False,normal
ACC_7FFE8B035FFB,2026-03-12,DEV_6C2EF762F74B,low,tier1,NONE,False,False,normal
ACC_96BF8E600CB0,2026-03-02,DEV_24FCAD68A3EE,high,tier3,NONE,False,False,normal
ACC_FE513372A0C3,2026-03-16,DEV_313EE4D42B91,low,tier3,NONE,False,False,normal
ACC_3F8D53A262E0,2026-03-30,DEV_0B947ADCB129,low,tier1,NONE,False,False,normal
ACC_7C7D3A28FAF7,2026-03-25,DEV_2D9DF223A432,medium,tier2,NONE,False,False,normal
ACC_EFC4B6B62B40,2026-04-19,DEV_D6FEF6672F04,low,tier2,NONE,False,False,normal
ACC_14A3BE36085A,2026-04-22,DEV_3482148CF800,medium,tier3,NONE,False,False,normal
ACC_43ECE9C9FF84,2026-04-17,DEV_E27488E11C78,low,tier1,NONE,False,False,normal
ACC_F1977C40EC56,2026-03-27,DEV_23B62B4794B3,medium,tier1,NONE,False,False,normal
ACC_706BD9061F60,2026-03-26,DEV_D647423CD096,medium,tier3,NONE,False,False,normal
ACC_FE37E71D016E,2026-04-08,DEV_650965135D60,medium,tier2,NONE,False,False,normal
ACC_1D2881236B51,2026-04-14,DEV_6EFDA69E5E6E,high,tier2,NONE,False,False,normal
ACC_E8EA7853546B,2026-04-20,DEV_4B44DE9089BE,high,tier3,NONE,False,False,normal
ACC_FC8EAFAD3B7A,2026-04-25,DEV_041AADAFC1BE,high,tier3,NONE,False,False,normal
ACC_28A6C7F03921,2026-03-18,DEV_F5625FFF73D0,medium,tier1,NONE,False,False,normal
ACC_400A48E43A0F,2026-03-18,DEV_CDC8FAEE157E,medium,tier1,NONE,False,False,normal
ACC_5DF6B1805796,2026-04-19,DEV_8EC32CD1D210,low,tier1,NONE,False,False,normal
ACC_6A624BAF4123,2026-04-19,DEV_12E82FFF3759,high,tier2,NONE,False,False,normal
ACC_36339667A6AE,2026-03-15,DEV_EB03ECD1E0DD,low,tier2,NONE,False,False,normal
ACC_0086EED98107,2026-03-06,DEV_53E78BC30149,high,tier2,NONE,False,False,normal
ACC_6A7DF1561D43,2026-04-20,DEV_96263D479633,low,tier2,WHOLESALE,False,False,supplier
ACC_60D3CB0C1E22,2026-03-14,DEV_B9E1F20D3FDB,medium,tier2,NONE,False,False,small_business
ACC_332213DF1149,2026-04-17,DEV_F0E5C5371A96,high,tier3,NONE,False,False,normal
ACC_27951B015463,2026-04-22,DEV_EEA640312E91,high,tier2,NONE,False,False,normal
ACC_6A895553B43A,2026-03-31,DEV_5F1CF589047B,high,tier1,NONE,False,False,normal
ACC_EA81E29B1E4C,2026-03-22,DEV_FEE036208452,low,tier3,NONE,False,False,normal
ACC_BF8EA3C6A3FB,2026-03-30,DEV_4F05F6560757,high,tier3,NONE,False,False,normal
ACC_A286ECAF983D,2026-04-24,DEV_8910B3B8013D,low,tier2,NONE,False,False,normal
ACC_913DF5FB6F3A,2026-04-20,DEV_26E2C88D02EC,high,tier3,NONE,False,False,normal
ACC_69823FA65A22,2026-03-16,DEV_669C87CE4643,low,tier2,NONE,False,False,normal
ACC_73A5E0E5A386,2026-03-24,DEV_A9A5673A3543,high,tier1,NONE,False,False,normal
ACC_0917C10B67C1,2026-03-07,DEV_AAEAAC410EB0,low,tier3,NONE,False,False,normal
ACC_1B8FA034ECE2,2026-04-21,DEV_3D8EEBE41F01,high,tier1,NONE,False,False,normal
ACC_9B9A645C180C,2026-04-29,DEV_B351D41B5FDE,low,tier1,NONE,False,False,normal
ACC_68FEAEE464A4,2026-03-06,DEV_8897049C7850,high,tier2,WHOLESALE,False,False,supplier
ACC_3A50EF4E6BD6,2026-03-18,DEV_C916AB188A01,low,tier2,NONE,False,False,small_business
ACC_3C7B52B522CE,2026-04-25,DEV_BF7711D2F4D1,low,tier3,NONE,False,False,normal
ACC_B4382C32AEB3,2026-03-16,DEV_B1DB10137840,high,tier3,NONE,False,False,normal
ACC_44F032B6B47D,2026-03-19,DEV_E4025C78F401,high,tier3,NONE,False,False,normal
ACC_E90A08A89692,2026-04-04,DEV_18675456215D,medium,tier2,NONE,False,False,normal
ACC_73B3EAC5F9FA,2026-03-29,DEV_23ABFED5A735,low,tier1,NONE,False,False,normal
ACC_A35EBDC4E642,2026-03-15,DEV_90776DBF88BA,medium,tier2,NONE,False,False,normal
ACC_E8CC4A2A0C2A,2026-04-19,DEV_2268172B5D46,medium,tier1,NONE,False,False,normal
ACC_0C49F52461E6,2026-03-08,DEV_4E203AFC3749,medium,tier2,NONE,False,False,normal
ACC_15DC80678896,2026-04-01,DEV_A76BDEE0A06A,medium,tier1,NONE,False,False,normal
ACC_7E32041331D6,2026-03-08,DEV_9713BB532B68,high,tier2,NONE,False,False,normal
ACC_3F6A51F8CD9A,2026-03-24,DEV_802718D9372F,high,tier3,NONE,False,False,normal
ACC_404AECDED0C6,2026-04-17,DEV_D57466C0B7D2,medium,tier2,NONE,False,False,normal
ACC_EBCB743064AE,2026-04-07,DEV_930BEEB48F08,medium,tier3,NONE,False,False,normal
ACC_2B9ED6655187,2026-03-04,DEV_6707B2BDE44C,medium,tier3,NONE,False,False,normal
ACC_277BF6AFDDCA,2026-03-25,DEV_A823F0429B4F,high,tier2,NONE,False,False,normal
ACC_5D2D5013702C,2026-04-08,DEV_D8BF6DAFA41B,medium,tier3,NONE,False,False,normal
ACC_CAF740553A55,2026-03-08,DEV_817791A8D6EA,medium,tier3,NONE,False,False,normal
ACC_6DC920E63D4A,2026-03-05,DEV_63FC0614364D,medium,tier1,NONE,False,False,normal
ACC_B236200AB7FF,2026-04-05,DEV_7CE3785BA347,low,tier3,NONE,False,False,normal
ACC_12E164BBBC6A,2026-04-18,DEV_7311E3BBD304,medium,tier2,NONE,False,False,normal
ACC_A093344EBE60,2026-04-02,DEV_78F5B8A3E3DD,low,tier2,NONE,False,False,normal
ACC_2B194E1AF0EB,2026-03-04,DEV_020CF04A9582,low,tier3,NONE,False,False,normal
ACC_61DE88BABE09,2026-03-04,DEV_CF6B3023FA32,low,tier1,NONE,False,False,normal
ACC_E3A3B3FD9164,2026-03-20,DEV_80FAF9326FE0,low,tier1,NONE,False,False,normal
ACC_5BE474871DF2,2026-04-29,DEV_7FD1EAC116C1,medium,tier2,NONE,False,False,normal
ACC_371B135F97C1,2026-03-26,DEV_EA9CD93DEE5E,low,tier3,WHOLESALE,False,False,supplier
ACC_825E30EDDD27,2026-03-29,DEV_69D002CE8E1B,high,tier2,NONE,False,False,small_business
ACC_5A4918AEBF83,2026-04-10,DEV_657CAD9FC5CA,high,tier1,NONE,False,False,normal
ACC_D94432983C90,2026-03-08,DEV_3941E5928568,medium,tier3,NONE,False,False,normal
ACC_8083D081B09E,2026-03-22,DEV_776B76999AFD,high,tier3,NONE,False,False,normal
ACC_A1E836F6676A,2026-04-28,DEV_71A111FB02C3,high,tier3,NONE,False,False,normal
ACC_5542BCC369A8,2026-03-07,DEV_E01FF742904B,medium,tier3,NONE,False,False,normal
ACC_521525196BF2,2026-03-05,DEV_1AA177F73D6C,high,tier3,NONE,False,False,normal
ACC_C398CD21D840,2026-04-11,DEV_1CB686DABBE4,low,tier2,NONE,False,False,normal
ACC_D759BFE8B143,2026-03-17,DEV_13865F6CFC86,high,tier2,NONE,False,False,normal
ACC_99CE8B7275EB,2026-04-06,DEV_2E57CE559618,low,tier3,NONE,False,False,normal
ACC_7D3B40361A4D,2026-03-21,DEV_150F6E0DACE1,low,tier2,NONE,False,False,normal
ACC_8341D7C99194,2026-03-10,DEV_B616ED015F50,medium,tier3,NONE,False,False,normal
ACC_0913AFCF2402,2026-03-23,DEV_C58B226C5FE3,high,tier2,NONE,False,False,normal
ACC_C0913006D8E5,2026-04-18,DEV_C187B5C74865,high,tier1,NONE,False,False,normal
ACC_F9E56E017E4D,2026-03-05,DEV_2D2874BEF7EC,medium,tier2,NONE,False,False,normal
ACC_D5BA443A1F80,2026-04-11,DEV_8DA95222F647,high,tier3,NONE,False,False,normal
ACC_B80E516ED568,2026-04-04,DEV_090EAFC16B4E,medium,tier2,NONE,False,False,normal
ACC_3279DBAD76E2,2026-04-09,DEV_869DE1FB54C4,high,tier1,NONE,False,False,normal
ACC_824E849A8F75,2026-04-21,DEV_06C288F121C5,high,tier2,NONE,False,False,normal
ACC_10B6173CD266,2026-03-31,DEV_F95CA916A6CA,medium,tier3,NONE,False,False,normal
ACC_305C189532C0,2026-03-28,DEV_437D4AA93F8D,high,tier2,NONE,False,False,normal
ACC_CAC76E9011DE,2026-03-02,DEV_144A44B0CAB7,medium,tier1,NONE,False,False,normal
ACC_400A1F6BA8DE,2026-04-14,DEV_D4E767F484F1,medium,tier2,NONE,False,False,normal
ACC_6A14CF5C6B64,2026-03-02,DEV_F36DA9F378F0,high,tier3,NONE,False,False,normal
ACC_7571F294C3E9,2026-04-05,DEV_6E0E454817EA,high,tier2,WHOLESALE,False,False,supplier
ACC_833742D12269,2026-03-21,DEV_F2334F54E700,high,tier2,NONE,False,False,small_business
ACC_9689217531A4,2026-04-11,DEV_4960DCCC559F,low,tier1,NONE,False,False,normal
ACC_C11BA9D2C51B,2026-03-27,DEV_D4CBCD83B34A,medium,tier3,NONE,False,False,normal
ACC_140A022F609A,2026-04-08,DEV_28D72EAC0EB4,high,tier2,NONE,False,False,normal
ACC_C38F2F2DD0B0,2026-03-05,DEV_39234123E0AE,low,tier3,NONE,False,False,normal
ACC_E63EBA7F1309,2026-03-11,DEV_BD784AE32255,low,tier3,NONE,False,False,normal
ACC_AD305BE23E6A,2026-03-31,DEV_EFDB9ED6C185,low,tier1,NONE,False,False,normal
ACC_F742518C046D,2026-03-13,DEV_D0770404E98A,medium,tier2,NONE,False,False,normal
ACC_CA42936EE610,2026-04-11,DEV_44A9EA5ABE00,low,tier2,NONE,False,False,normal
ACC_035FF5E271A6,2026-03-24,DEV_D790960E7526,low,tier3,NONE,False,False,normal
ACC_EF3BF9F9A43A,2026-04-20,DEV_2E53134D5874,high,tier2,NONE,False,False,normal
ACC_C014C27FC7E8,2026-03-19,DEV_E0024FC41FB8,medium,tier2,NONE,False,False,normal
ACC_64673C6FC98B,2026-04-29,DEV_EEBC0E57A832,low,tier3,NONE,False,False,normal
ACC_E8556CC4888C,2026-03-14,DEV_A5445A08B20A,low,tier3,NONE,False,False,normal
ACC_783639EB118E,2026-03-24,DEV_6102E98AEB23,medium,tier2,GAMBLING,False,False,supplier
ACC_00EFE2F10606,2026-03-09,DEV_0D79322173A1,high,tier2,NONE,False,False,small_business
ACC_AAF97CDB4A2D,2026-03-27,DEV_C4D6289B8940,high,tier2,NONE,False,False,normal
ACC_1E4373256C3C,2026-03-12,DEV_F26B60B0B59A,medium,tier1,NONE,False,False,normal
ACC_D3C721DC0B97,2026-04-23,DEV_C76F7C87E5C7,medium,tier3,NONE,False,False,normal
ACC_86C36A158524,2026-03-03,DEV_6374CDA93AE5,low,tier2,NONE,False,False,normal
ACC_EB416BFD1684,2026-04-06,DEV_61CC9CAD4DB7,high,tier3,NONE,False,False,normal
ACC_961EA1D29179,2026-04-15,DEV_C779D987F38A,medium,tier2,NONE,False,False,normal
ACC_76721240722A,2026-03-08,DEV_85849870216C,high,tier1,NONE,False,False,normal
ACC_338FE11E6726,2026-04-24,DEV_53D2E99608F2,medium,tier2,NONE,False,False,normal
ACC_2A085EB20F80,2026-03-11,DEV_A988283AD5A4,high,tier2,NONE,False,False,normal
ACC_F1AC5FAA7E70,2026-03-11,DEV_15E3AB1D80F9,high,tier3,NONE,False,False,normal
ACC_670A7A8C81AE,2026-04-08,DEV_011E40ACCC80,high,tier2,NONE,False,False,normal
ACC_2CE81B4E57F4,2026-04-21,DEV_BBE3D41C6D7F,medium,tier2,NONE,False,False,normal
ACC_DB353C2862DE,2026-03-14,DEV_B1B91AA10B6F,medium,tier3,NONE,False,False,normal
ACC_A7ABAE6AB151,2026-03-05,DEV_51BF03D98141,low,tier1,NONE,False,False,normal
ACC_CFF10A4706BF,2026-03-26,DEV_622C307531E2,medium,tier1,NONE,False,False,normal
ACC_E29441023EFE,2026-04-29,DEV_6DB15A58F3AC,high,tier1,NONE,False,False,normal
ACC_BAE6FC58A925,2026-03-26,DEV_AC41543865C8,low,tier1,NONE,False,False,normal
ACC_1B1D1FC9BEA4,2026-04-09,DEV_146282899D96,high,tier2,NONE,False,False,normal
ACC_01B905099BE0,2026-04-21,DEV_20A3A3075AAB,medium,tier2,NONE,False,False,normal
ACC_1F7E6B18B98D,2026-03-17,DEV_9CC1E23AD60A,high,tier3,NONE,False,False,normal
ACC_30AEAFBA8265,2026-04-20,DEV_7E97980FBFDF,high,tier1,NONE,False,False,normal
ACC_59D7F58622D7,2026-04-11,DEV_A713A38269CA,medium,tier3,NONE,False,False,normal
ACC_E408804839B2,2026-03-31,DEV_D4717AC287A8,high,tier1,NONE,False,False,normal
ACC_7C1C5FE645DD,2026-04-02,DEV_B13EDB055847,high,tier2,NONE,False,False,normal
ACC_4BA3C8FC9A43,2026-03-17,DEV_AE48359C8E27,medium,tier3,NONE,False,False,normal
ACC_5F1FA2AE95F8,2026-03-23,DEV_939B8CDAA34D,medium,tier2,NONE,False,False,normal
ACC_E2365C5BB15A,2026-03-16,DEV_14529237DCD9,low,tier1,NONE,False,False,normal
ACC_005A3E4A0FF3,2026-04-04,DEV_FA1F9E69342A,low,tier1,NONE,False,False,normal
ACC_F9F524A7A068,2026-04-29,DEV_2C685824936E,high,tier3,NONE,False,False,normal
ACC_AC8F2E6BAE98,2026-03-09,DEV_31753A02C330,medium,tier3,NONE,False,False,normal
ACC_70933A916594,2026-03-13,DEV_8EB6C2AEF16D,low,tier2,NONE,False,False,normal
ACC_ACD45946AC06,2026-04-06,DEV_331646E2FE46,high,tier1,NONE,False,False,normal
ACC_C79A69C579BA,2026-04-01,DEV_21EDD1FDCC66,high,tier3,NONE,False,False,normal
ACC_B4DCAF2BBD47,2026-04-04,DEV_6C76932C2057,low,tier1,NONE,False,False,normal
ACC_134E042F0724,2026-04-01,DEV_FF4B3059D5F1,medium,tier1,NONE,False,False,normal
ACC_8FE8656EB649,2026-03-07,DEV_015CB9742543,high,tier1,NONE,False,False,normal
ACC_09E9A7331C03,2026-03-07,DEV_30FCB73C50E6,high,tier2,NONE,False,False,normal
ACC_CC995A3AC9D2,2026-04-22,DEV_11033BA14072,low,tier2,NONE,False,False,normal
ACC_E9854E3E3506,2026-03-07,DEV_200FB749B458,high,tier1,NONE,False,False,normal
ACC_60EF251B47BF,2026-04-22,DEV_1630C0F19A8D,high,tier3,NONE,False,False,normal
ACC_7B31FD11953A,2026-03-21,DEV_5A5AD50C036B,low,tier2,NONE,False,False,normal
ACC_A6AF8C11D47E,2026-03-25,DEV_1DC886A83432,low,tier2,WHOLESALE,False,False,supplier
ACC_260D96EBC0AC,2026-03-29,DEV_67BD2A94F547,high,tier3,NONE,False,False,small_business
ACC_7DEF7EFF1BF5,2026-04-15,DEV_A04ECA6B8B93,medium,tier3,NONE,False,False,normal
ACC_8EE5ADFB31E2,2026-04-11,DEV_5872A56DFB34,medium,tier3,NONE,False,False,normal
ACC_E813A16A0E33,2026-03-30,DEV_4C8E3B58F99B,high,tier1,NONE,False,False,normal
ACC_6F7C74CAD261,2026-03-03,DEV_6BEA0A57B5D9,medium,tier3,NONE,False,False,normal
ACC_8275453754EA,2026-03-30,DEV_68EE67AB633E,medium,tier3,NONE,False,False,normal
ACC_3D2D7B33A3E0,2026-04-26,DEV_DD5FFE26C94D,low,tier2,NONE,False,False,normal
ACC_BC8A1DC0B870,2026-04-21,DEV_AEB2CEEFEEEB,high,tier3,NONE,False,False,normal
ACC_FF1758B7FF34,2026-04-16,DEV_79DDA357A4AA,medium,tier3,NONE,False,False,normal
ACC_DA675F73DCB6,2026-04-26,DEV_6D0E5E2C71E8,medium,tier1,NONE,False,False,normal
ACC_5E1500A7D9DF,2026-03-09,DEV_BED4DAF3DCA0,high,tier3,NONE,False,False,normal
ACC_CFB919BFD894,2026-04-07,DEV_365834DEBFFE,high,tier3,NONE,False,False,normal
ACC_D367B20E2F86,2026-03-21,DEV_DE22AD94F9C9,low,tier2,NONE,False,False,normal
ACC_78713A39D7EC,2026-04-26,DEV_483FEA2873BB,high,tier3,NONE,False,False,normal
ACC_9E417EB58634,2026-03-23,DEV_C4D2A381D62B,high,tier3,NONE,False,False,normal
ACC_2B4E33790E5A,2026-03-15,DEV_B26C2AB97C8E,high,tier2,NONE,False,False,normal
ACC_7DC2018E3531,2026-04-26,DEV_51E6ABC27F7F,low,tier1,NONE,False,False,normal
ACC_AEFF45B4A6B3,2026-04-18,DEV_1C02F6FAE3D8,medium,tier2,NONE,False,False,normal
ACC_D895C6A96C96,2026-04-13,DEV_3B2CC2765C0B,high,tier1,NONE,False,False,normal
ACC_6CD1AD8492B8,2026-03-17,DEV_EA277C533EE3,low,tier3,NONE,False,False,normal
ACC_F3917B318A56,2026-03-18,DEV_5617A2BA1CC2,medium,tier2,NONE,False,False,normal
ACC_6AC8CDE92E3E,2026-03-05,DEV_7D4E9105A18C,high,tier1,NONE,False,False,normal
ACC_4B67A270ED13,2026-04-13,DEV_7EBBEDEC092B,medium,tier3,NONE,False,False,normal
ACC_59332FA6A913,2026-03-13,DEV_C3F96989C679,medium,tier2,NONE,False,False,normal
ACC_EEE7DC0A441F,2026-03-24,DEV_0112C23EDFAC,medium,tier1,NONE,False,False,normal
ACC_9FEF9020EBE9,2026-03-30,DEV_9AB82EB32E60,medium,tier1,NONE,False,False,normal
ACC_93A7098ED6DB,2026-04-21,DEV_20EF0F964D81,medium,tier1,NONE,False,False,normal
ACC_A42DE53E275A,2026-03-28,DEV_EBC122F5D0FE,low,tier2,NONE,False,False,normal
ACC_C9B4B390DCCE,2026-03-22,DEV_C068F811AD11,medium,tier1,NONE,False,False,normal
ACC_BD94A1E1448B,2026-04-02,DEV_E53508A252A1,low,tier1,NONE,False,False,normal
ACC_3C4B70E474DA,2026-04-08,DEV_6B6FA8B8DF31,medium,tier3,NONE,False,False,normal
ACC_FF4142B60244,2026-04-03,DEV_A12ED72D06FA,low,tier3,NONE,False,False,normal
ACC_E3DE48B54B74,2026-04-18,DEV_E3A36BF1B2A0,medium,tier2,NONE,False,False,normal
ACC_DCF907D3E04A,2026-03-07,DEV_8070FF015F2E,high,tier3,NONE,False,False,normal
ACC_2EA89761BD58,2026-03-10,DEV_95D3E698A406,medium,tier2,NONE,False,False,normal
ACC_24A64DDA35C1,2026-03-24,DEV_EE838AA01A53,high,tier2,NONE,False,False,normal
ACC_A10ADDDDD481,2026-04-29,DEV_CA826F785461,high,tier1,NONE,False,False,normal
ACC_8285AEF675DE,2026-03-12,DEV_A90AA416D4F5,low,tier3,NONE,False,False,normal
ACC_59D20CC7FE1C,2026-04-30,DEV_24D4F443A0CE,medium,tier3,CRYPTO_EXCHANGE,False,False,supplier
ACC_D32B588F4243,2026-03-27,DEV_F07386648492,medium,tier1,NONE,False,False,small_business
ACC_073F611BBE58,2026-03-18,DEV_3FE8EE6FA8E8,medium,tier2,NONE,False,False,normal
ACC_EE09EC26CD6B,2026-04-03,DEV_D882B8C8D182,low,tier3,NONE,False,False,normal
ACC_64E7E9FCEC15,2026-03-19,DEV_4C8CB0A016D8,medium,tier3,NONE,False,False,normal
ACC_328B8EDE741F,2026-04-07,DEV_12256F61B327,low,tier1,NONE,False,False,normal
ACC_A678351B2CE3,2026-03-06,DEV_250BD995B4FC,high,tier3,NONE,False,False,normal
ACC_4AF2DD65482D,2026-04-20,DEV_648B8EFCFC29,high,tier1,NONE,False,False,normal
ACC_99AC4368067C,2026-03-13,DEV_788CC9E5BFFB,high,tier1,NONE,False,False,normal
ACC_474CB956D5B5,2026-04-27,DEV_02C2F9E06239,high,tier1,NONE,False,False,normal
ACC_73082D170A94,2026-04-24,DEV_1D92F775A994,medium,tier3,NONE,False,False,normal
ACC_7100C7A9593D,2026-04-09,DEV_EEF314428260,high,tier1,NONE,False,False,normal
ACC_97F7A0D3ADEC,2026-04-03,DEV_87E3F476D6E3,medium,tier3,NONE,False,False,normal
ACC_BA7F342F1100,2026-03-06,DEV_9C81EF2D7905,low,tier1,NONE,False,False,normal
ACC_05592EAAA252,2026-04-30,DEV_470C22632C26,low,tier2,NONE,False,False,normal
ACC_2918D0F6D333,2026-03-08,DEV_B2072A96CC72,high,tier3,NONE,False,False,normal
ACC_18DE8CD75303,2026-03-04,DEV_AE5B371DE293,medium,tier2,NONE,False,False,normal
ACC_334FF4641850,2026-03-02,DEV_12141E7A7554,low,tier2,CRYPTO_EXCHANGE,False,False,supplier
ACC_670A818A6ED8,2026-03-30,DEV_2176869CF34A,high,tier1,NONE,False,False,small_business
ACC_D304E96E999F,2026-04-16,DEV_E38B29AB4D4C,low,tier2,NONE,False,False,normal
ACC_49A38586F94F,2026-03-22,DEV_678F7632AD27,high,tier1,NONE,False,False,normal
ACC_E1532F8AE0B7,2026-03-24,DEV_BB9A3B90A545,high,tier2,NONE,False,False,normal
ACC_32C4BA3CFFFE,2026-04-18,DEV_44C8E782115F,low,tier2,NONE,False,False,normal
ACC_6A2167DA859B,2026-04-11,DEV_557D36B23C51,high,tier1,NONE,False,False,normal
ACC_78EEE80DFDDC,2026-03-27,DEV_17E09FF08BBA,low,tier3,NONE,False,False,normal
ACC_C5CC8A481130,2026-04-25,DEV_43DF62C84E93,high,tier1,NONE,False,False,normal
ACC_A6707629B09C,2026-03-14,DEV_27A0DC50DB25,medium,tier2,NONE,False,False,normal
ACC_01DA8DD84C75,2026-03-30,DEV_24519FFDCD52,low,tier3,NONE,False,False,normal
ACC_A0C99C0C5605,2026-03-11,DEV_7B627041A691,high,tier2,NONE,False,False,normal
ACC_89142180AA77,2026-04-09,DEV_C8F561E813B8,high,tier1,NONE,False,False,normal
ACC_3F5DBB62F4FB,2026-03-30,DEV_CDE19D694B3F,medium,tier1,NONE,False,False,normal
ACC_9D8553A547A7,2026-03-05,DEV_FE59BCCCE8DB,low,tier2,NONE,False,False,normal
ACC_47FEF1BC1050,2026-04-04,DEV_D20D94AAA55A,medium,tier3,NONE,False,False,normal
ACC_CF891E280F44,2026-03-20,DEV_B1F905543EAB,medium,tier2,NONE,False,False,normal
ACC_E26D925FB272,2026-04-11,DEV_98B9926CF64B,high,tier2,NONE,False,False,normal
ACC_3F53728DC07D,2026-04-02,DEV_71254F7BC454,low,tier2,NONE,False,False,normal
ACC_34E8D90CD387,2026-04-20,DEV_B88ABC7A3472,high,tier1,NONE,False,False,normal
ACC_9DB5B5713A99,2026-04-04,DEV_2FDF3DB6439E,low,tier2,NONE,False,False,normal
ACC_0B55053C0318,2026-03-11,DEV_2997B7E47345,low,tier2,NONE,False,False,normal
ACC_8B6E14F0FA9F,2026-04-18,DEV_FF869381300A,low,tier2,NONE,False,False,normal
ACC_C16DF47877A4,2026-04-25,DEV_EFF166AF689A,low,tier1,NONE,False,False,normal
ACC_4947E7D05ED7,2026-04-20,DEV_368C38560CF0,low,tier2,GAMBLING,False,False,supplier
ACC_1482411611E6,2026-03-14,DEV_66332027A27A,low,tier1,NONE,False,False,small_business
ACC_7755EA283744,2026-04-08,DEV_2F1541B815EA,high,tier2,NONE,False,False,normal
ACC_F6A6D25A6773,2026-04-18,DEV_A8BE8E4008C9,low,tier2,NONE,False,False,normal
ACC_359B44930A0A,2026-04-16,DEV_DFD710C81BAF,low,tier2,NONE,False,False,normal
ACC_2251DF28AE89,2026-04-11,DEV_329B47CA8227,high,tier3,NONE,False,False,normal
ACC_F23A892D0518,2026-04-22,DEV_23CA6A0EA0CD,low,tier3,NONE,False,False,normal
ACC_820CA9507EE3,2026-04-27,DEV_D724081AE879,high,tier1,NONE,False,False,normal
ACC_0B13DE3919A3,2026-03-30,DEV_A78318DCCC7F,high,tier1,NONE,False,False,normal
ACC_080EA49D1917,2026-03-25,DEV_D9DF5F737E75,low,tier2,NONE,False,False,normal
ACC_4B758CBA9E06,2026-04-15,DEV_1A996FCBFA5D,medium,tier3,NONE,False,False,normal
ACC_E618E787B059,2026-04-10,DEV_ED440F01756B,low,tier1,NONE,False,False,normal
ACC_3B275CB3B2E4,2026-03-02,DEV_CE54BD05A1ED,low,tier3,NONE,False,False,normal
ACC_857337E52336,2026-04-17,DEV_D4BD503C510C,low,tier3,NONE,False,False,normal
ACC_6C1271989610,2026-03-04,DEV_48B41AAB0635,low,tier2,NONE,False,False,normal
ACC_215505F42D0C,2026-03-12,DEV_E09EE470CA14,high,tier1,NONE,False,False,normal
ACC_9FA5F0B4A873,2026-04-06,DEV_84108C8E3972,high,tier1,NONE,False,False,normal
ACC_C4199E717E91,2026-04-26,DEV_152A109911D7,medium,tier1,NONE,False,False,normal
ACC_1D11A2B7139D,2026-03-17,DEV_C7DABC17A8FD,medium,tier1,NONE,False,False,normal
ACC_85037F95E498,2026-03-20,DEV_D1EC10BEB1D3,medium,tier3,NONE,False,False,normal
ACC_4EA98595127D,2026-03-19,DEV_FFD3BB454490,high,tier2,NONE,False,False,normal
ACC_68367C500A68,2026-03-04,DEV_D95AB2AB5225,high,tier2,NONE,False,False,normal
ACC_168A54EC7AF8,2026-04-20,DEV_938E4885ECE0,low,tier2,NONE,False,False,normal
ACC_E7FF5F7B1EB4,2026-04-14,DEV_73E961635C84,high,tier2,NONE,False,False,normal
ACC_E4C917447A18,2026-03-22,DEV_6CCE0D1302D7,medium,tier3,NONE,False,False,normal
ACC_C1DC4A977419,2026-04-29,DEV_CDE8F2F7ADBB,medium,tier1,NONE,False,False,normal
ACC_82CC5CF1DAA8,2026-03-05,DEV_05616B427989,high,tier3,NONE,False,False,normal
ACC_52ED9F9F4142,2026-03-04,DEV_1D03D200A053,high,tier1,NONE,False,False,normal
ACC_1F96339A61BC,2026-03-19,DEV_EE8D72BFC39E,high,tier3,NONE,False,False,normal
ACC_705CBE17085B,2026-04-11,DEV_E7523A588F46,low,tier2,NONE,False,False,normal
ACC_DE4B8A8D0101,2026-03-06,DEV_E958BFD6F660,medium,tier2,NONE,False,False,normal
ACC_E17AC21B1EFB,2026-04-08,DEV_39CAF4B86BE1,medium,tier3,NONE,False,False,normal
ACC_AE798CD18C63,2026-04-20,DEV_9408CE134BBD,medium,tier1,NONE,False,False,normal
ACC_3012BB79774F,2026-03-19,DEV_D032198FAED6,medium,tier3,NONE,False,False,normal
ACC_87901C97E069,2026-03-31,DEV_CA3BA360FF52,high,tier2,NONE,False,False,normal
ACC_5C7C88B568D7,2026-04-08,DEV_417C458BE093,low,tier2,NONE,False,False,normal
ACC_32D016B6047F,2026-03-08,DEV_65516B90788A,medium,tier2,NONE,False,False,normal
ACC_B9BEC0B7533A,2026-03-15,DEV_6067114425D1,low,tier2,NONE,False,False,normal
ACC_34D801AA998F,2026-03-02,DEV_4AA0603C95D8,high,tier3,NONE,False,False,normal
ACC_9642C635B244,2026-04-22,DEV_297380945B5A,high,tier2,NONE,False,False,normal
ACC_F0F1DCE870FC,2026-04-09,DEV_DB1654C00A8F,low,tier1,NONE,False,False,normal
ACC_E3F6CD60DD12,2026-04-05,DEV_8AADFCA2CDCD,low,tier2,NONE,False,False,normal
ACC_41C03D618B62,2026-04-28,DEV_B5099081CA30,low,tier1,NONE,False,False,normal
ACC_8F6C93BA84AF,2026-04-30,DEV_E340ACA23BBB,low,tier2,WHOLESALE,False,False,supplier
ACC_8C844B69D36C,2026-04-21,DEV_9ECBBED6CC5F,low,tier1,NONE,False,False,small_business
ACC_D1C288C6C05A,2026-03-30,DEV_32E3B3A89779,medium,tier1,NONE,False,False,normal
ACC_06B78614C4AD,2026-03-31,DEV_92FDC218567A,medium,tier3,NONE,False,False,normal
ACC_7A993667C04C,2026-03-31,DEV_DA8D7FC7AB4D,medium,tier3,NONE,False,False,normal
ACC_7E488F650EB2,2026-03-24,DEV_8155D34C7116,high,tier3,NONE,False,False,normal
ACC_6A8654D1F956,2026-03-30,DEV_E84096AF2D1B,medium,tier3,NONE,False,False,normal
ACC_5FE25A29AB15,2026-03-07,DEV_0B0E39D87003,low,tier1,NONE,False,False,normal
ACC_55663B9CA2EC,2026-03-26,DEV_C01EC033AB28,medium,tier2,NONE,False,False,normal
ACC_4672D0B9C629,2026-03-03,DEV_80B067A95E71,medium,tier3,NONE,False,False,normal
ACC_CB452F9B01D0,2026-04-24,DEV_6CC200A73B97,low,tier3,NONE,False,False,normal
ACC_B6C213A3861C,2026-03-28,DEV_0312C0B71825,high,tier2,NONE,False,False,normal
ACC_4F2F9809BBE5,2026-03-24,DEV_E4787FA65746,medium,tier1,NONE,False,False,normal
ACC_3A8E3EB886EB,2026-04-14,DEV_C10A542CD3F4,high,tier3,NONE,False,False,normal
ACC_597B0D135A05,2026-05-01,DEV_84306043A21A,medium,tier3,WHOLESALE,False,False,supplier
ACC_867A58E3C09A,2026-03-08,DEV_3E894FCF0BC3,medium,tier2,NONE,False,False,small_business
ACC_D8CF5C206D75,2026-04-09,DEV_C92FC4322E45,low,tier3,NONE,False,False,normal
ACC_51596363706F,2026-03-16,DEV_45228299508E,high,tier2,NONE,False,False,normal
ACC_4B7740D4320E,2026-04-09,DEV_5FE396002F38,low,tier3,NONE,False,False,normal
ACC_0291C1E5AD60,2026-04-07,DEV_B45286D4EC37,high,tier2,NONE,False,False,normal
ACC_DCD351F124CE,2026-03-04,DEV_C976D9EA4C27,high,tier2,NONE,False,False,normal
ACC_22AC839BDCD3,2026-03-22,DEV_79FBFCB876C5,medium,tier2,NONE,False,False,normal
ACC_F6AE22A21F04,2026-03-26,DEV_2F3D20F0C4D6,medium,tier3,NONE,False,False,normal
ACC_1C1C60EBB799,2026-04-13,DEV_1D8BA3F67F23,high,tier2,NONE,False,False,normal
ACC_D77ACF8AED26,2026-04-24,DEV_98F4A9C1D450,low,tier3,NONE,False,False,normal
ACC_87E502CF40E7,2026-03-09,DEV_8A865AFFA767,medium,tier3,NONE,False,False,normal
ACC_DE8C7DB3F73F,2026-03-21,DEV_EB450C39A131,medium,tier3,NONE,False,False,normal
ACC_7B35CD2E3858,2026-03-02,DEV_A299FB2D982A,medium,tier2,NONE,False,False,normal
ACC_28B1FB205368,2026-03-13,DEV_D3AEA4E1213E,low,tier3,NONE,False,False,normal
ACC_B4B2F836C03A,2026-03-20,DEV_C1B7E178B709,medium,tier3,NONE,False,False,normal
ACC_D22375F9F297,2026-03-22,DEV_5773E488FC89,high,tier2,NONE,False,False,normal
ACC_F39E36D272C9,2026-03-28,DEV_EC914603778D,high,tier1,NONE,False,False,normal
ACC_C2D1303D9017,2026-03-13,DEV_134DB3574F26,high,tier3,NONE,False,False,normal
ACC_8C9ACA31ECF1,2026-03-15,DEV_04D9C88CCD80,medium,tier3,NONE,False,False,normal
ACC_41ED1EBE2685,2026-04-14,DEV_2EF9B2838F89,high,tier1,NONE,False,False,normal
ACC_D73DD2B29A1F,2026-03-17,DEV_D30AB76AF986,low,tier1,NONE,False,False,normal
ACC_7EF778521AF5,2026-03-23,DEV_A1F22C143A5F,medium,tier2,WHOLESALE,False,False,supplier
ACC_17506A868F30,2026-03-24,DEV_5B625C61CECE,high,tier2,NONE,False,False,small_business
ACC_8D31F30C0981,2026-03-23,DEV_986D3790E8DD,medium,tier1,NONE,False,False,normal
ACC_87A7D5A16C7F,2026-03-06,DEV_D890DD675D1D,medium,tier2,NONE,False,False,normal
ACC_DF98914B0C5A,2026-03-02,DEV_ECDEA06A71CF,high,tier2,NONE,False,False,normal
ACC_DCEC9C3321FA,2026-03-06,DEV_49BF6F4FE98C,medium,tier1,NONE,False,False,normal
ACC_858A2C86FD14,2026-03-17,DEV_059A4053F8AD,low,tier3,NONE,False,False,normal
ACC_4C168C5DE261,2026-03-21,DEV_8256C56E0314,low,tier2,NONE,False,False,normal
ACC_86F0066A8FAA,2026-04-30,DEV_51D6B2ADBAD6,high,tier1,NONE,False,False,normal
ACC_126EBB8B30F8,2026-03-09,DEV_5444B83B7CA7,low,tier3,NONE,False,False,normal
ACC_AAE831A4C501,2026-04-19,DEV_B318B3EAD81E,medium,tier3,NONE,False,False,normal
ACC_F669FE142AF7,2026-04-30,DEV_A9489BBE54A0,medium,tier3,NONE,False,False,normal
ACC_62852C8E035E,2026-04-21,DEV_E81737BDB368,medium,tier1,NONE,False,False,normal
ACC_11089D21F06C,2026-03-29,DEV_CF8BADEF5841,low,tier1,NONE,False,False,normal
ACC_7843B8636539,2026-04-28,DEV_29AB28FB1F92,low,tier3,NONE,False,False,normal
ACC_712544E2DCED,2026-03-09,DEV_D01772D58770,high,tier1,NONE,False,False,normal
ACC_246B2121DAB0,2026-04-24,DEV_6AE3D683CA2D,high,tier2,NONE,False,False,normal
ACC_2781601D2D60,2026-03-07,DEV_38296AB853D3,high,tier3,NONE,False,False,normal
ACC_0137578AC6EF,2026-04-28,DEV_D4F976AF9124,high,tier1,NONE,False,False,normal
ACC_5BE4503DCC25,2026-04-24,DEV_C91F29DB5D20,medium,tier1,NONE,False,False,normal
ACC_14E26F546482,2026-04-11,DEV_297B8389D5FD,medium,tier3,NONE,False,False,normal
ACC_646CC7EF7547,2026-04-17,DEV_CB4A10B360FF,medium,tier1,NONE,False,False,normal
ACC_48BF856DE41A,2026-04-23,DEV_DFAC32196EFB,medium,tier2,WHOLESALE,False,False,supplier
ACC_9E0B5CF440C1,2026-04-21,DEV_C06AACD95A78,medium,tier2,NONE,False,False,small_business
ACC_C71B678CFA77,2026-04-03,DEV_542E708565DD,medium,tier3,NONE,False,False,normal
ACC_D4BEB7816906,2026-04-21,DEV_C084EAFD9E25,medium,tier1,NONE,False,False,normal
ACC_24C5E3428928,2026-04-10,DEV_BA6554739A2C,medium,tier3,NONE,False,False,normal
ACC_4BEE5EFB7B2A,2026-03-18,DEV_CA124F27D7A0,low,tier3,NONE,False,False,normal
ACC_7CB640CCA5F2,2026-03-27,DEV_973BBAE7A71B,high,tier1,NONE,False,False,normal
ACC_342E46B92A93,2026-03-31,DEV_71D8BFEDD98F,high,tier1,NONE,False,False,normal
ACC_B13CC1F3ED56,2026-04-28,DEV_7B538A6422F1,high,tier3,NONE,False,False,normal
ACC_D607253E58F3,2026-04-04,DEV_273699A104A8,medium,tier1,NONE,False,False,normal
ACC_14EE237CD4D2,2026-03-13,DEV_968AF5EB9263,high,tier3,NONE,False,False,normal
ACC_06DF6974F48B,2026-03-10,DEV_621C9DB51896,high,tier3,NONE,False,False,normal
ACC_E1AEF8527E4F,2026-04-10,DEV_4322E52524B8,low,tier1,NONE,False,False,normal
ACC_3311A8C39907,2026-04-16,DEV_45558716181C,medium,tier1,NONE,False,False,normal
ACC_A33F5161E736,2026-04-08,DEV_292C00A5810B,medium,tier3,NONE,False,False,normal
ACC_291EEFC45AC4,2026-04-04,DEV_F19ACC0C756A,high,tier1,NONE,False,False,normal
ACC_435193DE2251,2026-04-11,DEV_C5251F7804A0,medium,tier1,NONE,False,False,normal
ACC_74DA5EA3505A,2026-04-16,DEV_408EF0B9BC2A,high,tier1,NONE,False,False,normal
ACC_DE2F9C247FD8,2026-03-24,DEV_8FF2CBEB35DA,medium,tier1,NONE,False,False,normal
ACC_2137B079F95B,2026-04-23,DEV_7EEDF1EC501C,low,tier2,NONE,False,False,normal
ACC_918D62E61199,2026-04-21,DEV_A617D8D5A1A7,medium,tier2,NONE,False,False,normal
ACC_DFB8BAF46B08,2026-04-06,DEV_86BAFA626A1E,low,tier3,NONE,False,False,normal
ACC_C59CC4B2BD40,2026-03-31,DEV_488C0E770EBD,high,tier3,NONE,False,False,normal
ACC_FA6CD6B3C5D2,2026-03-03,DEV_A900AB3BAEF6,low,tier2,NONE,False,False,normal
ACC_9FADD3AFB2E5,2026-04-12,DEV_483BBA1F6356,medium,tier1,NONE,False,False,normal
ACC_F0EB690F6FE0,2026-03-06,DEV_A01A6EB3011A,high,tier2,NONE,False,False,normal
ACC_81D3F0943F16,2026-03-22,DEV_53EF1E9499FE,high,tier3,NONE,False,False,normal
ACC_AA0AEE90F97E,2026-04-14,DEV_BABA22718ACB,low,tier2,NONE,False,False,normal
ACC_BF0E66B65AEC,2026-04-16,DEV_BD97227AEBE9,medium,tier1,NONE,False,False,normal
ACC_0CE026B92462,2026-03-21,DEV_9570BE19DC3E,high,tier3,NONE,False,False,normal
ACC_C7B679A5F138,2026-04-14,DEV_E71C3ED7BF9B,high,tier2,NONE,False,False,normal
ACC_FA62BF666861,2026-03-07,DEV_D77E56840E4F,medium,tier3,NONE,False,False,normal
ACC_C78AF3EAD5CA,2026-04-03,DEV_7AE5634B777E,low,tier1,NONE,False,False,normal
ACC_0DE56B16ABC9,2026-04-07,DEV_22F7D00B95BF,high,tier1,NONE,False,False,normal
ACC_737F78EF84E2,2026-03-15,DEV_50FF7E2192E4,high,tier3,NONE,False,False,normal
ACC_5B13694DD5DD,2026-03-25,DEV_F07DD347FF70,high,tier1,NONE,False,False,normal
ACC_BE9AABAF3AB3,2026-03-14,DEV_97B679C26457,low,tier1,NONE,False,False,normal
ACC_74C04C3E444F,2026-04-13,DEV_CBB4E31BEAA9,medium,tier2,NONE,False,False,normal
ACC_7DAD8BF06C46,2026-03-23,DEV_EAEFA98E1E4A,low,tier2,NONE,False,False,normal
ACC_13DDDCB826EB,2026-03-13,DEV_F7772ECE4920,high,tier3,NONE,False,False,normal
ACC_680ECAE1E4E5,2026-04-04,DEV_907D6D496330,medium,tier3,NONE,False,False,normal
ACC_89A35D8573BA,2026-04-24,DEV_5AEF4A87EAF3,high,tier3,NONE,False,False,normal
ACC_F81BB6F8B206,2026-03-03,DEV_71D47C493C39,medium,tier2,NONE,False,False,normal
ACC_6F7FDDD95972,2026-03-20,DEV_57A204D4517F,low,tier3,NONE,False,False,normal
ACC_81AA26E54AD5,2026-04-22,DEV_C69E9FE7330F,low,tier1,NONE,False,False,normal
ACC_1B77A183DE9F,2026-04-17,DEV_F1B5B2B5DC90,low,tier3,NONE,False,False,normal
ACC_13641A3D0FA4,2026-04-01,DEV_FFCEBC10CD51,high,tier2,NONE,False,False,normal
ACC_D3E115472B12,2026-03-11,DEV_AFDE225261E9,low,tier1,NONE,False,False,normal
ACC_6111DF419E69,2026-04-02,DEV_91D3096EAAD4,medium,tier2,NONE,False,False,normal
ACC_0B8B7F80E98E,2026-04-15,DEV_B0543367EA8D,low,tier2,NONE,False,False,normal
ACC_88515803D04D,2026-03-15,DEV_F05B87CF5339,high,tier3,NONE,False,False,normal
ACC_1D724E5BC41D,2026-04-08,DEV_07BCFEC96AD8,low,tier3,NONE,False,False,normal
ACC_35E8B824BE71,2026-03-13,DEV_6B2A0B72E523,low,tier3,NONE,False,False,normal
ACC_69CD4BA1BC36,2026-04-02,DEV_9317BAACE10D,high,tier1,NONE,False,False,normal
ACC_FF1FB6DFFF1C,2026-03-18,DEV_903A642807D2,low,tier3,NONE,False,False,normal
ACC_E6D6235276AA,2026-03-20,DEV_5906E8306213,low,tier2,NONE,False,False,normal
ACC_9624289D0DAA,2026-04-29,DEV_F34E91CD38CB,medium,tier2,NONE,False,False,normal
ACC_F038D93D3946,2026-03-29,DEV_A110CEE4E519,low,tier3,NONE,False,False,normal
ACC_FAC55394248A,2026-03-10,DEV_758D9D600155,medium,tier3,NONE,False,False,normal
ACC_F7D9F535ABB2,2026-05-01,DEV_E3A1E14A898C,high,tier2,NONE,False,False,normal
ACC_23E7DD3D28C3,2026-03-14,DEV_139413AA8303,medium,tier2,GAMBLING,False,False,supplier
ACC_DE59C7818121,2026-03-17,DEV_3D5E9A8697C9,low,tier2,NONE,False,False,small_business
ACC_FC233260B157,2026-05-01,DEV_1C2C0E3B5906,medium,tier3,NONE,False,False,normal
ACC_E433D25D27F1,2026-04-18,DEV_CF8FADDE27FF,high,tier1,NONE,False,False,normal
ACC_9E1BB256118A,2026-04-09,DEV_9AA8FF130B2F,low,tier1,NONE,False,False,normal
ACC_1B971EF2645B,2026-04-17,DEV_15AE845E7C98,low,tier3,NONE,False,False,normal
ACC_A9DDA0337030,2026-03-20,DEV_F5852F08F844,high,tier3,NONE,False,False,normal
ACC_C9B6D50C4192,2026-04-13,DEV_4FF3C621FD55,high,tier1,NONE,False,False,normal
ACC_0B3F250C3052,2026-03-09,DEV_6F5CF1085934,high,tier1,NONE,False,False,normal
ACC_2CE428987888,2026-04-30,DEV_9F54229F564F,low,tier1,NONE,False,False,normal
ACC_13CA6DDBF93D,2026-03-08,DEV_0A1779EB7F55,high,tier1,NONE,False,False,normal
ACC_83107E65C871,2026-04-06,DEV_F2132F467C74,low,tier1,NONE,False,False,normal
ACC_2D217BBF6323,2026-04-29,DEV_64DBF11328B3,high,tier2,NONE,False,False,normal
ACC_B66F6A47AF66,2026-04-28,DEV_9F3804F91A79,high,tier3,NONE,False,False,normal
ACC_AEA36AC310F8,2026-04-13,DEV_9D88FCBA0372,high,tier2,NONE,False,False,normal
ACC_E41BA07C729C,2026-04-01,DEV_94774A0E830C,low,tier3,NONE,False,False,normal
ACC_08966DBDE8A4,2026-04-29,DEV_CB90DF94DF75,low,tier2,NONE,False,False,normal
ACC_EF77663B61CE,2026-04-30,DEV_7E7263D2FF45,medium,tier1,NONE,False,False,normal
ACC_3BFD20148F6D,2026-04-07,DEV_C568BC202137,medium,tier1,NONE,False,False,normal
ACC_772CA97E0C54,2026-04-12,DEV_AB21B4D51746,medium,tier1,NONE,False,False,normal
ACC_9417E44AD9C3,2026-03-23,DEV_6723A184F262,low,tier1,NONE,False,False,normal
ACC_23A37215CEDC,2026-04-02,DEV_F7702D3E8D34,high,tier1,NONE,False,False,normal
ACC_FB14EAD81D5A,2026-04-23,DEV_8FBE54296054,low,tier2,NONE,False,False,normal
ACC_7109D14991C2,2026-03-06,DEV_8ABA5F60888E,low,tier2,NONE,False,False,normal
ACC_238859F40910,2026-03-07,DEV_59EFD32134A8,medium,tier1,NONE,False,False,normal
ACC_C055B8486C51,2026-04-09,DEV_647512A38505,high,tier3,NONE,False,False,normal
ACC_444514E72D56,2026-04-02,DEV_16FD9982A2DE,high,tier1,NONE,False,False,normal
ACC_B04253432D05,2026-03-11,DEV_EF9037BDBBFE,low,tier1,NONE,False,False,normal
ACC_CFA41BFE619D,2026-03-29,DEV_68A3C3093D87,medium,tier2,NONE,False,False,normal
ACC_97D250329973,2026-03-06,DEV_8569B332BA48,low,tier1,NONE,False,False,normal
ACC_EBAAB824C1BC,2026-04-02,DEV_0F0A3E82FFD7,medium,tier2,NONE,False,False,normal
ACC_810BAEE1DA68,2026-04-20,DEV_88F947ABBB07,low,tier1,NONE,False,False,normal
ACC_C1C7B83486EB,2026-03-11,DEV_F3B040177C7D,medium,tier1,NONE,False,False,normal
ACC_76562D5942B7,2026-04-28,DEV_1939D3519A7D,high,tier2,NONE,False,False,normal
ACC_28DC6D01979F,2026-03-14,DEV_B44D782E8FF7,medium,tier3,NONE,False,False,normal
ACC_0C8D09DCC826,2026-04-08,DEV_0C3BDA5EE030,medium,tier3,NONE,False,False,normal
ACC_CED819FF7023,2026-04-27,DEV_3D905523C57A,low,tier2,NONE,False,False,normal
ACC_5BDA7299B6EC,2026-03-16,DEV_EAA0FBA1F6E2,high,tier3,NONE,False,False,normal
ACC_E558AA516575,2026-03-19,DEV_C9D33EA243CD,low,tier1,NONE,False,False,normal
ACC_235970A99AB7,2026-04-15,DEV_3AA7C88AC196,low,tier3,NONE,False,False,normal
ACC_CD784631AB90,2026-03-08,DEV_789575EE6C29,medium,tier2,NONE,False,False,normal
ACC_DDA38C6EF8AC,2026-04-01,DEV_E96149F7AB1B,high,tier2,CRYPTO_EXCHANGE,False,False,supplier
ACC_414F35739461,2026-03-30,DEV_0FCC8ED6615A,low,tier2,NONE,False,False,small_business
ACC_9617FCCB54D8,2026-04-09,DEV_A627EBDB50F3,low,tier3,NONE,False,False,normal
ACC_58ECBBB4E96E,2026-04-12,DEV_746982F51DC0,low,tier2,NONE,False,False,normal
ACC_4597862B66E9,2026-03-28,DEV_857E746DB3E4,medium,tier2,NONE,False,False,normal
ACC_EECB304088D9,2026-04-20,DEV_03B0BBEABF52,high,tier3,NONE,False,False,normal
ACC_6AC888785FD7,2026-04-25,DEV_B73FC875B5AF,high,tier2,NONE,False,False,normal
ACC_43E262B5CA6A,2026-04-08,DEV_82E4F87B6BDF,low,tier2,NONE,False,False,normal
ACC_CD647F3D0A88,2026-04-02,DEV_8FF43D53CCB3,medium,tier2,NONE,False,False,normal
ACC_E16464B098A6,2026-03-08,DEV_FD5DF36588AB,medium,tier3,NONE,False,False,normal
ACC_5D6E99B31765,2026-03-17,DEV_80095E0BDD12,high,tier3,NONE,False,False,normal
ACC_73284211EB66,2026-03-19,DEV_916441782B46,low,tier3,NONE,False,False,normal
ACC_D16FF2C440D2,2026-04-03,DEV_50DE4697A896,high,tier2,NONE,False,False,normal
ACC_E5307186155F,2026-04-22,DEV_C37986056CF8,medium,tier3,NONE,False,False,normal
ACC_D98EA864C6DF,2026-04-24,DEV_5D5C78EAA0C6,low,tier1,NONE,False,False,normal
ACC_77B296F9386B,2026-03-06,DEV_4F46B68A37F8,high,tier3,NONE,False,False,normal
ACC_E67D7512D542,2026-03-21,DEV_58F36F0C7C46,high,tier2,NONE,False,False,normal
ACC_C9D8E2211132,2026-03-31,DEV_BB186072C176,low,tier3,NONE,False,False,normal
ACC_1FF10694ABB6,2026-04-10,DEV_11F3DBAEAB77,medium,tier1,NONE,False,False,normal
ACC_3266CE8E0B8B,2026-03-19,DEV_D38A1DA17344,medium,tier3,NONE,False,False,normal
ACC_C40895F1B36B,2026-03-16,DEV_277CCE1B2AC0,high,tier1,NONE,False,False,normal
ACC_B120FE3D4621,2026-04-30,DEV_94A74D45B7B5,high,tier2,NONE,False,False,normal
ACC_5E8252D35F05,2026-04-25,DEV_2AA619C6B63D,high,tier3,NONE,False,False,normal
ACC_A4C223133300,2026-03-06,DEV_8227380ABD4F,low,tier1,NONE,False,False,normal
ACC_7754D983F817,2026-03-11,DEV_C179F6E716FF,high,tier2,NONE,False,False,normal
ACC_9E936A4C2505,2026-03-23,DEV_313F70080DF8,high,tier3,NONE,False,False,normal
ACC_27F9B4B990B6,2026-04-23,DEV_0B34F3D7A305,low,tier3,NONE,False,False,normal
ACC_E51F19A2E304,2026-04-06,DEV_F28ABE7B3412,medium,tier1,WHOLESALE,False,False,supplier
ACC_E86BC036544B,2026-04-21,DEV_38A5DFCA1E2B,low,tier3,NONE,False,False,small_business
ACC_12811A2DB19E,2026-04-09,DEV_ABDA31E5C712,medium,tier1,NONE,False,False,normal
ACC_96495787F241,2026-04-28,DEV_7A7F2BCCDEF3,medium,tier3,NONE,False,False,normal
ACC_1291020C2F90,2026-03-20,DEV_AE65B8AEEAC2,high,tier1,NONE,False,False,normal
ACC_B40F26176094,2026-04-06,DEV_73216622F06F,medium,tier2,NONE,False,False,normal
ACC_0F8B9C8221EB,2026-03-28,DEV_9F4384499470,low,tier2,NONE,False,False,normal
ACC_17BCD7C05346,2026-03-21,DEV_498D016D1B71,high,tier1,NONE,False,False,normal
ACC_EDE22679B1CA,2026-04-07,DEV_6F918EEF8D66,medium,tier2,NONE,False,False,normal
ACC_D7F4F9C56E6E,2026-03-03,DEV_9CD3CB8DAB96,high,tier1,NONE,False,False,normal
ACC_59FED80CD247,2026-04-24,DEV_992B4B38349B,medium,tier2,NONE,False,False,normal
ACC_0B72174FE031,2026-04-19,DEV_52C1C3939E38,medium,tier2,NONE,False,False,normal
ACC_4CB2DEB7A517,2026-04-11,DEV_9BE8070D2033,medium,tier1,NONE,False,False,normal
ACC_AF2CD10996F6,2026-04-27,DEV_B323AD18408B,medium,tier2,NONE,False,False,normal
ACC_652468A500B4,2026-03-19,DEV_F02146F61FE1,high,tier1,NONE,False,False,normal
ACC_6E645DC38945,2026-03-26,DEV_2B99C9BBF117,low,tier3,NONE,False,False,normal
ACC_0D7CDC92763F,2026-04-25,DEV_E758EE13D77C,low,tier2,NONE,False,False,normal
ACC_2CCF23E40EFE,2026-03-20,DEV_30AE405E089B,high,tier3,NONE,False,False,normal
ACC_31CC102F8737,2026-03-26,DEV_E9ECF0B1D1D2,medium,tier1,NONE,False,False,normal
ACC_2AD989E7DD4E,2026-03-29,DEV_7B2F038612AF,low,tier2,NONE,False,False,normal
ACC_905C7128A308,2026-04-18,DEV_54AF571AD45F,medium,tier2,NONE,False,False,normal
ACC_45E9DA7539A6,2026-03-21,DEV_AFA23894EBAC,low,tier1,NONE,False,False,normal
ACC_35F7CDB18B76,2026-04-29,DEV_875868EE0CAA,low,tier3,NONE,False,False,normal
ACC_213E3AF65E50,2026-04-11,DEV_988AF34D3953,low,tier1,NONE,False,False,normal
ACC_3D33C2C4D392,2026-03-12,DEV_79361C6B3068,medium,tier2,NONE,False,False,normal
ACC_8538A2A0616D,2026-04-23,DEV_64C9F944A0DD,low,tier2,NONE,False,False,normal
ACC_5C4A4718F931,2026-03-29,DEV_6342C43891D9,low,tier3,NONE,False,False,normal
ACC_5F9ED75DB25F,2026-03-06,DEV_141823713D53,high,tier1,NONE,False,False,normal
ACC_96971F3AA7CA,2026-03-22,DEV_0EBB4F995E16,high,tier2,NONE,False,False,normal
ACC_CE36049FBCE8,2026-03-19,DEV_7357161463A1,medium,tier3,NONE,False,False,normal
ACC_C11B358C7FDF,2026-04-09,DEV_7B1894492CE0,high,tier2,NONE,False,False,normal
ACC_DB98CF4093EF,2026-03-09,DEV_068B5420BCCD,medium,tier1,NONE,False,False,normal
ACC_5976B6928278,2026-04-23,DEV_15EAD7F967AC,medium,tier2,NONE,False,False,normal
ACC_5171137EE64E,2026-03-14,DEV_D62E5DB0B248,high,tier2,NONE,False,False,normal
ACC_16917E5D5604,2026-03-05,DEV_5D7AF77A88A3,medium,tier1,NONE,False,False,normal
ACC_C6AE8FA146BD,2026-03-28,DEV_D3A5AB65BDB8,high,tier2,NONE,False,False,normal
ACC_1555EF61086A,2026-03-04,DEV_281665B82BD9,high,tier1,NONE,False,False,normal
ACC_9285665B639F,2026-04-25,DEV_C7DF0BA6201C,medium,tier1,NONE,False,False,normal
ACC_E5272A3496B1,2026-03-07,DEV_EBCF8EA7C4E4,medium,tier2,NONE,False,False,normal
ACC_1FD61F6DF4D6,2026-04-07,DEV_84BFBD042228,medium,tier3,NONE,False,False,normal
ACC_8BEAC181A736,2026-03-29,DEV_A70E04F3188F,high,tier2,NONE,False,False,normal
ACC_5318521E8B89,2026-03-09,DEV_576873BA1617,high,tier2,NONE,False,False,normal
ACC_950123341897,2026-04-08,DEV_9393D79CF229,low,tier1,NONE,False,False,normal
ACC_2D538C83C1B7,2026-03-14,DEV_112CA76A237C,medium,tier3,NONE,False,False,normal
ACC_5CF1DFC5AFD7,2026-03-05,DEV_53E0483DE3C9,low,tier2,NONE,False,False,normal
ACC_2CC6C6442D1C,2026-04-06,DEV_2F11357AC882,low,tier2,NONE,False,False,normal
ACC_46864374A1DA,2026-03-20,DEV_ACCFE04BAE90,low,tier1,NONE,False,False,normal
ACC_C52A98B18913,2026-03-21,DEV_1A0311ADA1C9,high,tier2,NONE,False,False,normal
ACC_1954CA2268F1,2026-04-22,DEV_02D0304F90A8,low,tier3,NONE,False,False,normal
ACC_1901B95B58D2,2026-04-04,DEV_9D3B55A4C4AD,medium,tier1,NONE,False,False,normal
ACC_640D3C6FC727,2026-03-26,DEV_8F5AF61522EF,high,tier2,NONE,False,False,normal
ACC_62A9CF4A1D2E,2026-03-22,DEV_C9446D582360,high,tier3,NONE,False,False,normal
ACC_7F710076FC9D,2026-04-20,DEV_417F24CD0758,high,tier3,NONE,False,False,normal
ACC_BAAC7BE657FA,2026-04-05,DEV_062CB5B1C7BA,high,tier2,NONE,False,False,normal
ACC_FF2316109DFE,2026-03-14,DEV_D481181FA7F4,high,tier2,NONE,False,False,normal
ACC_AA093DD23CC7,2026-04-17,DEV_BB8EF87B6E6B,high,tier1,NONE,False,False,normal
ACC_347AA30B330B,2026-03-09,DEV_9ABDCD941B0F,high,tier3,WHOLESALE,False,False,supplier
ACC_A577290574CD,2026-04-24,DEV_F705E5490546,high,tier1,NONE,False,False,small_business
ACC_652BF6F15672,2026-04-11,DEV_D371AA4E30CD,low,tier3,NONE,False,False,normal
ACC_132185BEC63C,2026-04-01,DEV_4A3A091EE5A4,medium,tier2,NONE,False,False,normal
ACC_8A5945CC1E0C,2026-04-11,DEV_D11A59C9E05C,medium,tier3,NONE,False,False,normal
ACC_0A6F93F9422A,2026-04-03,DEV_2C018AC734F8,low,tier1,NONE,False,False,normal
ACC_E83B1DFC4D77,2026-04-21,DEV_E9433BB949FC,high,tier3,NONE,False,False,normal
ACC_22F040F5E329,2026-03-29,DEV_B08FB7A95891,low,tier2,NONE,False,False,normal
ACC_1B1F3D5B7A3A,2026-04-30,DEV_74145FD4F43D,low,tier2,NONE,False,False,normal
ACC_ED75BBEFFA82,2026-04-04,DEV_9ACF0C969F2F,medium,tier2,NONE,False,False,normal
ACC_9BBE4423DBB1,2026-03-19,DEV_0E7E6A825D20,medium,tier3,NONE,False,False,normal
ACC_0127437703AA,2026-04-01,DEV_4B900F89D4D6,medium,tier3,NONE,False,False,normal
ACC_C61BB1F2413C,2026-03-19,DEV_9DAFF283C26A,high,tier3,NONE,False,False,normal
ACC_3CF96EB4DEFE,2026-04-23,DEV_12B123F49E23,high,tier3,NONE,False,False,normal
ACC_23D6E2C76CBA,2026-04-14,DEV_D31AB5512DDC,high,tier1,NONE,False,False,normal
ACC_C9556F0748B2,2026-04-15,DEV_A0CCC39E6EF3,low,tier1,NONE,False,False,normal
ACC_0F7CC3C55858,2026-03-09,DEV_AE1311A91F0B,low,tier1,NONE,False,False,normal
ACC_8E131BE8CF7D,2026-04-04,DEV_EECBF305C91B,high,tier3,NONE,False,False,normal
ACC_364166529F48,2026-04-03,DEV_C8FDC9A59094,low,tier2,NONE,False,False,normal
ACC_3ED19773E6DA,2026-04-06,DEV_80F9E7FB20E1,low,tier1,NONE,False,False,normal
ACC_604A48619671,2026-04-20,DEV_43ADE1045FD9,medium,tier3,NONE,False,False,normal
ACC_2B1CA5524D9F,2026-03-15,DEV_94D7FD4AB8C7,low,tier2,NONE,False,False,normal
ACC_8F6E4C549D9A,2026-04-24,DEV_8C7A5D69CD38,high,tier1,NONE,False,False,normal
ACC_6B3C54EC28D4,2026-04-25,DEV_B8F1204747E3,high,tier2,NONE,False,False,normal
ACC_B92BCF864B89,2026-03-21,DEV_45C7B55A6B7F,high,tier1,NONE,False,False,normal
ACC_E4C56B51C84D,2026-03-16,DEV_9520AB6365C7,high,tier1,NONE,False,False,normal
ACC_1F6864B2D940,2026-03-20,DEV_8A7C38C56C5B,low,tier2,NONE,False,False,normal
ACC_2BA9EF7FF7D1,2026-04-21,DEV_A178FBFFAA70,medium,tier1,NONE,False,False,normal
ACC_4AEF60C1375F,2026-03-24,DEV_94281A25C943,high,tier1,WHOLESALE,False,False,supplier
ACC_D60E5E7E1706,2026-04-04,DEV_9DC41E89B760,high,tier3,NONE,False,False,small_business
ACC_12F9F77AC8CB,2026-04-12,DEV_A9DA51BEE1FB,low,tier1,NONE,False,False,normal
ACC_A1E879BFDF29,2026-04-29,DEV_2E7C4DFF80D8,low,tier3,NONE,False,False,normal
ACC_A6CEB4170130,2026-04-21,DEV_DF17A73E44D1,low,tier3,NONE,False,False,normal
ACC_0DC439B739F8,2026-03-07,DEV_5A63346299D9,low,tier1,NONE,False,False,normal
ACC_D47B82F6281E,2026-03-21,DEV_CB157571FBE5,high,tier2,NONE,False,False,normal
ACC_27FCDD83D6E5,2026-03-02,DEV_D65E1C7C6084,high,tier1,NONE,False,False,normal
ACC_B6972C01A677,2026-03-14,DEV_DEA119D02A80,high,tier2,NONE,False,False,normal
ACC_3AB31936C08F,2026-03-21,DEV_C51E2A56ADFC,high,tier1,NONE,False,False,normal
ACC_C1D3D88E5B4E,2026-04-12,DEV_4DF9716DE5B9,medium,tier3,NONE,False,False,normal
ACC_0CDB4E3C4F2D,2026-04-18,DEV_A019EF76BCDD,high,tier2,NONE,False,False,normal
ACC_40C9003E3C09,2026-03-14,DEV_3DDD13595DC9,low,tier1,NONE,False,False,normal
ACC_9C533CE3657F,2026-03-02,DEV_A4EC587C4922,low,tier2,WHOLESALE,False,False,supplier
ACC_020420F6312A,2026-04-07,DEV_5AE4EE35E595,medium,tier1,NONE,False,False,small_business
ACC_755A4736109C,2026-04-25,DEV_9F994CE2761C,low,tier2,NONE,False,False,normal
ACC_20E8CC4362AD,2026-03-12,DEV_3DB3EC4AA6A4,high,tier1,NONE,False,False,normal
ACC_5FADC2F77FA1,2026-03-16,DEV_064EE4426141,high,tier3,NONE,False,False,normal
ACC_A80D8275AE22,2026-04-19,DEV_777634C8CFED,low,tier2,NONE,False,False,normal
ACC_1E12A35C9C47,2026-04-08,DEV_DCFBFC737AEF,high,tier3,NONE,False,False,normal
ACC_E325EEEE113A,2026-04-12,DEV_7610F181E05D,low,tier1,NONE,False,False,normal
ACC_278B755A469E,2026-03-13,DEV_B778EE4E4C37,low,tier1,NONE,False,False,normal
ACC_466DA7A28BEF,2026-03-13,DEV_8DBD1D955999,medium,tier3,NONE,False,False,normal
ACC_6C1621A4C7B8,2026-03-25,DEV_84AB569BDA41,high,tier2,NONE,False,False,normal
ACC_1CCE737F2D70,2026-04-28,DEV_84DBC78B2DC6,high,tier3,NONE,False,False,normal
ACC_6B7AC0866120,2026-04-07,DEV_4D5CE2E3040C,medium,tier1,NONE,False,False,normal
ACC_458945656ABE,2026-03-23,DEV_F093EE8E61A3,low,tier1,NONE,False,False,normal
ACC_EB32CFA85DBB,2026-03-03,DEV_38B0DE942D83,medium,tier2,NONE,False,False,normal
ACC_FE5E467629D5,2026-03-20,DEV_F6C0F3BA3EC5,medium,tier1,NONE,False,False,normal
ACC_DBFF0FE873FC,2026-03-20,DEV_FC85E39D91F0,medium,tier2,NONE,False,False,normal
ACC_9F78DF6DDBB2,2026-04-15,DEV_2FD39CDEAC64,medium,tier3,NONE,False,False,normal
ACC_09DA4FCDA9D3,2026-03-19,DEV_6D7605CE083C,high,tier1,NONE,False,False,normal
ACC_6B5F466B8866,2026-04-04,DEV_C1E3F052422F,high,tier1,NONE,False,False,normal
ACC_DA44DFD9AD67,2026-04-13,DEV_B70AAF365E3A,low,tier1,NONE,False,False,normal
ACC_38084251E6D4,2026-04-29,DEV_FDFB7D93ADAB,low,tier3,NONE,False,False,normal
ACC_54B196602461,2026-03-20,DEV_BF15A8F522D8,low,tier3,NONE,False,False,normal
ACC_F1E74F7718DA,2026-04-05,DEV_56AB9CBDF33F,high,tier3,NONE,False,False,normal
ACC_D8BDDA46F326,2026-04-04,DEV_0C44A09CCAEA,medium,tier3,WHOLESALE,False,False,supplier
ACC_998F514A5BA6,2026-03-28,DEV_DDA24005B301,medium,tier3,NONE,False,False,small_business
ACC_621C2A89C80E,2026-05-01,DEV_6BDB7FA4D84F,medium,tier3,NONE,False,False,normal
ACC_0F3D75507BC8,2026-04-09,DEV_7720F23219E2,low,tier3,NONE,False,False,normal
ACC_2EC19688DFF0,2026-03-09,DEV_4786EC6B9D3C,medium,tier3,NONE,False,False,normal
ACC_B54F42465316,2026-04-13,DEV_B9FFFB77393E,low,tier3,NONE,False,False,normal
ACC_AA0200804666,2026-04-17,DEV_AAB30E377A73,low,tier1,NONE,False,False,normal
ACC_9185A8468627,2026-04-13,DEV_E1E6BC163555,high,tier1,NONE,False,False,normal
ACC_D26B498171EA,2026-04-03,DEV_1C94D21BB122,medium,tier2,NONE,False,False,normal
ACC_B6019F7996AF,2026-03-11,DEV_F9DCB4A9DFBA,low,tier3,NONE,False,False,normal
ACC_F8CE18F59BD4,2026-03-05,DEV_0B4BF29607E9,low,tier1,NONE,False,False,normal
ACC_A7497587BB3E,2026-03-21,DEV_7C6CD7BAE101,high,tier2,NONE,False,False,normal
ACC_813D01D8BAE5,2026-03-11,DEV_F4E012331DA2,medium,tier1,NONE,False,False,normal
ACC_85100BA9E498,2026-03-09,DEV_AB78A1354DB6,high,tier1,NONE,False,False,normal
ACC_7EDE2407F5E3,2026-03-07,DEV_164128A3945D,high,tier1,NONE,False,False,normal
ACC_95DD18BAA6E0,2026-04-05,DEV_ED0595185AD1,medium,tier1,NONE,False,False,normal
ACC_7C9AD8042659,2026-04-06,DEV_037CB25F01BD,medium,tier1,NONE,False,False,normal
ACC_988720B8D51B,2026-04-13,DEV_A084DE9E6A01,low,tier1,NONE,False,False,normal
ACC_C2479FEC2073,2026-03-13,DEV_CC071ACFF5BE,low,tier3,NONE,False,False,normal
ACC_794B47BA1AF3,2026-04-13,DEV_7277FE90347B,medium,tier2,NONE,False,False,normal
ACC_50E3158A0C4C,2026-04-29,DEV_D84EB3CB4807,low,tier2,NONE,False,False,normal
ACC_F482AD176815,2026-04-20,DEV_A252237C8425,medium,tier1,NONE,False,False,normal
ACC_DB4B876A7B0F,2026-04-10,DEV_DCCC9621D05A,medium,tier2,NONE,False,False,normal
ACC_55251F178ECF,2026-03-07,DEV_6E04E71781D3,low,tier1,NONE,False,False,normal
ACC_EDFEF5B53CBB,2026-03-10,DEV_29843C700DA1,high,tier3,NONE,False,False,normal
ACC_692779BD7E2E,2026-04-15,DEV_09C966D60877,medium,tier2,NONE,False,False,normal
ACC_6A37C6E6BFF8,2026-04-17,DEV_77B5CED69870,low,tier2,WHOLESALE,False,False,supplier
ACC_4639EC614248,2026-04-19,DEV_53E0736D570E,medium,tier2,NONE,False,False,small_business
ACC_41F11E83F998,2026-03-06,DEV_2E4A1C5FBFB5,high,tier2,NONE,False,False,normal
ACC_291DAABB20AC,2026-03-28,DEV_7E4624E18FEA,medium,tier3,NONE,False,False,normal
ACC_B0BC53D0351A,2026-03-28,DEV_0888ED1AE2AE,high,tier2,NONE,False,False,normal
ACC_FFB0167EB21D,2026-03-11,DEV_821628E699C9,medium,tier1,NONE,False,False,normal
ACC_87151B1585D6,2026-03-15,DEV_E2C614A0A4AD,high,tier3,NONE,False,False,normal
ACC_BD7C7A4F57B8,2026-03-19,DEV_A757B3DE7230,high,tier1,NONE,False,False,normal
ACC_3A668F9187AF,2026-04-01,DEV_B37245240B6A,high,tier1,NONE,False,False,normal
ACC_D7D8E25F1D1E,2026-03-10,DEV_35B748EC7916,low,tier1,NONE,False,False,normal
ACC_072B4F3BBCA2,2026-03-27,DEV_433036419274,low,tier3,NONE,False,False,normal
ACC_85AD573474B4,2026-03-12,DEV_E35CAF45B367,medium,tier2,NONE,False,False,normal
ACC_0E3A838FFDB2,2026-04-13,DEV_16365BB6FF91,medium,tier3,WHOLESALE,False,False,supplier
ACC_04AC8375A73B,2026-04-23,DEV_AED9D9E92997,high,tier3,NONE,False,False,small_business
ACC_86F641FDD3D3,2026-03-09,DEV_637E24A03DEB,high,tier2,NONE,False,False,normal
ACC_DE6FB8B01A6D,2026-04-19,DEV_E0026E933AB7,medium,tier2,NONE,False,False,normal
ACC_1B0D4DB71443,2026-03-31,DEV_1335AA1F8953,low,tier2,NONE,False,False,normal
ACC_EAE83231921A,2026-03-03,DEV_F7AF7A0AE5B2,medium,tier2,NONE,False,False,normal
ACC_D051009AE242,2026-04-28,DEV_AE6DB9EE9518,low,tier2,NONE,False,False,normal
ACC_F8316917D6FD,2026-04-04,DEV_2E956C2CDFED,low,tier2,NONE,False,False,normal
ACC_29457C62CD5A,2026-03-31,DEV_951387FCC589,low,tier1,NONE,False,False,normal
ACC_083A69DB164D,2026-04-11,DEV_974B9430E823,low,tier3,NONE,False,False,normal
ACC_99F83A5FDBA3,2026-04-23,DEV_925AAB686272,medium,tier2,NONE,False,False,normal
ACC_E5B2A2BFD35B,2026-04-18,DEV_97EB42A9318C,high,tier1,NONE,False,False,normal
ACC_6FE3794F6F1E,2026-04-23,DEV_9419E6F75666,low,tier2,NONE,False,False,normal
ACC_8E5888D8E7F9,2026-03-21,DEV_D270DDF08623,low,tier2,NONE,False,False,normal
ACC_F3EABE17EAF9,2026-03-27,DEV_AD77E23EACF2,high,tier1,NONE,False,False,normal
ACC_BB1C2BA5BC48,2026-03-22,DEV_B76C5DF3A0A7,high,tier1,NONE,False,False,normal
ACC_0522431FF931,2026-03-31,DEV_E097E4FA3BE6,high,tier3,NONE,False,False,normal
ACC_BDC74668B777,2026-04-09,DEV_A38245E4DED9,low,tier1,NONE,False,False,normal
ACC_14C82BC9B7A1,2026-04-16,DEV_6FC3FF5F3679,medium,tier2,NONE,False,False,normal
ACC_90EE8E2E5743,2026-04-12,DEV_5ACC3D9139E2,medium,tier1,NONE,False,False,normal
ACC_4BDCCCA7A0CB,2026-03-11,DEV_254B90212C20,low,tier1,NONE,False,False,normal
ACC_F00FDA1148DB,2026-03-31,DEV_093B16A0EAA0,high,tier2,WHOLESALE,False,False,supplier
ACC_1870955BAD64,2026-04-22,DEV_BD9A9F879B00,low,tier3,NONE,False,False,small_business
ACC_83F4E7389402,2026-03-02,DEV_948426620A64,medium,tier1,NONE,False,False,normal
ACC_8A7BC656919B,2026-04-06,DEV_8BD96466F8B1,low,tier3,NONE,False,False,normal
ACC_6288BF3D7F6C,2026-04-04,DEV_DB42B51E77A3,high,tier3,NONE,False,False,normal
ACC_7AE02B92924F,2026-03-27,DEV_2C10B3D8A40A,medium,tier3,NONE,False,False,normal
ACC_9643648B9907,2026-04-25,DEV_7F312372E601,low,tier2,NONE,False,False,normal
ACC_CB8ABB9FEBAC,2026-03-28,DEV_8E113B077736,low,tier3,NONE,False,False,normal
ACC_DBF88D734943,2026-03-04,DEV_D75D8E87185C,medium,tier2,NONE,False,False,normal
ACC_7B5252ADBC2E,2026-03-27,DEV_824CD5597439,low,tier3,NONE,False,False,normal
ACC_ECCCEFF0CB1A,2026-04-15,DEV_9B7AF87082C6,high,tier1,NONE,False,False,normal
ACC_47A91F5E0150,2026-04-23,DEV_D02B5953DDDD,high,tier3,NONE,False,False,normal
ACC_7163C76AA90F,2026-03-03,DEV_CC0298C6BBB1,medium,tier2,NONE,False,False,normal
ACC_12863497D920,2026-04-27,DEV_FE265E9704B7,low,tier2,NONE,False,False,normal
ACC_18DE08311DD4,2026-04-02,DEV_0D6323881C7F,low,tier3,WHOLESALE,False,False,supplier
ACC_D8E51F4FC725,2026-03-20,DEV_93E835A3614F,medium,tier3,NONE,False,False,small_business
ACC_0F73C04AEB68,2026-03-03,DEV_CAC8B9B0C719,medium,tier1,NONE,False,False,normal
ACC_FC9DE09E2617,2026-03-29,DEV_6C936328471D,low,tier1,NONE,False,False,normal
ACC_8F9619A60148,2026-03-13,DEV_8A1B95845FF3,low,tier1,NONE,False,False,normal
ACC_2AB6BE8532FF,2026-03-04,DEV_124E77FAF652,low,tier2,NONE,False,False,normal
ACC_F0720533BF76,2026-03-09,DEV_DA73CB99D6F9,medium,tier3,NONE,False,False,normal
ACC_7379261EF660,2026-04-07,DEV_A1C29B1678A1,medium,tier1,NONE,False,False,normal
ACC_A21EA45DDC18,2026-03-30,DEV_3C5C0642ACFC,medium,tier3,NONE,False,False,normal
ACC_EBF0A5B9ECAC,2026-04-28,DEV_ABC558A911CB,high,tier3,NONE,False,False,normal
ACC_D36EDA89C338,2026-03-21,DEV_9231B90F250F,high,tier2,NONE,False,False,normal
ACC_8D94E155277D,2026-04-06,DEV_590A368C0ECC,low,tier2,NONE,False,False,normal
ACC_BD131761130E,2026-04-29,DEV_1B2014A337EE,high,tier1,NONE,False,False,normal
ACC_28825B9CC04F,2026-04-29,DEV_C929D031BD61,low,tier1,NONE,False,False,normal
ACC_8B906948E43C,2026-04-19,DEV_A4FB6ABB93F9,low,tier1,NONE,False,False,normal
ACC_0D0625AB3218,2026-04-20,DEV_7088F9AC590D,high,tier2,NONE,False,False,normal
ACC_8578E8F23A0D,2026-03-06,DEV_171393E44AF5,high,tier2,NONE,False,False,normal
ACC_B8E00A8708A5,2026-04-11,DEV_B9A24A933A70,medium,tier1,NONE,False,False,normal
ACC_EB3BE4F16628,2026-04-15,DEV_832D9553670F,low,tier2,NONE,False,False,normal
ACC_2D8D87B071FD,2026-03-04,DEV_2C62CC9399F0,high,tier2,NONE,False,False,normal
ACC_1753CB109F86,2026-04-08,DEV_EDCB0B8E2131,low,tier3,NONE,False,False,normal
ACC_EB53363A200A,2026-04-26,DEV_75B341DE9D8D,high,tier3,NONE,False,False,normal
ACC_28B8800D9914,2026-03-06,DEV_777EA5250D00,medium,tier1,NONE,False,False,normal
ACC_BAD3796CC2A6,2026-04-13,DEV_4A4F7790DFC6,medium,tier1,NONE,False,False,normal
ACC_8155AB09EC2D,2026-03-23,DEV_557A13448320,high,tier3,NONE,False,False,normal
ACC_E35DF0A7D791,2026-04-28,DEV_82D63F309230,high,tier2,NONE,False,False,normal
ACC_2B7906698AAF,2026-04-17,DEV_5080C27BEFC2,low,tier1,NONE,False,False,normal
ACC_C64D6A067AFB,2026-04-21,DEV_617316730FC1,medium,tier2,NONE,False,False,normal
ACC_765A80EEF905,2026-04-11,DEV_9DB788A540A5,low,tier2,NONE,False,False,normal
ACC_4D72316D7F68,2026-03-08,DEV_005FBCCD7EE8,low,tier2,NONE,False,False,normal
ACC_DEF93A74243A,2026-03-15,DEV_5106327EDE1F,high,tier3,NONE,False,False,normal
ACC_159771878205,2026-03-10,DEV_C0954CB83F89,low,tier3,NONE,False,False,normal
ACC_4A04D2CE611B,2026-03-29,DEV_B063AA3C4A47,low,tier3,NONE,False,False,normal
ACC_C5993A02E9DA,2026-04-07,DEV_2B4045F8B941,medium,tier1,NONE,False,False,normal
ACC_E0268C56BCEA,2026-04-07,DEV_4F6CEFA21C78,low,tier2,NONE,False,False,normal
ACC_5D5C6A8DA9F9,2026-04-29,DEV_4DBA22BE3D0D,low,tier1,NONE,False,False,normal
ACC_9D6CBDBE6FE2,2026-03-08,DEV_634BD1307095,medium,tier3,NONE,False,False,normal
ACC_05024502FAF3,2026-03-22,DEV_C357E37B93F6,high,tier1,NONE,False,False,normal
ACC_D0DC2E2E0B32,2026-04-23,DEV_23464D84D42D,high,tier1,NONE,False,False,normal
ACC_B2AA755C0817,2026-03-15,DEV_79CD92F1D3D0,low,tier2,NONE,False,False,normal
ACC_08D08FC8CCDD,2026-03-15,DEV_77A1C61FDDE3,low,tier3,NONE,False,False,normal
ACC_69F834623BA8,2026-03-20,DEV_966E4E9581B9,low,tier3,NONE,False,False,normal
ACC_F8DCC21669EC,2026-04-24,DEV_2514F015283B,high,tier1,NONE,False,False,normal
ACC_07BBA2C0755C,2026-04-07,DEV_2ED26A4031D6,low,tier2,NONE,False,False,normal
ACC_F59CDE7C09D9,2026-03-19,DEV_6CD6B5F3C543,medium,tier1,NONE,False,False,normal
ACC_AEAC3A3CF9BD,2026-04-10,DEV_5E4F92B079F6,medium,tier1,NONE,False,False,normal
ACC_C3DF96B91854,2026-03-12,DEV_FC456F383FA7,high,tier1,NONE,False,False,normal
ACC_5760A5B2FCBC,2026-03-24,DEV_AD42F2DD0357,medium,tier2,NONE,False,False,normal
ACC_6BB05A466BDA,2026-04-23,DEV_637EF8DCFCF3,low,tier3,NONE,False,False,normal
ACC_A88D07281AE1,2026-03-25,DEV_BFE7897EEEB0,high,tier1,NONE,False,False,normal
ACC_0D9F9CEDD7DD,2026-04-05,DEV_82523D746D1A,low,tier1,CRYPTO_EXCHANGE,False,False,supplier
ACC_A0AF3339FCED,2026-04-22,DEV_4EE37FB3EB9A,high,tier3,NONE,False,False,small_business
ACC_182DACE85350,2026-04-23,DEV_1E698E0C4AFD,low,tier3,NONE,False,False,normal
ACC_8778CE404D1F,2026-03-14,DEV_49194E872352,low,tier2,NONE,False,False,normal
ACC_07697EC5DE8D,2026-03-25,DEV_06966FBEF4FF,low,tier1,NONE,False,False,normal
ACC_60E71E305239,2026-04-16,DEV_F5925EBD6C2C,low,tier2,NONE,False,False,normal
ACC_28CD652936F9,2026-03-10,DEV_73DE3E44757F,high,tier1,NONE,False,False,normal
ACC_BA85B83C9CC0,2026-04-14,DEV_36DA91196F21,low,tier2,NONE,False,False,normal
ACC_328FA586075A,2026-03-06,DEV_2680A56599F7,medium,tier3,NONE,False,False,normal
ACC_C25C651D1863,2026-03-25,DEV_C24C8E725D09,low,tier1,NONE,False,False,normal
ACC_53787AC022F6,2026-05-01,DEV_25192720085D,low,tier2,NONE,False,False,normal
ACC_939708A383B0,2026-03-16,DEV_F63DFED3D6B8,medium,tier1,NONE,False,False,normal
ACC_6328741E077D,2026-03-27,DEV_C9B957CAA0A8,high,tier3,NONE,False,False,normal
ACC_7A2B7806708B,2026-04-26,DEV_09B42C951D41,medium,tier3,NONE,False,False,normal
ACC_A6E8F349D397,2026-03-09,DEV_A57993FE2C54,low,tier2,NONE,False,False,normal
ACC_8977C5C6FD54,2026-03-15,DEV_EE466DF1B887,low,tier1,NONE,False,False,normal
ACC_37F97200612F,2026-04-16,DEV_D594FE091728,medium,tier1,NONE,False,False,normal
ACC_B6EA24BE3DC4,2026-03-24,DEV_4D9A04400397,high,tier3,NONE,False,False,normal
ACC_FB65C941D85D,2026-03-28,DEV_6BFE7864C7A9,low,tier1,NONE,False,False,normal
ACC_8D13F4506726,2026-04-27,DEV_DFCA484DF730,medium,tier2,NONE,False,False,normal
ACC_0530EE1D45D3,2026-03-28,DEV_F43D524719C1,low,tier1,NONE,False,False,normal
ACC_044BD0DA3371,2026-03-26,DEV_2BFAE2C994D5,low,tier2,NONE,False,False,normal
ACC_6C8515E644FB,2026-03-08,DEV_E43E55912391,low,tier3,NONE,False,False,normal
ACC_8D935E5750B0,2026-04-17,DEV_686D45D0E864,low,tier2,NONE,False,False,normal
ACC_690DB3C20D62,2026-04-05,DEV_CC04D50B6890,high,tier1,NONE,False,False,normal
ACC_7A1C472B0EB5,2026-04-21,DEV_45C5ABB169FB,high,tier2,NONE,False,False,normal
ACC_09A6AB7E75B2,2026-04-13,DEV_512485E52557,low,tier2,NONE,False,False,normal
ACC_ED1F70D06CAB,2026-04-09,DEV_102DC0C8B68D,low,tier2,NONE,False,False,normal
ACC_4A429C54E1E5,2026-03-05,DEV_CEDBA055415F,high,tier3,WHOLESALE,False,False,supplier
ACC_FF3CB47219D4,2026-01-23,DEV_B81FFA0A151A,low,tier1,NONE,False,False,dormant_legit
ACC_803EB9E6CE78,2026-03-12,DEV_E9917E4174B2,medium,tier2,HOSPITAL,False,False,merchant
ACC_19AC4F1AF04F,2026-01-06,DEV_F7F6FCF42605,low,tier2,NONE,False,False,dormant_legit
ACC_2295FB439651,2026-03-18,DEV_7B5957681707,medium,tier3,UTILITIES,False,False,merchant
ACC_70CC55DE0585,2026-01-28,DEV_953CD53B5171,low,tier1,NONE,False,False,dormant_legit
ACC_6053F2CC097C,2026-04-27,DEV_A3DF89000401,medium,tier1,UTILITIES,False,False,merchant
ACC_862E66E3C117,2026-01-18,DEV_32097C93C4E5,low,tier2,NONE,False,False,dormant_legit
ACC_244D0A6850CD,2026-03-17,DEV_106347C0414C,low,tier1,UTILITIES,False,False,merchant
ACC_C4A91ED5871B,2026-01-25,DEV_80C6B7A8A285,low,tier2,NONE,False,False,dormant_legit
ACC_E4217634BF76,2026-04-15,DEV_F7A3A9F87401,low,tier2,UTILITIES,False,False,merchant
ACC_D6BF3A875C1F,2025-11-11,DEV_E48B7CE5827B,low,tier2,NONE,False,False,dormant_legit
ACC_06885AC19A65,2026-04-13,DEV_1DD56A58CFCC,low,tier1,CRYPTO_EXCHANGE,False,False,merchant
ACC_D32082003D62,2026-02-06,DEV_A1D28EC45F73,low,tier1,NONE,False,False,dormant_legit
ACC_54C5D233F1A1,2026-04-25,DEV_1DBCE9F91B41,low,tier1,HOSPITAL,False,False,merchant
ACC_6391A52614ED,2026-02-21,DEV_82D9A7D5CD78,low,tier3,NONE,False,False,dormant_legit
ACC_A7141122B6B8,2026-03-24,DEV_EB3A03406068,low,tier1,UTILITIES,False,False,merchant
ACC_A608999702BE,2025-11-09,DEV_B77ECA149028,low,tier3,NONE,False,False,dormant_legit
ACC_647B1FE82421,2026-03-10,DEV_155BD7FC6C97,high,tier3,HOSPITAL,False,False,merchant
ACC_428C533AFAB5,2026-01-09,DEV_F2751020C944,low,tier2,NONE,False,False,dormant_legit
ACC_AE0BE62FE276,2026-04-09,DEV_5551C3E870D7,medium,tier2,EDUCATION,False,False,merchant
ACC_8BD536FEB2EE,2026-02-01,DEV_CF2B2B5E74A2,low,tier1,NONE,False,False,dormant_legit
ACC_F901E0CEE5EF,2026-04-27,DEV_8209694EC4CA,low,tier2,EDUCATION,False,False,merchant
ACC_C4B6152B3A2D,2026-02-21,DEV_3CC2AED8E99F,low,tier1,NONE,False,False,dormant_legit
ACC_6E5C6A996FFA,2026-03-28,DEV_BDBD58EB5E9A,medium,tier3,HOSPITAL,False,False,merchant
ACC_521C175E0262,2025-12-10,DEV_84F87E4F9556,low,tier3,NONE,False,False,dormant_legit
ACC_C27EE2161CF4,2026-04-07,DEV_122F19668178,low,tier1,HOSPITAL,False,False,merchant
ACC_7D42ADE58C94,2025-12-30,DEV_ABFFC66A8D9B,low,tier3,NONE,False,False,dormant_legit
ACC_9B5D90876AF5,2026-04-07,DEV_B07D15AEF3D8,low,tier2,EDUCATION,False,False,merchant
ACC_B81C2FC4B298,2026-02-09,DEV_A383A6538ACE,low,tier3,NONE,False,False,dormant_legit
ACC_C871F6F769AA,2026-03-09,DEV_F8D0C849A6FD,low,tier1,HOSPITAL,False,False,merchant
ACC_4C5B8530230F,2026-02-09,DEV_17AEB3E919AC,low,tier3,NONE,False,False,dormant_legit
ACC_EE72F6DECCBB,2026-03-09,DEV_EB1FDFB62959,low,tier3,HOSPITAL,False,False,merchant
ACC_E103781A66E8,2026-01-07,DEV_916FE3397803,low,tier2,NONE,False,False,dormant_legit
ACC_8C6DAD1A362F,2026-03-24,DEV_7C986887A867,high,tier2,HOSPITAL,False,False,merchant
ACC_15D62A3F7C9B,2026-02-04,DEV_1A155301ECEA,low,tier1,NONE,False,False,dormant_legit
ACC_60D719E2A021,2026-03-21,DEV_A84234F61E2D,high,tier1,HOSPITAL,False,False,merchant
ACC_042E7E0F8340,2025-11-26,DEV_52CFA675EF9E,low,tier1,NONE,False,False,dormant_legit
ACC_47E8BD1D35C3,2026-04-08,DEV_5DF4FE012B9C,low,tier1,HOSPITAL,False,False,merchant
ACC_60AB3082C902,2025-12-21,DEV_78ABDE2CB782,low,tier1,NONE,False,False,dormant_legit
ACC_4853461586AE,2026-04-05,DEV_AA6D0DF57FD0,low,tier2,HOSPITAL,False,False,merchant
ACC_B8398AB6240B,2026-01-05,DEV_26C6110705C2,low,tier3,NONE,False,False,dormant_legit
ACC_0A9C721E094A,2026-03-24,DEV_2A841D765959,medium,tier1,CRYPTO_EXCHANGE,False,False,merchant
ACC_B893DF02B69B,2025-12-13,DEV_3F8769BF10AA,low,tier1,NONE,False,False,dormant_legit
ACC_9EEAC0885118,2026-03-23,DEV_2353DE001BB7,medium,tier1,HOSPITAL,False,False,merchant
ACC_8DFAE338365D,2026-01-09,DEV_BE8E2817484C,low,tier3,NONE,False,False,dormant_legit
ACC_1579A42697E1,2026-03-04,DEV_5E96639E8FFE,high,tier2,UTILITIES,False,False,merchant
ACC_FACAEB696482,2026-02-03,DEV_8335AB7E1083,low,tier3,NONE,False,False,dormant_legit
ACC_5A8A90E51F9E,2026-03-17,DEV_61807C144E47,low,tier3,UTILITIES,False,False,merchant
ACC_F51835405452,2025-12-21,DEV_0F2F118F4497,low,tier1,NONE,False,False,dormant_legit
ACC_97BEF48CA4E9,2026-03-09,DEV_7B8AEE1BE7AF,low,tier1,EDUCATION,False,False,merchant
ACC_FB5F3809721B,2026-01-23,DEV_B7C5F5913801,low,tier1,NONE,False,False,dormant_legit
ACC_D913C175EE68,2026-04-08,DEV_CDE2D4B8E066,low,tier3,EDUCATION,False,False,merchant
ACC_FABDE0C4841E,2026-01-08,DEV_2D99C7170F9A,low,tier1,NONE,False,False,dormant_legit
ACC_8DBCD3413FB5,2026-04-13,DEV_6C824447E7D3,low,tier1,EDUCATION,False,False,merchant
ACC_EE7BB9D401DD,2026-01-13,DEV_8F950EBEBA05,low,tier3,NONE,False,False,dormant_legit
ACC_38C935457FF9,2026-03-02,DEV_E1403E2BDEFA,medium,tier1,EDUCATION,False,False,merchant
ACC_EF12189AC359,2026-01-14,DEV_3830019D2F9B,low,tier3,NONE,False,False,dormant_legit
ACC_3CA6DFE476EF,2026-03-22,DEV_30DFBDB2A629,low,tier2,UTILITIES,False,False,merchant
ACC_6BD4CA80F40E,2026-01-13,DEV_8EBAC1471ED6,low,tier3,NONE,False,False,dormant_legit
ACC_C40B5E9609AF,2026-04-02,DEV_A31808B9EA40,medium,tier1,HOSPITAL,False,False,merchant
ACC_9A28E58FD6CA,2026-01-31,DEV_2CAD7B275979,low,tier1,NONE,False,False,dormant_legit
ACC_F832AC9580B3,2026-04-08,DEV_A292DFFC7755,high,tier3,HOSPITAL,False,False,merchant
ACC_B4DEE84EF976,2026-01-03,DEV_36D03574A13E,low,tier3,NONE,False,False,dormant_legit
ACC_A938B0015A90,2026-03-09,DEV_4179FBEC89F1,high,tier1,UTILITIES,False,False,merchant
ACC_DA4254222849,2026-01-27,DEV_B97C73409626,low,tier1,NONE,False,False,dormant_legit
ACC_ADEA9A1F4FBE,2026-03-13,DEV_DF7DEE275A97,medium,tier1,UTILITIES,False,False,merchant
ACC_704AA1C5D433,2026-02-18,DEV_9E9FC1D3F663,low,tier3,NONE,False,False,dormant_legit
ACC_174675384D36,2026-04-11,DEV_A01477E66512,medium,tier3,EDUCATION,False,False,merchant
ACC_4B14B276DC49,2026-01-19,DEV_4181A3816E1D,low,tier1,NONE,False,False,dormant_legit
ACC_A25486C78E82,2026-04-10,DEV_6FFC1932B9D0,medium,tier1,EDUCATION,False,False,merchant
ACC_EAB95C6FCACB,2026-01-05,DEV_B559123E7489,low,tier2,NONE,False,False,dormant_legit
ACC_D947248D9914,2026-03-08,DEV_A56D31F60FCB,high,tier3,HOSPITAL,False,False,merchant
ACC_AE75ACD9EAAA,2026-01-03,DEV_4344580318AA,low,tier3,NONE,False,False,dormant_legit
ACC_20B05EA441C9,2026-03-11,DEV_EA0D458E8B02,medium,tier1,HOSPITAL,False,False,merchant
ACC_65A3FB290D03,2026-03-01,DEV_02A6BFE00E70,low,tier2,NONE,False,False,dormant_legit
ACC_9C21D635852E,2026-04-18,DEV_37E47F77A409,medium,tier3,UTILITIES,False,False,merchant
ACC_5CB184C3CAFC,2026-01-25,DEV_B25412660700,low,tier2,NONE,False,False,dormant_legit
ACC_AB59DCB9B764,2026-04-03,DEV_7C7BFBB1E299,low,tier3,HOSPITAL,False,False,merchant
ACC_891920130CC6,2025-12-22,DEV_FA6AD63D3CC8,low,tier3,NONE,False,False,dormant_legit
ACC_6071259825D6,2026-04-27,DEV_07F5A3353EE3,low,tier1,UTILITIES,False,False,merchant
ACC_23D5D8562B90,2025-11-02,DEV_2F115A342C0B,low,tier2,NONE,False,False,dormant_legit
ACC_146B8D14AF18,2026-04-17,DEV_700A5AA70A43,high,tier1,HOSPITAL,False,False,merchant
ACC_68F808C36AEB,2026-01-10,DEV_BF317C49D4D5,low,tier1,NONE,False,False,dormant_legit
ACC_C42FBE4BC788,2026-05-01,DEV_17369AC116ED,high,tier3,EDUCATION,False,False,merchant
ACC_F19B4FCC302B,2025-11-27,DEV_E8CBA3FA107A,low,tier2,NONE,False,False,dormant_legit
ACC_23C6A71E0D98,2026-04-12,DEV_34B649D4744E,high,tier2,EDUCATION,False,False,merchant
ACC_B52CDABF48FF,2026-02-06,DEV_6E6D43A5D1F3,low,tier2,NONE,False,False,dormant_legit
ACC_9A1372A4E163,2026-04-07,DEV_EFA333D24E0C,medium,tier3,HOSPITAL,False,False,merchant
ACC_944683638705,2026-02-16,DEV_CFD359E1B40E,low,tier3,NONE,False,False,dormant_legit
ACC_C8684EF7C3FA,2026-03-20,DEV_5311F3743D11,low,tier3,EDUCATION,False,False,merchant
ACC_2812CC6B24D8,2025-11-29,DEV_6253C6FA8F11,low,tier3,NONE,False,False,dormant_legit
ACC_82EA0B40E930,2026-04-25,DEV_1B419D3204D4,medium,tier1,EDUCATION,False,False,merchant
ACC_9C5CE67F3945,2025-11-20,DEV_5FDA400B2184,low,tier3,NONE,False,False,dormant_legit
ACC_0587A6916B2F,2026-04-27,DEV_E7CDBA79C07D,medium,tier1,UTILITIES,False,False,merchant
ACC_54DC7B3E2839,2026-01-25,DEV_9340DA842847,low,tier1,NONE,False,False,dormant_legit
ACC_86358989ACD8,2026-04-06,DEV_294BB0E9C166,low,tier2,HOSPITAL,False,False,merchant
ACC_E4721218749D,2026-01-08,DEV_796C584C90EC,low,tier1,NONE,False,False,dormant_legit
ACC_FF90F0A9BC25,2026-04-19,DEV_1D213FA570E8,low,tier1,EDUCATION,False,False,merchant
ACC_AFB89B5A35D6,2026-02-02,DEV_E887BEE586EF,low,tier1,NONE,False,False,dormant_legit
ACC_821BEF25F66A,2026-04-03,DEV_68E95A2DC4E2,medium,tier3,EDUCATION,False,False,merchant
ACC_9B556C6B75C7,2026-04-04,DEV_2698E854A51E,medium,tier1,NONE,False,False,normal
ACC_138072EA51D1,2026-03-15,DEV_08248261075E,medium,tier1,NONE,False,False,normal
ACC_76BF592FA5A1,2026-03-30,DEV_ECCF20DC8465,medium,tier2,NONE,False,False,normal
ACC_AE34F7F5013A,2026-04-22,DEV_4AB754601B86,medium,tier3,NONE,False,False,normal
ACC_F40E9F92388A,2026-04-30,DEV_DC09D01261A9,medium,tier3,NONE,False,False,normal
ACC_CEC83531AA27,2026-04-07,DEV_F6DEC22976C2,medium,tier3,NONE,False,False,normal
ACC_C686EB4E9BFA,2026-03-18,DEV_C257E265A333,medium,tier3,NONE,False,False,normal
ACC_F945D82F4328,2026-03-12,DEV_4522CB526E15,low,tier2,NONE,False,False,normal
ACC_08789E0C8185,2026-04-07,DEV_E3240FCE6407,medium,tier2,NONE,False,False,normal
ACC_4AA34899ED1A,2026-03-04,DEV_6B8323643FAA,low,tier2,NONE,False,False,normal
ACC_FBBAF757EC62,2026-04-18,DEV_0D9D60DAD8B7,low,tier3,NONE,False,False,normal
ACC_39574881771C,2026-03-08,DEV_76AFAD73C523,medium,tier1,NONE,False,False,normal
ACC_621C9A8805F3,2026-04-01,DEV_F65028604D78,high,tier1,NONE,False,False,normal
ACC_324C9B6F675E,2026-03-21,DEV_49A8FAEBBF8E,high,tier2,NONE,False,False,normal
ACC_08A672E7FC57,2026-03-10,DEV_607CD1F69158,low,tier1,NONE,False,False,normal
ACC_D98BE4080A10,2026-03-21,DEV_3C46819241BE,high,tier3,NONE,False,False,normal
ACC_4770A496EB6A,2026-04-07,DEV_B723D825CBFE,high,tier2,NONE,False,False,normal
ACC_78D845F82823,2026-03-22,DEV_9B51BD907BB4,high,tier2,NONE,False,False,normal
ACC_C5EA3EAB2247,2026-03-08,DEV_A53A2AA40565,high,tier1,NONE,False,False,normal
ACC_8BD9DC65135F,2026-03-25,DEV_CE7B791A4B93,medium,tier3,NONE,False,False,normal
ACC_638AFDE209BB,2026-04-14,DEV_A793BC1746ED,medium,tier2,NONE,False,False,normal
ACC_32D8DBCCEF07,2026-04-25,DEV_E3304FC5AA03,high,tier1,NONE,False,False,normal
ACC_727D0546B02C,2026-04-07,DEV_8AD2758E0EF0,medium,tier1,NONE,False,False,normal
ACC_AA51BB3FA193,2026-03-24,DEV_CAB81974AAE2,high,tier3,NONE,False,False,normal
ACC_94EC1132FA70,2026-04-25,DEV_BA5DF376E22D,medium,tier1,NONE,False,False,normal
ACC_2095DFC0AF2B,2026-04-03,DEV_34EDC5AC5936,high,tier3,NONE,False,False,normal
ACC_4F316EF24D60,2026-03-31,DEV_46ADDB3C03D6,low,tier2,NONE,False,False,normal
ACC_946A061EE4CE,2026-03-09,DEV_EBBA02F407DD,low,tier3,NONE,False,False,normal
ACC_A6C397188C51,2026-04-25,DEV_473B72D60A0E,high,tier2,NONE,False,False,normal
ACC_C74894212EAE,2026-03-12,DEV_7580BCB5EB88,low,tier1,NONE,False,False,normal
ACC_7E25872C25DF,2026-03-30,DEV_19646C889EEB,medium,tier3,NONE,False,False,normal
ACC_A8E9DE807355,2026-03-12,DEV_0CEBBACB950E,low,tier2,NONE,False,False,normal
ACC_E40652D448B2,2026-04-08,DEV_860F586C46AD,low,tier2,NONE,False,False,normal
ACC_032AAE3381CE,2026-03-24,DEV_85CDB9B4945C,medium,tier3,NONE,False,False,normal
ACC_2DC3C31F07A4,2026-04-13,DEV_A7860864D95A,high,tier2,NONE,False,False,normal
ACC_B96DAD514BB8,2026-04-02,DEV_8787696EB812,high,tier1,NONE,False,False,normal
ACC_E642B11894B5,2026-04-30,DEV_2A8C381611CB,high,tier1,NONE,False,False,normal
ACC_29D28F14990D,2026-05-01,DEV_064E299AF560,low,tier2,NONE,False,False,normal
ACC_A3761226924D,2026-04-13,DEV_D3231ED5279C,low,tier2,NONE,False,False,normal
ACC_3950C276E496,2026-04-15,DEV_0E1547FEBDCF,low,tier2,NONE,False,False,normal
ACC_FA208FC1B327,2026-03-30,DEV_D0161FF39F4A,medium,tier1,NONE,False,False,normal
ACC_85BEA7D27F7A,2026-03-15,DEV_588B499EB6B8,low,tier1,NONE,False,False,normal
ACC_DAEC3693CACD,2026-04-26,DEV_3C6C8009B9BB,high,tier2,NONE,False,False,normal
ACC_335394AEC944,2026-04-22,DEV_DCA81EC15104,medium,tier1,NONE,False,False,normal
ACC_DFD3F12A883E,2026-04-08,DEV_C23BEB5F052A,medium,tier2,NONE,False,False,normal
ACC_AD0E6AA5859F,2026-04-29,DEV_6109FA51DC89,high,tier2,NONE,False,False,normal
ACC_1268102DDA9A,2026-04-27,DEV_C2FA7E4FDE04,high,tier3,NONE,False,False,normal
ACC_278B617B1541,2026-04-21,DEV_D98A2D84D2D6,medium,tier3,NONE,False,False,normal
ACC_1FEB78ABB865,2026-04-02,DEV_2DFE905B403B,low,tier2,NONE,False,False,normal
ACC_8A3ABD17C3F4,2026-04-05,DEV_0F9429A7447A,high,tier3,NONE,False,False,normal
ACC_1D8EC9689882,2026-03-08,DEV_BA6682D0BC72,high,tier3,NONE,False,False,normal
ACC_643F99E4A191,2026-04-26,DEV_62EFBAD2C61D,low,tier3,NONE,False,False,normal
ACC_7265EFC8C525,2026-03-08,DEV_C872D16C077A,medium,tier2,NONE,False,False,normal
ACC_78F72474D620,2026-03-12,DEV_63E9CB832A3B,high,tier2,NONE,False,False,normal
ACC_1FF44852EDE6,2026-04-18,DEV_677803FE824F,medium,tier2,NONE,False,False,normal
ACC_D46CAA713145,2026-03-30,DEV_28185FC4903C,medium,tier2,NONE,False,False,normal
ACC_5EEC0296E5E6,2026-03-26,DEV_7596367EAA8E,low,tier2,NONE,False,False,normal
ACC_FB250B27551C,2026-03-27,DEV_5198AC77CBEB,low,tier3,NONE,False,False,normal
ACC_CD4548B1FCC2,2026-04-19,DEV_DED3D6D5A984,medium,tier1,NONE,False,False,normal
ACC_9DE5E78752F7,2026-03-30,DEV_19F52511CBE3,high,tier3,NONE,False,False,normal
ACC_36EEA583FA2E,2026-03-04,DEV_9773DF8B749E,medium,tier1,NONE,False,False,normal
ACC_46356D704BDD,2026-04-01,DEV_85D9D161EE07,low,tier2,NONE,False,False,normal
ACC_8BD32507EF2F,2026-03-05,DEV_904ED1169D2D,low,tier3,NONE,False,False,normal
ACC_D6FDCDD437C5,2026-04-03,DEV_EBD4DBA5E0DA,low,tier2,NONE,False,False,normal
ACC_25DE910AC38F,2026-04-17,DEV_8976FDCDA88A,high,tier2,NONE,False,False,normal
ACC_4D88B4ECE0AA,2026-03-02,DEV_44AA6D10F5F8,medium,tier1,NONE,False,False,normal
ACC_708C4E1D94EA,2026-04-01,DEV_ABA016882561,medium,tier3,NONE,False,False,normal
ACC_19CB99D3B02F,2026-04-14,DEV_69D8700AF752,medium,tier2,NONE,False,False,normal
ACC_8E29B3272F98,2026-03-04,DEV_8EE29E735A9B,high,tier1,NONE,False,False,normal
ACC_A4D75F342999,2026-03-10,DEV_3B81F919C7EC,low,tier3,NONE,False,False,normal
ACC_AF68C33D948C,2026-04-08,DEV_1891C142883F,medium,tier2,NONE,False,False,normal
ACC_B124CD7C8E2C,2026-04-01,DEV_AB334770AE38,low,tier1,NONE,False,False,normal
ACC_CD96F458715A,2026-04-11,DEV_65E75545B6BF,high,tier3,NONE,False,False,normal
ACC_BE9583B21B93,2026-03-19,DEV_386052A3EFF5,low,tier3,NONE,False,False,normal
ACC_9F92B49357DB,2026-03-22,DEV_F6F882EC2A98,medium,tier3,NONE,False,False,normal
ACC_765E1CBC93B9,2026-04-24,DEV_E149B29E1092,medium,tier3,NONE,False,False,normal
ACC_37F637D7FE7E,2026-04-10,DEV_54C1EB730F9D,high,tier1,NONE,False,False,normal
ACC_4CFC1C6296B3,2026-03-25,DEV_4DEB425CE474,low,tier3,NONE,False,False,normal
ACC_6CCFFE71A3E6,2026-03-20,DEV_BE51579F5312,low,tier1,NONE,False,False,normal
ACC_0E96866414CF,2026-04-07,DEV_DD2FB9839EFF,low,tier3,NONE,False,False,normal
ACC_A3EA5E2DE543,2026-03-28,DEV_73A770812A7E,low,tier2,NONE,False,False,normal
ACC_F1A7B34F8111,2026-03-31,DEV_C8F736C8654C,high,tier1,NONE,False,False,normal
ACC_809517324FA0,2026-03-05,DEV_D3267DF0261F,low,tier2,NONE,False,False,normal
ACC_7026D82C83D0,2026-04-08,DEV_99BB92F1EEA1,low,tier3,NONE,False,False,normal
ACC_D87BFBF72455,2026-03-25,DEV_4BBBDE3A53B6,low,tier1,NONE,False,False,normal
ACC_9108D6A2244D,2026-05-01,DEV_5E3259EB1B64,low,tier2,NONE,False,False,normal
ACC_87F565F832CE,2026-03-23,DEV_3D5EC937F885,low,tier1,NONE,False,False,normal
ACC_399DC3230953,2026-03-09,DEV_1645AA1A83F0,high,tier3,NONE,False,False,normal
ACC_092790E52DC8,2026-04-27,DEV_FEE78A8FCFD2,high,tier2,NONE,False,False,normal
ACC_14F71C16D63A,2026-03-24,DEV_5AB36FB29198,high,tier1,NONE,False,False,normal
ACC_BB6256569646,2026-04-30,DEV_D99D34519F20,medium,tier2,NONE,False,False,normal
ACC_749EEDF391B3,2026-04-14,DEV_03164380D0BF,medium,tier1,NONE,False,False,normal
ACC_DDFD99376C08,2026-04-22,DEV_36DB6B435702,medium,tier3,NONE,False,False,normal
ACC_78F4830147C5,2026-04-05,DEV_7F392456193F,medium,tier1,NONE,False,False,normal
ACC_8C7452F5EB4F,2026-03-06,DEV_1DBB0821C661,medium,tier1,NONE,False,False,normal
ACC_FD9477A8D286,2026-04-20,DEV_EC99A2DFD425,low,tier3,NONE,False,False,normal
ACC_B649C300E5C0,2026-03-19,DEV_27CF8FCAA5D9,low,tier2,NONE,False,False,normal
ACC_375F5B1163E3,2026-03-02,DEV_79D03DD88E87,high,tier3,NONE,False,False,normal
ACC_857265BF60E6,2026-04-29,DEV_8CFB84D3B65B,high,tier1,NONE,False,False,normal
ACC_A58F44E49EED,2026-04-27,DEV_53976D33500B,low,tier3,NONE,False,False,normal
ACC_EC0B10332E3D,2026-04-06,DEV_162ED0957326,low,tier2,NONE,False,False,normal
ACC_D6F06C376C9D,2026-04-26,DEV_DB5BC3DF8946,high,tier3,NONE,False,False,normal
ACC_D7966479907B,2026-03-25,DEV_4CBF60A664F1,high,tier3,NONE,False,False,normal
ACC_AFB1784BCA3A,2026-03-25,DEV_2019B9521AA2,low,tier3,NONE,False,False,normal
ACC_93D6650AB6AB,2026-04-23,DEV_5870FD996320,high,tier3,NONE,False,False,normal
ACC_CE60DB8A9634,2026-04-15,DEV_2B369CAAABFF,high,tier2,NONE,False,False,normal
ACC_736944D1EB72,2026-03-18,DEV_053414C27E8F,medium,tier2,NONE,False,False,normal
ACC_4D0FDEEDE544,2026-03-09,DEV_05645B301702,high,tier1,NONE,False,False,normal
ACC_EAF083D5C0C8,2026-03-19,DEV_31CA85E170C3,medium,tier3,NONE,False,False,normal
ACC_685BF0AC0EDF,2026-05-01,DEV_5FC5B4207393,medium,tier3,NONE,False,False,normal
ACC_32CC4116B6A5,2026-04-18,DEV_CC0ECED7BC68,medium,tier3,NONE,False,False,normal
ACC_498BE49928C4,2026-03-10,DEV_C9DAE3BBEDEA,low,tier1,NONE,False,False,normal
ACC_07520C975A47,2026-04-01,DEV_7FE14D1C047D,medium,tier1,NONE,False,False,normal
ACC_6086A7034658,2026-03-07,DEV_77DD933F68A8,low,tier1,NONE,False,False,normal
ACC_E445E9CC6B9A,2026-04-14,DEV_E179A29335F6,medium,tier1,NONE,False,False,normal
ACC_4DBEFF8FA2CB,2026-03-18,DEV_64864350167D,high,tier3,NONE,False,False,normal
ACC_72ED5B6F167E,2026-04-24,DEV_A122D5ED9CB0,high,tier2,NONE,False,False,normal
ACC_D1FCD41CBBD5,2026-04-28,DEV_03145E4B2830,medium,tier3,NONE,False,False,normal
ACC_C66D28F2F26B,2026-03-05,DEV_FCC0167FA1F2,medium,tier2,NONE,False,False,normal
ACC_689780D1EAD3,2026-03-31,DEV_5F5A8C28F4B4,low,tier3,NONE,False,False,normal
ACC_4218992D9AC9,2026-04-04,DEV_8D1565919342,low,tier3,NONE,False,False,normal
ACC_B3B7ECF9EFEA,2026-04-16,DEV_5B1EAF81EAAA,high,tier3,NONE,False,False,normal
ACC_9600EB0CC83E,2026-04-11,DEV_CC7EDD8A3C95,medium,tier2,NONE,False,False,normal
ACC_69D997C9D043,2026-03-21,DEV_92A3037DD3A5,medium,tier1,NONE,False,False,normal
ACC_5F833246CF0F,2026-03-16,DEV_E939086DADBF,low,tier3,NONE,False,False,normal
ACC_3346CA8B7CE8,2026-04-14,DEV_F0A93E539FA7,low,tier1,NONE,False,False,normal
ACC_976CBA8C310E,2026-03-05,DEV_CDFA61307C8B,low,tier1,NONE,False,False,normal
ACC_B78EDFF1A83D,2026-03-24,DEV_7CE8B77F0A35,low,tier1,NONE,False,False,normal
ACC_C0EE31FF36F8,2026-03-13,DEV_1174A88E02EE,low,tier1,NONE,False,False,normal
ACC_8D80A09B4025,2026-03-12,DEV_841358B55C0B,high,tier1,NONE,False,False,normal
ACC_488F43EBD593,2026-03-14,DEV_115528207EE5,low,tier1,NONE,False,False,normal
ACC_285BD9546897,2026-03-15,DEV_C13A85B739D8,high,tier3,NONE,False,False,normal
ACC_1AE6A2DB1791,2026-04-18,DEV_009D08B06EC4,low,tier1,NONE,False,False,normal
ACC_7C729C11A1D3,2026-03-22,DEV_5BBCB50D69C6,low,tier2,NONE,False,False,normal
ACC_EAA2205EE8FA,2026-04-28,DEV_498674664BB9,high,tier2,NONE,False,False,normal
ACC_4F3D92145CDF,2026-04-12,DEV_AB151721A612,low,tier2,NONE,False,False,normal
ACC_5F2129B16269,2026-04-12,DEV_57C245BC99BC,high,tier3,NONE,False,False,normal
ACC_B85EBC329077,2026-03-15,DEV_F8494ECDF2C4,medium,tier1,NONE,False,False,normal
ACC_D8DF029BAACC,2026-03-12,DEV_62541A404775,low,tier3,NONE,False,False,normal
ACC_499ADE3207CD,2026-04-16,DEV_A4CAC8FD9164,high,tier2,NONE,False,False,normal
ACC_3A7484FCF6DD,2026-04-16,DEV_5D69D69CB6C1,high,tier1,NONE,False,False,normal
ACC_90F0BCC95DE2,2026-04-06,DEV_834C7DC9E02E,low,tier1,NONE,False,False,normal
ACC_25536CEB0C5B,2026-03-29,DEV_DFD15FA7BC75,low,tier3,NONE,False,False,normal
ACC_637E04CBA264,2026-03-30,DEV_F77FDA3568AB,low,tier2,NONE,False,False,normal
ACC_14B8C9EFA6A4,2026-04-13,DEV_F433F2354EF8,medium,tier3,NONE,False,False,normal
ACC_3DBCEEAE9667,2026-04-13,DEV_C81FE4295DAD,low,tier1,NONE,False,False,normal
ACC_9FEE3C119B0A,2026-03-09,DEV_AE1F4E91D43B,high,tier3,NONE,False,False,normal
ACC_AFB035E7333E,2026-03-22,DEV_E1E055E82559,low,tier3,NONE,False,False,normal
ACC_D2D33200FB98,2026-03-13,DEV_3B8F53EF85E7,high,tier1,NONE,False,False,normal
ACC_D3D0CCB21DA9,2026-03-15,DEV_D3E63F4F6EC0,medium,tier3,NONE,False,False,normal
ACC_D195AF3714D8,2026-04-03,DEV_60A2D52E96B3,low,tier1,NONE,False,False,normal
ACC_FFA71F84A3F2,2026-03-31,DEV_CB5A6DFF45B8,low,tier3,NONE,False,False,normal
ACC_B6737FC02048,2026-04-23,DEV_24B4815A73EE,medium,tier3,NONE,False,False,normal
ACC_AA19A70257F1,2026-03-24,DEV_1F168489F43E,low,tier1,NONE,False,False,normal
ACC_A52F25402DEB,2026-04-01,DEV_A8E3F8060C8D,medium,tier1,NONE,False,False,normal
ACC_54439D0A6D32,2026-04-16,DEV_A5EA87D9F122,medium,tier1,NONE,False,False,normal
ACC_43ED28172CA5,2026-04-20,DEV_0A92823FA7E9,medium,tier3,NONE,False,False,normal
ACC_AA1046498DF8,2026-03-21,DEV_315B0401F379,low,tier2,NONE,False,False,normal
ACC_90C5DF9995A7,2026-03-22,DEV_48809CD1C8A8,low,tier1,NONE,False,False,normal
ACC_D93F16E53D8A,2026-03-10,DEV_DC49A5253A5A,high,tier2,NONE,False,False,normal
ACC_11607F8F2DC4,2026-04-25,DEV_15844BEFD5C3,high,tier3,NONE,False,False,normal
ACC_A9402080CA10,2026-04-27,DEV_375511BF0330,medium,tier3,NONE,False,False,normal
ACC_7752EAA0E875,2026-04-01,DEV_8C4B9B534A5A,low,tier1,NONE,False,False,normal
ACC_DCB471D784B6,2026-04-23,DEV_B44320C9E2D9,low,tier1,NONE,False,False,normal
ACC_A0AC0053CF83,2026-04-22,DEV_E5E50A45BD27,low,tier1,NONE,False,False,normal
ACC_2902CCEACB9D,2026-03-03,DEV_07920023D693,medium,tier3,NONE,False,False,normal
ACC_168862BE1D48,2026-03-21,DEV_230FE0494B56,high,tier3,NONE,False,False,normal
ACC_EA3B9E2ACC19,2026-03-30,DEV_FD509D6C95B9,high,tier3,NONE,False,False,normal
ACC_D1E40F601560,2026-03-24,DEV_4BA0E3918080,medium,tier2,NONE,False,False,normal
ACC_8847A660AEFF,2026-04-01,DEV_C02A9A577378,low,tier3,NONE,False,False,normal
ACC_7345E7358146,2026-03-31,DEV_6AAE4A26982C,high,tier3,NONE,False,False,normal
ACC_C524AE169CA1,2026-04-16,DEV_48A1CF306692,low,tier1,NONE,False,False,normal
ACC_9400D97CCCFF,2026-03-15,DEV_E6C4EE0C6C80,medium,tier3,NONE,False,False,normal
ACC_AAC008B9D27D,2026-03-16,DEV_AA960B0A621D,low,tier3,NONE,False,False,normal
ACC_C694D36F384F,2026-03-31,DEV_6B59B67400DE,medium,tier1,NONE,False,False,normal
ACC_4B025062F45C,2026-04-27,DEV_05DEFCB371E1,medium,tier2,NONE,False,False,normal
ACC_521364921FE3,2026-04-20,DEV_008124C05C74,medium,tier2,NONE,False,False,normal
ACC_C2C60F3142CB,2026-04-19,DEV_E4BBB69C008B,high,tier3,NONE,False,False,normal
ACC_E3C60436E681,2026-04-26,DEV_60EA4ACB85B6,low,tier2,NONE,False,False,normal
ACC_9199E7A15741,2026-03-19,DEV_EA4A512BEFAC,high,tier1,NONE,False,False,normal
ACC_180122B2A261,2026-03-03,DEV_C2FFB1CB956B,low,tier1,NONE,False,False,normal
ACC_6688C54EAD7D,2026-03-03,DEV_063F4D37D3E6,medium,tier1,NONE,False,False,normal
ACC_FA3FAFD47DAD,2026-04-11,DEV_E31393DCA0D1,medium,tier2,NONE,False,False,normal
ACC_18190115B598,2026-04-24,DEV_2A0B3C1AC4FD,low,tier3,NONE,False,False,normal
ACC_1791310AA411,2026-03-03,DEV_57F39D312439,high,tier1,NONE,False,False,normal
ACC_977FC84DAD16,2026-04-26,DEV_95D206EE88E2,high,tier2,NONE,False,False,normal
ACC_10A523CF3946,2026-04-15,DEV_F68E4ADAAE53,medium,tier1,NONE,False,False,normal
ACC_1A8649D4C499,2026-04-03,DEV_8D5D51E790BE,high,tier3,NONE,False,False,normal
ACC_47199DD1F376,2026-03-07,DEV_07E76FF79B2C,medium,tier2,NONE,False,False,normal
ACC_25ED3C66CC72,2026-03-21,DEV_9D688AF7B1B0,low,tier3,NONE,False,False,normal
ACC_8FB282AF3C7E,2026-03-12,DEV_9FEE936B9DDB,low,tier3,NONE,False,False,normal
ACC_4B08E8F99A00,2026-05-01,DEV_26844B6D5026,medium,tier3,NONE,False,False,normal
ACC_FD74CD1EB74E,2026-03-12,DEV_A269BD4B7088,high,tier2,NONE,False,False,normal
ACC_C5F25516E62B,2026-03-18,DEV_49F46AD6A1A3,medium,tier1,NONE,False,False,normal
ACC_A891F773EBC6,2026-03-18,DEV_EE0C0E227E41,medium,tier1,NONE,False,False,normal
ACC_0B7E3C033FFC,2026-03-09,DEV_A426A4645F08,medium,tier3,NONE,False,False,normal
ACC_A890B585757A,2026-04-30,DEV_5EE6AA048B14,high,tier2,NONE,False,False,normal
ACC_62C747CA4740,2026-04-11,DEV_0DD3A0403255,low,tier3,NONE,False,False,normal
ACC_1B26FC140CD3,2026-03-31,DEV_35A06B995752,low,tier3,NONE,False,False,normal
ACC_2AD6D54A1E3C,2026-03-18,DEV_35E5314D5ACA,medium,tier1,NONE,False,False,normal
ACC_2F3F2C741D74,2026-03-20,DEV_C7834E23EDAA,medium,tier1,NONE,False,False,normal
ACC_9524F9368B53,2026-04-04,DEV_9E74F70E4541,medium,tier2,NONE,False,False,normal
ACC_74FD8BE2C02B,2026-04-12,DEV_E275CADDC7B5,medium,tier1,NONE,False,False,normal
ACC_C76663EF7C27,2026-03-03,DEV_54FFBECBDF93,medium,tier3,NONE,False,False,normal
ACC_64D89248ECFB,2026-04-21,DEV_35131E357244,low,tier2,NONE,False,False,normal
ACC_02A5839561B7,2026-03-05,DEV_33C86CE63ACD,high,tier2,NONE,False,False,normal
ACC_CBF8209E939E,2026-03-30,DEV_8000E36B2671,low,tier1,NONE,False,False,normal
ACC_51792D49D03F,2026-03-19,DEV_41FD5AA2D2D9,high,tier3,NONE,False,False,normal
ACC_2370BA3A649F,2026-03-17,DEV_31558DAE4574,low,tier3,NONE,False,False,normal
ACC_16BD624669E4,2026-03-29,DEV_4306DDB6096A,medium,tier1,NONE,False,False,normal
ACC_8750375CEAD7,2026-03-18,DEV_5D171A2A0417,high,tier2,NONE,False,False,normal
ACC_5E524D346273,2026-03-28,DEV_67CF48376092,low,tier3,NONE,False,False,normal
ACC_C96B0AC794EF,2026-04-23,DEV_269542F01E6F,high,tier2,NONE,False,False,normal
ACC_DC9645F9CBA1,2026-04-19,DEV_19AB26C7A3D2,high,tier3,NONE,False,False,normal
ACC_4B6DD9C67A60,2026-03-24,DEV_D6EFF81253D5,medium,tier2,NONE,False,False,normal
ACC_8335A8A2849F,2026-04-15,DEV_FFA4F3DC91A1,low,tier2,NONE,False,False,normal
ACC_04D6163E46DC,2026-04-30,DEV_CF2E5880FB49,medium,tier2,NONE,False,False,normal
ACC_CB41C1CE7E27,2026-04-11,DEV_AD3B065485E0,high,tier3,NONE,False,False,normal
ACC_C9B845EC4737,2026-04-10,DEV_C33D075ADE9B,low,tier1,NONE,False,False,normal
ACC_5A870D080DAD,2026-03-20,DEV_FBF7427FFEAB,medium,tier1,NONE,False,False,normal
ACC_731DD3E18CF4,2026-03-08,DEV_412E56C6D606,medium,tier1,NONE,False,False,normal
ACC_52F28CDFDA55,2026-04-30,DEV_18EF0B9CE86F,low,tier3,NONE,False,False,normal
ACC_DDEE62B169A5,2026-03-13,DEV_4C67B2BDB405,medium,tier2,NONE,False,False,normal
ACC_687591E8F1EB,2026-03-18,DEV_E588F63DAF14,low,tier1,NONE,False,False,normal
ACC_DC8ECC62BF7B,2026-03-11,DEV_E76909BC5B25,medium,tier2,NONE,False,False,normal
ACC_8EB00703C4A1,2026-04-11,DEV_CC371392EA09,high,tier2,NONE,False,False,normal
ACC_01F6673D0322,2026-03-29,DEV_A5B4239A04D9,medium,tier1,NONE,False,False,normal
ACC_09BC52DA36C0,2026-03-09,DEV_D2D7A8212665,high,tier2,NONE,False,False,normal
ACC_5BA450D16D70,2026-03-27,DEV_7E11F7CB7B54,low,tier2,NONE,False,False,normal
ACC_15A235769C91,2026-03-14,DEV_7A2311FC7971,low,tier2,NONE,False,False,normal
ACC_DEA8F439F78E,2026-04-09,DEV_BB704D652642,high,tier2,NONE,False,False,normal
ACC_1726F55AA21B,2026-05-01,DEV_C110A81384D5,high,tier2,NONE,False,False,normal
ACC_E82719C8AACD,2026-03-09,DEV_EEE47633348C,low,tier2,NONE,False,False,normal
ACC_7A7F1A016B54,2026-03-24,DEV_E01BE3B24518,low,tier1,NONE,False,False,normal
ACC_9DB8E3C61389,2026-03-31,DEV_CCAC3DE0DB38,high,tier3,NONE,False,False,normal
ACC_48FF32ED3D24,2026-03-19,DEV_FAMILY_F0BEBA5E,high,tier3,NONE,False,False,normal
ACC_576585C99330,2026-03-21,DEV_FAMILY_F0BEBA5E,medium,tier1,NONE,False,False,normal
ACC_500FFCD0E823,2026-04-06,DEV_FAMILY_05E960CA,medium,tier1,NONE,False,False,normal
ACC_3A22EB5479CE,2026-03-05,DEV_FAMILY_05E960CA,high,tier1,NONE,False,False,normal
ACC_14F4AA07AD84,2026-03-11,DEV_FAMILY_79A834FE,low,tier3,NONE,False,False,normal
ACC_0D5C2AA1C1F2,2026-03-25,DEV_FAMILY_79A834FE,low,tier2,NONE,False,False,normal
ACC_C0E3D129C1D7,2026-04-16,DEV_FAMILY_CDD0C135,low,tier3,NONE,False,False,normal
ACC_D456ECB2BC65,2026-03-09,DEV_FAMILY_CDD0C135,medium,tier1,NONE,False,False,normal
ACC_3A21BC46B08A,2026-04-28,DEV_FAMILY_5C176FB1,low,tier2,NONE,False,False,normal
ACC_DC1B3C2831DA,2026-04-29,DEV_FAMILY_5C176FB1,low,tier2,NONE,False,False,normal
ACC_6731F6562707,2026-03-13,DEV_FAMILY_9530F909,low,tier1,NONE,False,False,normal
ACC_38C079B2BD53,2026-04-11,DEV_FAMILY_9530F909,high,tier3,NONE,False,False,normal
ACC_FE50FE0670C8,2026-04-13,DEV_FAMILY_7455E697,low,tier1,NONE,False,False,normal
ACC_8783E13239A0,2026-03-28,DEV_FAMILY_7455E697,high,tier2,NONE,False,False,normal
ACC_A210CC94CC3A,2026-04-16,DEV_FAMILY_487FF078,medium,tier3,NONE,False,False,normal
ACC_BE0AD97F5317,2026-04-28,DEV_FAMILY_487FF078,low,tier1,NONE,False,False,normal
ACC_DB54055FD31A,2026-04-30,DEV_FAMILY_0252B24F,low,tier2,NONE,False,False,normal
ACC_55D41AA22ED5,2026-03-07,DEV_FAMILY_0252B24F,medium,tier1,NONE,False,False,normal
ACC_926D73BF8C7C,2026-04-12,DEV_FAMILY_6C1E9502,high,tier2,NONE,False,False,normal
ACC_7D9B43547988,2026-03-04,DEV_FAMILY_6C1E9502,low,tier2,NONE,False,False,normal
ACC_C253F347C835,2026-03-26,DEV_FAMILY_6C24EFC4,low,tier3,NONE,False,False,normal
ACC_5E0A698247F3,2026-04-23,DEV_FAMILY_6C24EFC4,high,tier3,NONE,False,False,normal
ACC_711C43163D58,2026-03-17,DEV_FAMILY_91694210,high,tier1,NONE,False,False,normal
ACC_C6E8EFB8EBFC,2026-04-13,DEV_FAMILY_91694210,high,tier2,NONE,False,False,normal
ACC_6C253A31C2B6,2026-03-06,DEV_FAMILY_71FE1159,medium,tier1,NONE,False,False,normal
ACC_DDAE80D4DB2B,2026-03-10,DEV_FAMILY_71FE1159,high,tier1,NONE,False,False,normal
ACC_A2D39F6B8EFC,2026-03-24,DEV_FAMILY_0A2AD6DC,medium,tier2,NONE,False,False,normal
ACC_8474611D7364,2026-04-21,DEV_FAMILY_0A2AD6DC,high,tier1,NONE,False,False,normal
ACC_167FCF84D68D,2026-03-07,DEV_FAMILY_57FDD24D,high,tier3,NONE,False,False,normal
ACC_039A28A0435E,2026-03-16,DEV_FAMILY_57FDD24D,medium,tier2,NONE,False,False,normal
ACC_55A1AD76784B,2026-04-02,DEV_FAMILY_8813BE4F,low,tier2,NONE,False,False,normal
ACC_9CBFD5DC99F0,2026-03-27,DEV_FAMILY_8813BE4F,medium,tier1,NONE,False,False,normal
ACC_5B6D488F3218,2026-03-16,DEV_FAMILY_C214FCA9,high,tier2,NONE,False,False,normal
ACC_9048EA4140DC,2026-04-14,DEV_FAMILY_C214FCA9,high,tier1,NONE,False,False,normal
ACC_85AE01421AA6,2026-04-18,DEV_FAMILY_32762065,low,tier2,NONE,False,False,normal
ACC_8ACB7A210908,2026-04-24,DEV_FAMILY_32762065,medium,tier3,NONE,False,False,normal
ACC_538D50CA76E8,2026-04-15,DEV_FAMILY_244C2868,medium,tier2,NONE,False,False,normal
ACC_A15A80E7EA5B,2026-04-07,DEV_FAMILY_244C2868,medium,tier2,NONE,False,False,normal
ACC_9703FB4988E9,2026-03-14,DEV_FAMILY_B755FDE9,low,tier2,NONE,False,False,normal
ACC_20ED54E0B263,2026-04-20,DEV_FAMILY_B755FDE9,low,tier2,NONE,False,False,normal
ACC_401504A0BBB7,2026-03-23,DEV_FAMILY_059C87C2,low,tier3,NONE,False,False,normal
ACC_F8CF2002E90B,2026-03-12,DEV_FAMILY_059C87C2,medium,tier2,NONE,False,False,normal
ACC_0926A6BFE5A3,2026-03-23,DEV_FAMILY_D8D28C1C,medium,tier2,NONE,False,False,normal
ACC_A8F3168B25E5,2026-04-24,DEV_FAMILY_D8D28C1C,medium,tier2,NONE,False,False,normal
ACC_548431AFF725,2026-03-28,DEV_FAMILY_7FF1C608,medium,tier2,NONE,False,False,normal
ACC_845E93CCC8C5,2026-03-23,DEV_FAMILY_7FF1C608,high,tier3,NONE,False,False,normal
ACC_51AD99F034BE,2026-04-09,DEV_FAMILY_C6133B7A,medium,tier2,NONE,False,False,normal
ACC_50C69C28525B,2026-03-22,DEV_FAMILY_C6133B7A,medium,tier3,NONE,False,False,normal
ACC_8B5A5FE5088A,2026-04-27,DEV_FAMILY_67BAF342,high,tier3,NONE,False,False,normal
ACC_D2323BDE8F4C,2026-05-01,DEV_FAMILY_67BAF342,medium,tier1,NONE,False,False,normal
ACC_B13C5A3B90E3,2026-04-18,DEV_FAMILY_F483CC90,medium,tier1,NONE,False,False,normal
ACC_674FBA80ECAC,2026-03-17,DEV_FAMILY_F483CC90,low,tier3,NONE,False,False,normal
ACC_ED239C0F2E41,2026-03-20,DEV_FAMILY_96B52730,low,tier1,NONE,False,False,normal
ACC_6605D242FAFB,2026-03-13,DEV_FAMILY_96B52730,low,tier2,NONE,False,False,normal
ACC_E15F7ED97192,2026-03-15,DEV_FAMILY_7A0B9993,low,tier3,NONE,False,False,normal
ACC_BAA28C612AFE,2026-03-13,DEV_FAMILY_7A0B9993,medium,tier3,NONE,False,False,normal
ACC_0154A3B2DE73,2026-04-23,DEV_FAMILY_94287427,low,tier2,NONE,False,False,normal
ACC_137FE70F7AA2,2026-03-16,DEV_FAMILY_94287427,high,tier3,NONE,False,False,normal
ACC_157B7565EE06,2026-03-29,DEV_FAMILY_33C6F0E2,medium,tier3,NONE,False,False,normal
ACC_7D998EF568BC,2026-03-08,DEV_FAMILY_33C6F0E2,high,tier3,NONE,False,False,normal
ACC_857C43941807,2026-03-15,DEV_FAMILY_065D9A0D,high,tier2,NONE,False,False,normal
ACC_8423FF4264F2,2026-03-18,DEV_FAMILY_065D9A0D,low,tier3,NONE,False,False,normal
ACC_733AF3B4BDA3,2026-04-13,DEV_FAMILY_CD74DDF1,high,tier3,NONE,False,False,normal
ACC_4F53B0FB85B5,2026-04-29,DEV_FAMILY_CD74DDF1,low,tier3,NONE,False,False,normal
ACC_DC79D89EEB2D,2026-04-04,DEV_FAMILY_72126CA4,medium,tier1,NONE,False,False,normal
ACC_585EF2A3EFC3,2026-03-23,DEV_FAMILY_72126CA4,low,tier1,NONE,False,False,normal
ACC_4889E0378312,2026-03-14,DEV_FAMILY_FE52AFD1,low,tier1,NONE,False,False,normal
ACC_D17C17734516,2026-03-22,DEV_FAMILY_FE52AFD1,medium,tier2,NONE,False,False,normal
ACC_AE0C012777E5,2026-03-06,DEV_FAMILY_AF6E27A7,low,tier2,NONE,False,False,normal
ACC_006E1AAB8458,2026-04-15,DEV_FAMILY_AF6E27A7,medium,tier1,NONE,False,False,normal
ACC_72B2108B3917,2026-04-09,DEV_FAMILY_A491ED81,low,tier1,NONE,False,False,normal
ACC_6832A590EC1F,2026-03-07,DEV_FAMILY_A491ED81,medium,tier2,NONE,False,False,normal
ACC_987A360E0831,2026-04-24,DEV_FAMILY_42D52936,medium,tier3,NONE,False,False,normal
ACC_31C03C7BE4B8,2026-04-26,DEV_FAMILY_42D52936,low,tier3,NONE,False,False,normal
ACC_A50CACBF029E,2026-04-19,DEV_FAMILY_5E52040C,high,tier1,NONE,False,False,normal
ACC_967A992E1B3F,2026-03-25,DEV_FAMILY_5E52040C,high,tier2,NONE,False,False,normal
ACC_1780C0D9204C,2026-04-23,DEV_FAMILY_23984995,low,tier2,NONE,False,False,normal
ACC_711B375F877D,2026-03-10,DEV_FAMILY_23984995,low,tier2,NONE,False,False,normal
ACC_1ABEAF1EE16B,2026-03-28,DEV_FAMILY_800F3128,medium,tier2,NONE,False,False,normal
ACC_9183F5DC858B,2026-04-02,DEV_FAMILY_800F3128,high,tier1,NONE,False,False,normal
ACC_A4CB2E815ECF,2026-03-08,DEV_FAMILY_8BAB6D9A,high,tier3,NONE,False,False,normal
ACC_9BFD794621B7,2026-04-28,DEV_FAMILY_8BAB6D9A,high,tier2,NONE,False,False,normal
ACC_B6365B7520A0,2026-03-28,DEV_FAMILY_6D651D0D,high,tier1,NONE,False,False,normal
ACC_3E3A66C825F6,2026-04-02,DEV_FAMILY_6D651D0D,medium,tier3,NONE,False,False,normal
ACC_E9C431C9844F,2026-03-08,DEV_FAMILY_110FFBB9,medium,tier2,NONE,False,False,normal
ACC_46BB66856A98,2026-04-13,DEV_FAMILY_110FFBB9,medium,tier3,NONE,False,False,normal
ACC_C801762F0DDA,2026-03-07,DEV_FAMILY_9069CF97,low,tier2,NONE,False,False,normal
ACC_8D5F307F66A8,2026-03-29,DEV_FAMILY_9069CF97,high,tier2,NONE,False,False,normal
ACC_B0A6E84749FF,2026-04-06,DEV_FAMILY_128BA1B4,low,tier1,NONE,False,False,normal
ACC_7A3A2FD21B5D,2026-03-19,DEV_FAMILY_128BA1B4,high,tier1,NONE,False,False,normal
ACC_16D7AA25B83A,2026-04-27,DEV_FAMILY_689FED58,medium,tier3,NONE,False,False,normal
ACC_6860E16CF314,2026-03-03,DEV_FAMILY_689FED58,high,tier1,NONE,False,False,normal
ACC_1C5C55E9EF28,2026-03-31,DEV_FAMILY_D4FFA96F,medium,tier2,NONE,False,False,normal
ACC_299B8BBA4B8C,2026-04-25,DEV_FAMILY_D4FFA96F,medium,tier3,NONE,False,False,normal
ACC_3F3F1743B19A,2026-03-06,DEV_FAMILY_53A8BBF0,medium,tier1,NONE,False,False,normal
ACC_8B6C32D43B63,2026-04-07,DEV_FAMILY_53A8BBF0,low,tier1,NONE,False,False,normal
ACC_3E417378AF4F,2026-04-01,DEV_FAMILY_115C7AFB,high,tier3,NONE,False,False,normal
ACC_47C52F4F402F,2026-03-29,DEV_FAMILY_115C7AFB,low,tier2,NONE,False,False,normal
ACC_8851086889A6,2026-03-04,DEV_FAMILY_E6284562,low,tier3,NONE,False,False,normal
ACC_02C792297BF1,2026-04-28,DEV_FAMILY_E6284562,low,tier2,NONE,False,False,normal
ACC_562D8FD29F51,2026-03-30,DEV_FAMILY_AE044D55,medium,tier3,NONE,False,False,normal
ACC_3F7AD625909A,2026-04-15,DEV_FAMILY_AE044D55,high,tier3,NONE,False,False,normal
ACC_5CA61D31A9F6,2026-04-02,DEV_FAMILY_5EFB04DF,medium,tier1,NONE,False,False,normal
ACC_658E70AEBD09,2026-03-27,DEV_FAMILY_5EFB04DF,high,tier1,NONE,False,False,normal
ACC_59AEF93027ED,2026-04-26,DEV_FAMILY_DBDFD54B,medium,tier2,NONE,False,False,normal
ACC_382E915264D6,2026-03-05,DEV_FAMILY_DBDFD54B,high,tier1,NONE,False,False,normal
ACC_1F968B5E0467,2026-03-20,DEV_FAMILY_E0E4057C,high,tier2,NONE,False,False,normal
ACC_C86BB56550B6,2026-03-08,DEV_FAMILY_E0E4057C,low,tier1,NONE,False,False,normal
ACC_E7EC1F615954,2026-03-12,DEV_FAMILY_475495D1,medium,tier1,NONE,False,False,normal
ACC_95A19A1FB560,2026-04-14,DEV_FAMILY_475495D1,high,tier2,NONE,False,False,normal
ACC_9707130EEA45,2026-03-02,DEV_FAMILY_09EE6AD3,high,tier3,NONE,False,False,normal
ACC_941ADC2FF4F0,2026-03-22,DEV_FAMILY_09EE6AD3,low,tier3,NONE,False,False,normal
ACC_BC03252FBC45,2026-03-24,DEV_FAMILY_DDAD5858,high,tier2,NONE,False,False,normal
ACC_770B9C62F360,2026-03-17,DEV_FAMILY_DDAD5858,high,tier1,NONE,False,False,normal
ACC_D1BF131AD131,2026-03-11,DEV_FAMILY_47274BDB,high,tier3,NONE,False,False,normal
ACC_D40CBB3CE292,2026-04-18,DEV_FAMILY_47274BDB,medium,tier3,NONE,False,False,normal
ACC_36FCAB8CA9FE,2026-04-06,DEV_FAMILY_C0671B97,high,tier1,NONE,False,False,normal
ACC_B5FB4F01117F,2026-03-09,DEV_FAMILY_C0671B97,high,tier3,NONE,False,False,normal
ACC_D385D3F1F441,2026-03-10,DEV_FAMILY_542AC380,high,tier1,NONE,False,False,normal
ACC_E0C00B0E77B9,2026-04-07,DEV_FAMILY_542AC380,low,tier3,NONE,False,False,normal
ACC_66EF3FBED92C,2026-03-03,DEV_FAMILY_C1BB0AA3,medium,tier2,NONE,False,False,normal
ACC_2973105E990D,2026-04-10,DEV_FAMILY_C1BB0AA3,low,tier3,NONE,False,False,normal
ACC_E4278A7DAD50,2026-04-10,DEV_FAMILY_78964E22,low,tier1,NONE,False,False,normal
ACC_364BF1806990,2026-04-29,DEV_FAMILY_78964E22,medium,tier1,NONE,False,False,normal
ACC_CEC9668FCB2D,2026-04-13,DEV_FAMILY_802B39A0,low,tier1,NONE,False,False,normal
ACC_FF8F7E773E7A,2026-04-24,DEV_FAMILY_802B39A0,medium,tier2,NONE,False,False,normal
ACC_3F68BE1FA49A,2026-04-07,DEV_FAMILY_CF3BB8C9,low,tier1,NONE,False,False,normal
ACC_1BA147B8B435,2026-04-23,DEV_FAMILY_CF3BB8C9,high,tier2,NONE,False,False,normal
ACC_82429AD8D25E,2026-04-07,DEV_FAMILY_72033731,low,tier3,NONE,False,False,normal
ACC_5186DAF69D2F,2026-03-27,DEV_FAMILY_72033731,medium,tier2,NONE,False,False,normal
ACC_9AF35CB07392,2026-04-22,DEV_FAMILY_E48631E2,medium,tier1,NONE,False,False,normal
ACC_E586DA435BA7,2026-04-24,DEV_FAMILY_E48631E2,high,tier1,NONE,False,False,normal
ACC_5D0AA24E74DE,2026-04-20,DEV_FAMILY_E8789DCE,medium,tier1,NONE,False,False,normal
ACC_E73788DCFA89,2026-04-25,DEV_FAMILY_E8789DCE,medium,tier2,NONE,False,False,normal
ACC_38708ACDB721,2026-04-14,DEV_FAMILY_65F9779C,low,tier3,NONE,False,False,normal
ACC_F33C2BE96D57,2026-04-18,DEV_FAMILY_65F9779C,low,tier2,NONE,False,False,normal
ACC_AB8E871F735D,2026-03-21,DEV_FAMILY_92773798,low,tier1,NONE,False,False,normal
ACC_DADF82A360F2,2026-03-03,DEV_FAMILY_92773798,low,tier3,NONE,False,False,normal
ACC_3AEB91FEAB9A,2026-04-10,DEV_FAMILY_196EEC9E,high,tier3,NONE,False,False,normal
ACC_AD8AF8708CE6,2026-04-13,DEV_FAMILY_196EEC9E,low,tier3,NONE,False,False,normal
ACC_E99C17F22DC6,2026-03-13,DEV_FAMILY_10F3D728,low,tier1,NONE,False,False,normal
ACC_36ED48C0C346,2026-03-20,DEV_FAMILY_10F3D728,low,tier1,NONE,False,False,normal
ACC_D14B80F48E78,2026-03-12,DEV_FAMILY_7AA8AB1D,medium,tier2,NONE,False,False,normal
ACC_8219D5495984,2026-03-06,DEV_FAMILY_7AA8AB1D,medium,tier2,NONE,False,False,normal
ACC_FFB9056DFD43,2026-04-06,DEV_FAMILY_3FB4AB07,high,tier3,NONE,False,False,normal
ACC_4B5FBAA766E1,2026-04-22,DEV_FAMILY_3FB4AB07,medium,tier1,NONE,False,False,normal
ACC_8D5412B31533,2026-03-25,DEV_FAMILY_814B44CB,medium,tier2,NONE,False,False,normal
ACC_7E110874D259,2026-04-07,DEV_FAMILY_814B44CB,high,tier2,NONE,False,False,normal
ACC_BDF422684F08,2026-04-15,DEV_FAMILY_FC72111C,medium,tier1,NONE,False,False,normal
ACC_47A56A70F011,2026-04-04,DEV_FAMILY_FC72111C,medium,tier2,NONE,False,False,normal
ACC_DE74D347718A,2026-03-24,DEV_B521EC3C75B0,medium,tier3,NONE,False,False,normal
ACC_42374AD4BFC4,2026-04-23,DEV_011E47A11257,medium,tier3,NONE,False,False,normal
ACC_6B3ED0EB432E,2026-03-20,DEV_6413090F7113,high,tier3,NONE,False,False,normal
ACC_747044DB5E71,2026-03-25,DEV_F01A7B2B310C,high,tier2,NONE,False,False,normal
ACC_DB4D998C4BF1,2026-03-19,DEV_E445A7C52E4B,medium,tier2,NONE,False,False,normal
ACC_C3E0BDF546EE,2026-03-06,DEV_7497ED696712,medium,tier1,NONE,False,False,normal
ACC_C3D87D1874E4,2026-04-05,DEV_EB162474D7C9,low,tier3,NONE,False,False,normal
ACC_2061E29E0412,2026-04-21,DEV_0156B533460A,low,tier1,NONE,False,False,normal
ACC_E90719A46E2F,2026-04-18,DEV_D154A032129E,medium,tier3,NONE,False,False,normal
ACC_AD4F7A63EE12,2026-04-23,DEV_DB6E5E4DDE09,medium,tier3,NONE,False,False,normal
ACC_7DDD3D81E8FA,2026-03-29,DEV_E9420CF1BA80,low,tier1,NONE,False,False,normal
ACC_A5DF3EB15A33,2026-04-29,DEV_76F700498C77,high,tier2,NONE,False,False,normal
ACC_30A77D44C3B1,2026-03-13,DEV_E293682D27E1,high,tier3,NONE,False,False,normal
ACC_7EEFC2659BA2,2026-03-07,DEV_39B76E157504,low,tier3,NONE,False,False,normal
ACC_7D99D9CC7A66,2026-03-22,DEV_0830B2F675E3,high,tier2,NONE,False,False,normal
ACC_F7C54B7BBF96,2026-04-29,DEV_8D3F35713FC1,high,tier1,NONE,False,False,normal
ACC_519544412116,2026-04-24,DEV_E51568E3743F,medium,tier3,NONE,False,False,normal
ACC_C385E26641BB,2026-03-23,DEV_6869DD747D5C,low,tier1,NONE,False,False,normal
ACC_B9D61E87168C,2026-03-05,DEV_73C1BBF5CEF2,high,tier3,NONE,False,False,normal
ACC_8EE8CB1A78F3,2026-03-02,DEV_921915FA9BE0,low,tier2,NONE,False,False,normal
ACC_6A96BEEE8813,2026-03-12,DEV_1A0999A5CD21,high,tier2,NONE,False,False,normal
ACC_28F4B2626335,2026-03-16,DEV_3DE6411997C0,medium,tier1,NONE,False,False,normal
ACC_9E371BBCCAFF,2026-04-30,DEV_C7338A24E37F,high,tier3,NONE,False,False,normal
ACC_33AD9DA46CD3,2026-04-15,DEV_24B4A43E88AB,medium,tier2,NONE,False,False,normal
ACC_CE68A66DA056,2026-04-16,DEV_B2BE833AE66F,medium,tier1,NONE,False,False,normal
ACC_E3CA93435955,2026-03-21,DEV_90F67C84062E,high,tier1,NONE,False,False,normal
ACC_C476D29F738A,2026-03-17,DEV_604568367507,low,tier2,NONE,False,False,normal
ACC_467363450709,2026-04-06,DEV_4FC7F80E0C6D,medium,tier2,NONE,False,False,normal
ACC_6913E285CEB7,2026-03-22,DEV_32158A35FBA1,medium,tier3,NONE,False,False,normal
ACC_BBA09BB78866,2026-03-07,DEV_C254A3D8C75F,low,tier3,NONE,False,False,normal
ACC_38D592DDF350,2026-03-26,DEV_2AF8EFD589AB,high,tier1,NONE,False,False,normal
ACC_077B995D1A22,2026-03-19,DEV_57AAFCFE0610,low,tier2,NONE,False,False,normal
ACC_B6B99E87C676,2026-03-27,DEV_C0E2A5354044,high,tier2,NONE,False,False,normal
ACC_73824DA8F086,2026-04-09,DEV_6B5F2660AF3E,medium,tier3,NONE,False,False,normal
ACC_C5884302A52A,2026-03-05,DEV_9E6B3A8B5430,low,tier2,NONE,False,False,normal
ACC_495DB97A1218,2026-03-13,DEV_7F83C50A5855,low,tier1,NONE,False,False,normal
ACC_CFD82CE68A14,2026-03-14,DEV_8E2CEBFBBD8A,high,tier2,NONE,False,False,normal
ACC_CD1C9214D2D8,2026-04-09,DEV_2C47993C823E,medium,tier3,NONE,False,False,normal
ACC_315CCD67BE6A,2026-04-15,DEV_1A7E6929E3DA,low,tier1,NONE,False,False,normal
ACC_E3EDF61323F9,2026-04-09,DEV_CF84AA4C0B2E,high,tier2,NONE,False,False,normal
ACC_774CB0008A0F,2026-03-23,DEV_8367E96B5062,low,tier1,NONE,False,False,normal
ACC_6A9CED59EBDE,2026-03-28,DEV_BF8B86330D70,high,tier3,NONE,False,False,normal
ACC_EC1A788FD49D,2026-03-13,DEV_D5754E3EE8A7,medium,tier3,NONE,False,False,normal
ACC_DC60AEB2D538,2026-03-14,DEV_771E041BA0CD,medium,tier2,NONE,False,False,normal
ACC_35B12914CF8D,2026-04-26,DEV_7B5AC59FAF9E,low,tier2,NONE,False,False,normal
ACC_260605C51C1E,2026-03-11,DEV_BC18B53D2A73,high,tier3,NONE,False,False,normal
ACC_F2A288E09AE6,2026-03-11,DEV_ED7CA81A2CB5,high,tier3,NONE,False,False,normal
ACC_30DFEED0BEA6,2026-04-09,DEV_1CD5C4C49366,high,tier1,NONE,False,False,normal
ACC_4D041C0BF301,2026-03-18,DEV_16C3152BB706,high,tier1,NONE,False,False,normal
ACC_3FB1CF216A9E,2026-04-18,DEV_CCE69719D62C,high,tier2,NONE,False,False,normal
ACC_C54A94B50D06,2026-04-17,DEV_B2B946835511,high,tier3,NONE,False,False,normal
ACC_F1D76A5C4D5B,2026-04-05,DEV_3154DBFA6F76,high,tier2,NONE,False,False,normal
ACC_0BC9D0E334DB,2026-04-19,DEV_046C874FDB61,high,tier1,NONE,False,False,normal
ACC_56D92FAE75D1,2026-04-13,DEV_329A40D4EA3A,low,tier1,NONE,False,False,normal
ACC_102759CEFC64,2026-03-22,DEV_9B3767A973EF,high,tier1,NONE,False,False,normal
ACC_1A010DAAB682,2026-04-04,DEV_CE2A5344073C,low,tier2,NONE,False,False,normal
ACC_7393E7F26B03,2026-03-14,DEV_4FBF2895F453,high,tier3,NONE,False,False,normal
ACC_4DE0BA8967F8,2026-03-29,DEV_A6AF7B570DE1,medium,tier1,NONE,False,False,normal
ACC_2464D97B4824,2026-04-22,DEV_C2166E125C6E,high,tier3,NONE,False,False,normal
ACC_9DA36B8E5198,2026-03-03,DEV_57C8492B6A36,high,tier1,NONE,False,False,normal
ACC_F464B32215CE,2026-04-11,DEV_28D5F27613F0,medium,tier1,NONE,False,False,normal
ACC_2152CCFDDBC6,2026-03-08,DEV_1658CBCAAE02,low,tier3,NONE,False,False,normal
ACC_1DBEB53BFFD1,2026-04-24,DEV_F86FE84307D7,high,tier1,NONE,False,False,normal
ACC_A95494855711,2026-03-18,DEV_7DE5892A36B0,medium,tier1,NONE,False,False,normal
ACC_93DCF84F3399,2026-03-31,DEV_8E5F9D63E737,medium,tier1,NONE,False,False,normal
ACC_2B39B4B1FFDB,2026-04-13,DEV_D4E016001FD6,medium,tier1,NONE,False,False,normal
ACC_F33699585576,2026-03-14,DEV_720A73A4620E,low,tier1,NONE,False,False,normal
ACC_32F6FBF3928D,2026-04-09,DEV_8F80FAEA9368,low,tier3,NONE,False,False,normal
ACC_342685930C3C,2026-04-22,DEV_F071B6FED732,low,tier3,NONE,False,False,normal
ACC_1CBD6A9D37B1,2026-03-13,DEV_2CCBBA6491E7,low,tier2,NONE,False,False,normal
ACC_2D576B5EFEA2,2026-03-05,DEV_40E322E593DC,high,tier3,NONE,False,False,normal
ACC_16FCD8CEF9ED,2026-04-13,DEV_4E90C6A1FB25,low,tier3,NONE,False,False,normal
ACC_B346F1DC93B1,2026-03-20,DEV_6821850C3D0D,low,tier3,NONE,False,False,normal
ACC_3EA3A902CCBC,2026-04-14,DEV_04BF02ACCC47,low,tier1,NONE,False,False,normal
ACC_3804C7251D2A,2026-05-01,DEV_D06F46ABB967,high,tier3,NONE,False,False,normal
ACC_63D5C2C053FD,2026-04-18,DEV_C507F435AA02,medium,tier3,NONE,False,False,normal
ACC_3717230F2F22,2026-03-30,DEV_AD50CFC9BA4B,low,tier1,NONE,False,False,normal
ACC_B9FB963DE643,2026-03-11,DEV_76B15B884B7A,high,tier3,NONE,False,False,normal
ACC_1B83F2CD4EE7,2026-04-08,DEV_BC53B2C3D33F,low,tier3,NONE,False,False,normal
ACC_D0142F138A87,2026-03-22,DEV_CB1CFCF5344A,high,tier1,NONE,False,False,normal
ACC_35F4192D6A93,2026-03-06,DEV_93E4CE67DB32,low,tier3,NONE,False,False,normal
ACC_43CCE3F1F86C,2026-04-30,DEV_EB72AE903A6A,high,tier1,NONE,False,False,normal
ACC_AC7B10E3D0A9,2026-03-09,DEV_48330DD6BF66,low,tier2,NONE,False,False,normal
ACC_667A3F28666D,2026-04-21,DEV_AF406FDADB93,low,tier1,NONE,False,False,normal
ACC_FC87505F73CC,2026-04-15,DEV_26848AF7390A,medium,tier1,NONE,False,False,normal
ACC_6B0C12BDDCBB,2026-03-25,DEV_5264E426D3F5,medium,tier1,NONE,False,False,normal
ACC_F2E56B7B8037,2026-04-26,DEV_7E4EA71B2047,low,tier2,NONE,False,False,normal
ACC_C1BAFFC13A04,2026-03-30,DEV_E6027301310B,medium,tier1,NONE,False,False,normal
ACC_1A2E426FE3BB,2026-03-08,DEV_D7B65E0E606E,medium,tier2,NONE,False,False,normal
ACC_AD9D119FEFE9,2026-04-23,DEV_83B6EF83D4C8,low,tier3,NONE,False,False,normal
ACC_0E0ECA85F9B4,2026-04-28,DEV_D536E27C9C55,medium,tier1,NONE,False,False,normal
ACC_148E46FB2092,2026-04-17,DEV_8BEB5CD4162B,medium,tier3,NONE,False,False,normal
ACC_E20486A3F095,2026-04-07,DEV_51EAB68F259E,medium,tier2,NONE,False,False,normal
ACC_F7F0C3CA6361,2026-04-28,DEV_F88B081EE3A5,low,tier1,NONE,False,False,normal
ACC_7B9B4862DDAF,2026-03-22,DEV_08083630DC31,medium,tier2,NONE,False,False,normal
ACC_F8AE715B2816,2026-04-18,DEV_13F1684212A8,medium,tier3,NONE,False,False,normal
ACC_4E6C64661355,2026-03-03,DEV_EB51FEEA7196,high,tier2,NONE,False,False,normal
ACC_C084D486AB50,2026-03-29,DEV_9049D0D697F0,medium,tier2,NONE,False,False,normal
ACC_2F684D30BCDF,2026-04-25,DEV_69B07880E7B8,high,tier3,NONE,False,False,normal
ACC_8F6DEB57FE7F,2026-04-12,DEV_BC9EAC9C50BA,high,tier3,NONE,False,False,normal
ACC_887364660205,2026-04-25,DEV_3A2BCAC8BD98,low,tier3,NONE,False,False,normal
ACC_93F22A2D1D2D,2026-03-19,DEV_7B6ED89E1AA7,medium,tier2,NONE,False,False,normal
ACC_EADEDD7B9C0A,2026-03-07,DEV_396F874B3550,high,tier3,NONE,False,False,normal
ACC_0FC65F29DE3C,2026-04-26,DEV_259775C164C2,high,tier1,NONE,False,False,normal
ACC_E86F61298791,2026-03-04,DEV_99B7CF1415CA,high,tier3,NONE,False,False,normal
ACC_E9D6F54935D7,2026-04-28,DEV_75208FDB5FCC,low,tier3,NONE,False,False,normal
ACC_E954975457D3,2026-03-26,DEV_6755ACAB1B16,medium,tier2,NONE,False,False,normal
ACC_133103DEE35E,2026-03-18,DEV_D166EB87C003,low,tier2,NONE,False,False,normal
ACC_B35901C018D1,2026-04-25,DEV_1C86489324D0,medium,tier1,NONE,False,False,normal
ACC_E3A7E6A7087E,2026-04-18,DEV_A9A38A9A8378,high,tier1,NONE,False,False,normal
ACC_BA333B2D0DA6,2026-03-22,DEV_EBC4186DC3EF,high,tier3,NONE,False,False,normal
ACC_D805E637780E,2026-04-11,DEV_A55F8645F26B,low,tier1,NONE,False,False,normal
ACC_2DEECBFE2C3D,2026-03-28,DEV_DDA4890747D9,high,tier2,NONE,False,False,normal
ACC_D552DFF996DE,2026-03-06,DEV_EE68BA292FD0,high,tier3,NONE,False,False,normal
ACC_E11F0FAA181A,2026-04-23,DEV_D28532C76022,low,tier2,NONE,False,False,normal
ACC_46DD665478F8,2026-03-18,DEV_8FC9E6460802,medium,tier1,NONE,False,False,normal
ACC_05B134579ADC,2026-04-06,DEV_288F1A760C38,high,tier1,NONE,False,False,normal
ACC_252D1A263EB4,2026-04-23,DEV_E3442584616D,high,tier1,NONE,False,False,normal
ACC_91F038662BBD,2026-03-12,DEV_902FFB78CF8B,low,tier3,NONE,False,False,normal
ACC_4CBC42688ED6,2026-03-23,DEV_574D8AF034B5,low,tier2,NONE,False,False,normal
ACC_C0AB2BF91B30,2026-04-29,DEV_7FB3FA9ABFFC,medium,tier1,NONE,False,False,normal
ACC_CAFA68734977,2026-04-01,DEV_EAC872808E8F,medium,tier1,NONE,False,False,normal
ACC_0B395790CFA3,2026-03-28,DEV_1E2A6F291494,low,tier3,NONE,False,False,normal
ACC_D42991FF8600,2026-04-01,DEV_728936449F2D,high,tier2,NONE,False,False,normal
ACC_585D19CDFB6A,2026-03-23,DEV_9FE48D2CB879,low,tier3,NONE,False,False,normal
ACC_64845712378D,2026-03-14,DEV_F31301182F00,medium,tier3,NONE,False,False,normal
ACC_1CC9C672F545,2026-03-28,DEV_5E5F9D7A252E,low,tier2,NONE,False,False,normal
ACC_A4120ACF366D,2026-04-09,DEV_6FD2F9EFF497,high,tier1,NONE,False,False,normal
ACC_2944268394AA,2026-03-17,DEV_7652D5BB6466,high,tier2,NONE,False,False,normal
ACC_59FBC7E37909,2026-04-28,DEV_7C55456312CF,high,tier3,NONE,False,False,normal
ACC_C425DA864192,2026-03-02,DEV_1B9E5D09DB05,medium,tier3,NONE,False,False,normal
ACC_3CA78C2A5488,2026-04-07,DEV_0081AB03AA29,low,tier2,NONE,False,False,normal
ACC_99CB187DB40D,2026-03-19,DEV_17A439B757CA,high,tier2,NONE,False,False,normal
ACC_086902BACAC7,2026-04-23,DEV_C562966DCBE8,high,tier2,NONE,False,False,normal
ACC_2B9878AADE91,2026-04-11,DEV_806390A6B736,high,tier3,NONE,False,False,normal
ACC_54B7E8503CB6,2026-04-25,DEV_B820EB465A6F,high,tier2,NONE,False,False,normal
ACC_BAE38C8018EE,2026-05-01,DEV_8C2D13FF4777,high,tier3,NONE,False,False,normal
ACC_1782EBF12C56,2026-04-26,DEV_2B7D5D466E66,medium,tier2,NONE,False,False,normal
ACC_A159CB586456,2026-03-08,DEV_6CE4B282A822,low,tier3,NONE,False,False,normal
ACC_95F947F38BB4,2026-04-22,DEV_E5990F75E038,high,tier3,NONE,False,False,normal
ACC_390FE25D292F,2026-04-01,DEV_EDE2856B27EF,low,tier2,NONE,False,False,normal
ACC_D97A23A0B3B9,2026-03-02,DEV_2D080191CE2C,high,tier3,NONE,False,False,normal
ACC_48F232C56B35,2026-03-08,DEV_46BE681858C0,medium,tier2,NONE,False,False,normal
ACC_298C75152F60,2026-04-22,DEV_8667DA70FF9C,medium,tier2,NONE,False,False,normal
ACC_47690AD9037A,2026-04-05,DEV_E411148AEE15,low,tier1,NONE,False,False,normal
ACC_88D6148D590C,2026-03-23,DEV_68F1E854F140,high,tier2,NONE,False,False,normal
ACC_240B45F42060,2026-04-04,DEV_62862BFBE55E,medium,tier2,NONE,False,False,normal
ACC_582C8BF53F0A,2026-04-27,DEV_D335A260A3D2,low,tier3,NONE,False,False,normal
ACC_88A3C8240A64,2026-03-09,DEV_2EF6AEAF83FF,low,tier2,NONE,False,False,normal
ACC_1C507B6403C2,2026-04-17,DEV_7AF73E760147,high,tier2,NONE,False,False,normal
ACC_276F9698CBEA,2026-04-27,DEV_1ECD70567AE5,high,tier2,NONE,False,False,normal
ACC_2FAF743D9B66,2026-04-03,DEV_4A3CC1C016F6,low,tier3,NONE,False,False,normal
ACC_E5E995629C62,2026-04-24,DEV_F9E04A906003,medium,tier3,NONE,False,False,normal
ACC_2621326982D1,2026-03-14,DEV_9509D196A39F,medium,tier1,NONE,False,False,normal
ACC_420425342191,2026-04-01,DEV_4FE835CD8C51,low,tier1,NONE,False,False,normal
ACC_86CFB7F8B797,2026-03-22,DEV_BBCEAD851779,medium,tier2,NONE,False,False,normal
ACC_1A041EB1AE06,2026-04-19,DEV_BB86FD69D078,low,tier1,NONE,False,False,normal
ACC_4F1C8E5E7C1D,2026-04-08,DEV_92A650ED13A7,low,tier2,NONE,False,False,normal
ACC_8B37D8FA01CD,2026-04-08,DEV_581C095CF32F,medium,tier3,NONE,False,False,normal
ACC_BEF7AC0D79FB,2026-04-05,DEV_12316CC55B7C,low,tier3,NONE,False,False,normal
ACC_A5A88CA5B118,2026-03-11,DEV_24C2C222057A,high,tier2,NONE,False,False,normal
ACC_3702C596D268,2026-03-24,DEV_42D5D55D5BA9,high,tier1,NONE,False,False,normal
ACC_31FB46645DDC,2026-04-14,DEV_F54F8EB47D0E,high,tier2,NONE,False,False,normal
ACC_1DA0FEFC1240,2026-04-29,DEV_0810B9A49682,medium,tier3,NONE,False,False,normal
ACC_2B3DF60F18B6,2026-04-02,DEV_AA99FC1F0FD7,low,tier1,NONE,False,False,normal
ACC_55CF6D0FCBA5,2026-04-29,DEV_4B897DFA63CD,medium,tier1,NONE,False,False,normal
ACC_DA8C000B4820,2026-04-16,DEV_3EEDE86BBDC4,medium,tier3,NONE,False,False,normal
ACC_720D4BCA6CAB,2026-03-12,DEV_8189C2B87E59,low,tier2,NONE,False,False,normal
ACC_71D7EBA532BA,2026-04-08,DEV_DFE55C399778,low,tier2,NONE,False,False,normal
ACC_CA8767133174,2026-04-11,DEV_4D7F6B59DB56,low,tier2,NONE,False,False,normal
ACC_4B569944A094,2026-04-20,DEV_72C507582CE9,medium,tier2,NONE,False,False,normal
ACC_964DACCF51D2,2026-04-10,DEV_C695B4C9F633,high,tier2,NONE,False,False,normal
ACC_5DE60ED617DB,2026-04-11,DEV_E21C2413AFF0,high,tier1,NONE,False,False,normal
ACC_05548187A85F,2026-04-29,DEV_C2DF3395D0C4,high,tier1,NONE,False,False,normal
ACC_A2C1D3A3A9AC,2026-04-19,DEV_798BABB18308,medium,tier1,NONE,False,False,normal
ACC_596BDC72D0B8,2026-04-20,DEV_36973B8F45BA,medium,tier1,NONE,False,False,normal
ACC_793FA30D0511,2026-04-06,DEV_E33817A9F1F2,high,tier3,NONE,False,False,normal
ACC_EB6825C3BC2B,2026-04-07,DEV_1A72C6CB2B61,low,tier2,NONE,False,False,normal
ACC_9373AD604200,2026-03-13,DEV_6D61AEF887CE,low,tier2,NONE,False,False,normal
ACC_2402607DBDE8,2026-03-31,DEV_1EC5EDD269AC,low,tier2,NONE,False,False,normal
ACC_704A41F6A429,2026-04-08,DEV_A9FA3E5AF832,high,tier2,NONE,False,False,normal
ACC_CB5583F16E6E,2026-03-06,DEV_F7B73828883D,low,tier2,NONE,False,False,normal
ACC_445BA91B6065,2026-03-20,DEV_352FC282D2FE,high,tier1,NONE,False,False,normal
ACC_D5E6FFF2A345,2026-04-25,DEV_7055C07FCAAD,low,tier3,NONE,False,False,normal
ACC_D24CFA738505,2026-03-21,DEV_4A76C85D9711,high,tier2,NONE,False,False,normal
ACC_E919D92F6ED7,2026-04-25,DEV_A7329AD79475,high,tier2,NONE,False,False,normal
ACC_980438D6541B,2026-03-03,DEV_BAE5B6099372,low,tier1,NONE,False,False,normal
ACC_2BB1014379FD,2026-04-08,DEV_DE8E3B44050A,medium,tier3,NONE,False,False,normal
ACC_F8127476DC6B,2026-04-14,DEV_4BC4C42BAC6A,high,tier2,NONE,False,False,normal
ACC_13609535E975,2026-03-10,DEV_55EC591E6FD0,high,tier2,NONE,False,False,normal
ACC_8E924028DFF1,2026-04-07,DEV_6B9CD487CECE,high,tier1,NONE,False,False,normal
ACC_E801020AAFA2,2026-03-10,DEV_F4F0F7FD511D,high,tier3,NONE,False,False,normal
ACC_B7525B18789C,2026-04-05,DEV_061DE25E72B6,medium,tier1,NONE,False,False,normal
ACC_74BD273F5B60,2026-04-07,DEV_B29B9EC7BFCF,medium,tier3,NONE,False,False,normal
ACC_F616FB263798,2026-03-21,DEV_68F0F98D9473,medium,tier3,NONE,False,False,normal
ACC_B51BD04D8D23,2026-04-27,DEV_F50CBC527167,medium,tier1,NONE,False,False,normal
ACC_4710166796CE,2026-04-21,DEV_EACFB2249A9F,medium,tier2,NONE,False,False,normal
ACC_D4CCA354D0CF,2026-03-21,DEV_839D71A1BC60,low,tier1,NONE,False,False,normal
ACC_491BCD2289A9,2026-03-22,DEV_CEFB1430B502,high,tier1,NONE,False,False,normal
ACC_28C95CED3FD8,2026-04-06,DEV_68FC0C48EFA5,high,tier2,NONE,False,False,normal
ACC_6EC45FBBE765,2026-03-26,DEV_CF10760D5F0C,medium,tier3,NONE,False,False,normal
ACC_7B122A33CD79,2026-03-08,DEV_6587FB35E829,low,tier3,NONE,False,False,normal
ACC_D204F454556B,2026-03-05,DEV_ADD09459EE72,high,tier2,NONE,False,False,normal
ACC_276555E707D6,2026-03-04,DEV_9A04F6467111,high,tier3,NONE,False,False,normal
ACC_46C7A0D59D06,2026-03-06,DEV_CEBA6B0F657D,high,tier3,NONE,False,False,normal
ACC_985ECA0D8F8F,2026-03-30,DEV_7711D01C6CFC,low,tier2,NONE,False,False,normal
ACC_904E77043950,2026-04-02,DEV_A43C2B6592D0,high,tier1,NONE,False,False,normal
ACC_CDBE2393F281,2026-03-17,DEV_07D867D8B601,medium,tier2,NONE,False,False,normal
ACC_A94F5B4019EA,2026-03-18,DEV_48515208F429,high,tier1,NONE,False,False,normal
ACC_8494C771A249,2026-04-16,DEV_F076F7E141F5,medium,tier1,NONE,False,False,normal
ACC_1180D638A15F,2026-03-24,DEV_A5F92134B93A,high,tier1,NONE,False,False,normal
ACC_99D1D3321EDF,2026-04-19,DEV_70B8D1E698D7,low,tier3,NONE,False,False,normal
ACC_AAB0136C3D74,2026-03-26,DEV_BEF95D5A6BEB,low,tier2,NONE,False,False,normal
ACC_2ED40DCE3F6B,2026-04-17,DEV_A6BC36663C01,high,tier1,NONE,False,False,normal
ACC_273BD5065529,2026-03-31,DEV_E5E772016DF0,low,tier2,NONE,False,False,normal
ACC_FF39DE14CB96,2026-04-11,DEV_AC16CA1E84EC,high,tier3,NONE,False,False,normal
ACC_AC1278423943,2026-03-14,DEV_35C7F3624772,low,tier2,NONE,False,False,normal
ACC_339C3BBCEF1B,2026-03-03,DEV_E21FB523BA43,medium,tier2,NONE,False,False,normal
ACC_9C82340ABFE4,2026-03-13,DEV_16EEF5298919,high,tier1,NONE,False,False,normal
ACC_0FAE5D2DD85D,2026-03-25,DEV_B4CDBDCCBE53,high,tier3,NONE,False,False,normal
ACC_80CB5109E13B,2026-04-27,DEV_0B27B97874A6,low,tier1,NONE,False,False,normal
ACC_5EE491012F5D,2026-03-16,DEV_C7A51D5DA03F,medium,tier3,NONE,False,False,normal
ACC_6183F6F89DC4,2026-03-27,DEV_18139A25E1F5,low,tier2,NONE,False,False,normal
ACC_A77F94311043,2026-04-19,DEV_3DAB66CBFE0E,high,tier2,NONE,False,False,normal
ACC_FACBF323578A,2026-03-31,DEV_4C1A3849490D,medium,tier3,NONE,False,False,normal
ACC_BE64D9099402,2026-03-05,DEV_5778633B0AEE,low,tier1,NONE,False,False,normal
ACC_8572A51ECD7A,2026-04-22,DEV_C60F4D6BEFE9,high,tier3,NONE,False,False,normal
ACC_2C77F0CC8A8C,2026-03-12,DEV_BDC007BDF039,high,tier1,NONE,False,False,normal
ACC_17F8E137393D,2026-03-07,DEV_733857DB9347,high,tier2,NONE,False,False,normal
ACC_7CBFA8C9B909,2026-03-30,DEV_3D256C2F9217,low,tier2,NONE,False,False,normal
ACC_00B031DF7A89,2026-03-20,DEV_937D419C0314,medium,tier3,NONE,False,False,normal
ACC_3FDAD86F1A01,2026-04-21,DEV_C4F706A2E1B6,medium,tier1,NONE,False,False,normal
ACC_4F7525460780,2026-04-30,DEV_301EA21FD8D6,low,tier1,NONE,False,False,normal
ACC_2517CBA5F834,2026-04-28,DEV_C4ED62FA83FD,medium,tier1,NONE,False,False,normal
ACC_1CA52BE7FA98,2026-04-10,DEV_B3A3015619BC,medium,tier1,NONE,False,False,normal
ACC_01E407EF7AB5,2026-04-23,DEV_9ABE5DE68986,low,tier2,NONE,False,False,normal
ACC_ABC47338BF2C,2026-03-21,DEV_E64B7E9093DF,high,tier1,NONE,False,False,normal
ACC_66C0B58F8912,2026-03-22,DEV_8C8F92C8559C,high,tier2,NONE,False,False,normal
ACC_1CB8BEB90F34,2026-04-01,DEV_E079FE271817,medium,tier2,NONE,False,False,normal
ACC_D50FF45E325E,2026-04-16,DEV_1480E37EB3AE,low,tier1,NONE,False,False,normal
ACC_38D8739AB257,2026-03-12,DEV_5DDC1BD7C1D1,low,tier2,NONE,False,False,normal
ACC_D718BFC0320A,2026-03-03,DEV_B06405C7B642,low,tier3,NONE,False,False,normal
ACC_94504A470D6E,2026-03-15,DEV_5DD6D5F3BCFF,medium,tier2,NONE,False,False,normal
ACC_8435B3672AA9,2026-03-13,DEV_E56BD6F8CF3D,medium,tier3,NONE,False,False,normal
ACC_88B0729D3402,2026-03-28,DEV_CB6298365086,medium,tier2,NONE,False,False,normal
ACC_E00EB56AD8D9,2026-04-21,DEV_2F38E0912F0F,low,tier1,NONE,False,False,normal
ACC_98FDE8BA1A3B,2026-03-07,DEV_B91AE4BD4EB2,low,tier2,NONE,False,False,normal
ACC_E2D9C9B8D54D,2026-04-24,DEV_753D5F7F783A,low,tier2,NONE,False,False,normal
ACC_493B4CC0EF95,2026-04-12,DEV_2F339F1BE72E,medium,tier2,NONE,False,False,normal
ACC_8379EF9E460E,2026-04-17,DEV_494FE8050658,low,tier1,NONE,False,False,normal
ACC_442D55321A9C,2026-03-12,DEV_741D8C5F8896,low,tier3,NONE,False,False,normal
ACC_FD49F24DFA57,2026-03-08,DEV_0C5B4DD0D3E6,high,tier3,NONE,False,False,normal
ACC_88737E45C98E,2026-04-30,DEV_9317A6A17DAD,high,tier1,NONE,False,False,normal
ACC_351192298F09,2026-04-16,DEV_D123EC39BD3A,high,tier3,NONE,False,False,normal
ACC_EB2E010D1E08,2026-04-25,DEV_860D4FC74A34,low,tier3,NONE,False,False,normal
ACC_C1BC3A5B895B,2026-03-27,DEV_E6DAD2000D73,low,tier3,NONE,False,False,normal
ACC_D4EEA97D5158,2026-03-27,DEV_7CF31C25A2EC,medium,tier1,NONE,False,False,normal
ACC_957AE78E05C8,2026-03-02,DEV_FD4870604F56,high,tier1,NONE,False,False,normal
ACC_75911907A6FD,2026-03-29,DEV_9DDA146CCCCD,medium,tier1,NONE,False,False,normal
ACC_781E9A6CECEB,2026-03-21,DEV_36CBAF914975,high,tier1,NONE,False,False,normal
ACC_F3D9D9100B2C,2026-04-28,DEV_DB749E78DCBD,medium,tier3,NONE,False,False,normal
ACC_B9C66EBE7C1C,2026-04-20,DEV_3FE202973ED6,medium,tier1,NONE,False,False,normal
ACC_770F6CEC46CB,2026-04-07,DEV_A437090B9A9D,high,tier1,NONE,False,False,normal
ACC_54F2420E42D2,2026-03-02,DEV_0666318D6D62,low,tier2,NONE,False,False,normal
ACC_E714D3EF2FE4,2026-04-19,DEV_5634E2D0EEF3,medium,tier2,NONE,False,False,normal
ACC_FFA06E781021,2026-04-30,DEV_AB0EE437FCB3,low,tier3,NONE,False,False,normal
ACC_195FCFE8E54F,2026-03-14,DEV_9F8E319560C4,high,tier3,NONE,False,False,normal
ACC_FBA444BD44E6,2026-03-20,DEV_F9271A79C907,medium,tier3,NONE,False,False,normal
ACC_2C428E69B911,2026-03-18,DEV_72AECCE7D626,low,tier1,NONE,False,False,normal
ACC_A0A5DD86B19E,2026-03-28,DEV_8F493FBBDF15,low,tier2,NONE,False,False,normal
ACC_1A0657726450,2026-04-23,DEV_BBA7C20E87D3,low,tier2,NONE,False,False,normal
ACC_026B26A64E3F,2026-03-19,DEV_835000255999,low,tier2,NONE,False,False,normal
ACC_441CDF9ECDF5,2026-03-05,DEV_C7667F1A0D34,low,tier1,NONE,False,False,normal
ACC_4205608DA239,2026-03-09,DEV_EC7C451A29CC,medium,tier3,NONE,False,False,normal
ACC_7D0D4F4868D3,2026-04-18,DEV_07E234C13AC8,high,tier1,NONE,False,False,normal
ACC_0D58A6452E94,2026-04-14,DEV_3B7C866FD99C,high,tier3,NONE,False,False,normal
ACC_AF5058AC4BF8,2026-03-17,DEV_9023E497C296,medium,tier3,NONE,False,False,normal
ACC_1DCD63634D5C,2026-03-29,DEV_8058AEDF9A3A,high,tier1,NONE,False,False,normal
ACC_72FDC4F055C2,2026-04-04,DEV_71872961525C,high,tier3,NONE,False,False,normal
ACC_ACA5FA30262E,2026-04-21,DEV_BF98A7A42823,medium,tier2,NONE,False,False,normal
ACC_66C5F942D88A,2026-03-10,DEV_2E22791BC8C3,low,tier2,NONE,False,False,normal
ACC_35EC0126F611,2026-03-05,DEV_A39BBE2B434B,high,tier2,NONE,False,False,normal
ACC_FECCF1896356,2026-03-22,DEV_B1F2E69BEC2C,medium,tier2,NONE,False,False,normal
ACC_E6971CE95833,2026-04-11,DEV_7DEFD520F808,medium,tier2,NONE,False,False,normal
ACC_DD21B6B458C4,2026-03-24,DEV_57E6A4A5FF12,low,tier2,NONE,False,False,normal
ACC_59E80BFB2B0D,2026-03-12,DEV_2E61072B0CC9,high,tier1,NONE,False,False,normal
ACC_53ECB23C36DF,2026-04-14,DEV_84530174975B,medium,tier2,NONE,False,False,normal
ACC_7524847EB605,2026-04-14,DEV_FC977740D5EC,medium,tier1,NONE,False,False,normal
ACC_22F664EAED07,2026-04-18,DEV_E2BA4E0BE8E6,low,tier3,NONE,False,False,normal
ACC_6F71178C1C5C,2026-03-21,DEV_65FA9C6702AB,high,tier1,NONE,False,False,normal
ACC_D5AD0BB6CFBB,2026-03-28,DEV_D46C9531722D,medium,tier3,NONE,False,False,normal
ACC_FC2682DAF6AC,2026-03-13,DEV_22D778937AE1,high,tier3,NONE,False,False,normal
ACC_20A6275FAF69,2026-04-07,DEV_B57E0ABE0411,medium,tier2,NONE,False,False,normal
ACC_DED16F056967,2026-03-26,DEV_9BD967D86DF8,medium,tier1,NONE,False,False,normal
ACC_4A474D7C3A74,2026-04-26,DEV_9EF1AFFC3088,medium,tier1,NONE,False,False,normal
ACC_205E497D7522,2026-03-17,DEV_AF3B8E33996F,high,tier3,NONE,False,False,normal
ACC_054ED65B1A4A,2026-04-11,DEV_24F852EC6D5B,low,tier3,NONE,False,False,normal
ACC_D0D03774B7A7,2026-04-21,DEV_F503604BBEB1,medium,tier3,NONE,False,False,normal
ACC_27B839179FF3,2026-04-18,DEV_9B8CA4BCF377,low,tier2,NONE,False,False,normal
ACC_31CCAA101C24,2026-04-23,DEV_4E1E23507499,low,tier2,NONE,False,False,normal
ACC_FEF2C6CFFA91,2026-04-11,DEV_0FA634C74C37,low,tier3,NONE,False,False,normal
ACC_A7355DB11D88,2026-04-07,DEV_4EE479B3DD50,high,tier1,NONE,False,False,normal
ACC_D8FC40C95C47,2026-03-19,DEV_1433D1F7F7D0,medium,tier2,NONE,False,False,normal
ACC_1FBC353AB33F,2026-04-10,DEV_89817D51384B,medium,tier3,NONE,False,False,normal
ACC_886B663F437F,2026-03-25,DEV_5A1A139EBBD0,medium,tier3,NONE,False,False,normal
ACC_246D4FD6B2AF,2026-03-10,DEV_43845404C392,medium,tier3,NONE,False,False,normal
ACC_AEE4930DD460,2026-04-13,DEV_9CE9AE88FC30,low,tier2,NONE,False,False,normal
ACC_8839C2CF21D7,2026-03-21,DEV_A6F2E4587345,medium,tier1,NONE,False,False,normal
ACC_3C2B3E352765,2026-05-01,DEV_FC0665A4F342,low,tier2,NONE,False,False,normal
ACC_ACA1143CB60E,2026-04-01,DEV_3545E72A3BEE,low,tier1,NONE,False,False,normal
ACC_3382C3BF140F,2026-04-13,DEV_E89A866D9844,low,tier1,NONE,False,False,normal
ACC_DFB9FB670C52,2026-04-06,DEV_53A477A18C59,medium,tier1,NONE,False,False,normal
ACC_9D6EED393A2F,2026-03-07,DEV_B1CBFAF2A256,high,tier3,NONE,False,False,normal
ACC_FF9D5CFD3B75,2026-04-10,DEV_837A98983EE2,medium,tier3,NONE,False,False,normal
ACC_3A0FEABC8513,2026-04-19,DEV_FC79468AA45F,medium,tier1,NONE,False,False,normal
ACC_2B3AA1378B17,2026-04-15,DEV_B2C28ECAE0B9,high,tier2,NONE,False,False,normal
ACC_FD58C3155F6E,2026-04-29,DEV_E0A91745D08C,low,tier2,NONE,False,False,normal
ACC_299A7652F329,2026-04-06,DEV_951703678A93,low,tier3,NONE,False,False,normal
ACC_628D3724C7BE,2026-03-08,DEV_A2270DDBBD0E,high,tier2,NONE,False,False,normal
ACC_6B3A20E9EF1E,2026-03-23,DEV_955077700995,high,tier2,NONE,False,False,normal
ACC_CF773D067AC6,2026-03-23,DEV_9CA87197B6E6,high,tier3,NONE,False,False,normal
ACC_20067BE99B1E,2026-03-28,DEV_449506EC42F1,low,tier1,NONE,False,False,normal
ACC_A21CC2501D69,2026-04-08,DEV_E3C753492D88,medium,tier1,NONE,False,False,normal
ACC_E06CB865D8C0,2026-03-29,DEV_BECE86AF7A66,low,tier1,NONE,False,False,normal
ACC_63B8037F5379,2026-03-04,DEV_E8E5308DF150,low,tier3,NONE,False,False,normal
ACC_082D77ADFF83,2026-04-12,DEV_8604EB45B782,medium,tier1,NONE,False,False,normal
ACC_20EF3DE4AE09,2026-04-09,DEV_1C5A9C109979,low,tier2,NONE,False,False,normal
ACC_B3A5F9B7BE14,2026-03-05,DEV_697600EFAEEE,medium,tier2,NONE,False,False,normal
ACC_CECF9B4BCC91,2026-04-05,DEV_19E323F64081,high,tier1,NONE,False,False,normal
ACC_761178B2688F,2026-04-04,DEV_75DE38278385,high,tier1,NONE,False,False,normal
ACC_1145A69A7259,2026-04-11,DEV_3783F5137E73,medium,tier2,NONE,False,False,normal
ACC_CA92ACCDEAD9,2026-03-26,DEV_6646427B60B4,low,tier2,NONE,False,False,normal
ACC_2398FBC0D202,2026-04-07,DEV_F2D23E67727F,high,tier1,NONE,False,False,normal
ACC_9138B61DFD17,2026-03-03,DEV_E17EA2D8F2B7,low,tier1,NONE,False,False,normal
ACC_8D2348C0758C,2026-04-01,DEV_8EA2B73F04D5,low,tier2,NONE,False,False,normal
ACC_647D9C64B2E0,2026-04-14,DEV_70E45B037137,low,tier2,NONE,False,False,normal
ACC_CEBC79B8AC04,2026-03-20,DEV_C79F399D7244,high,tier2,NONE,False,False,normal
ACC_E089A1FED4EC,2026-04-06,DEV_0197171E909A,medium,tier2,NONE,False,False,normal
ACC_BE651ECF8CE4,2026-03-12,DEV_9E90E6021F5E,high,tier1,NONE,False,False,normal
ACC_2E27704A63FD,2026-04-13,DEV_86509A790F6B,low,tier3,NONE,False,False,normal
ACC_71086E0424CF,2026-03-16,DEV_F4D7AE51A547,high,tier1,NONE,False,False,normal
ACC_1B84D0845F02,2026-04-25,DEV_8979BA1D0B5A,low,tier2,NONE,False,False,normal
ACC_A5E829EA46F7,2026-04-03,DEV_2AAC9492DB9E,high,tier3,NONE,False,False,normal
ACC_B93F9BE2F699,2026-04-23,DEV_E72CC3D52F98,low,tier1,NONE,False,False,normal
ACC_E01CC265ED12,2026-03-09,DEV_3CB015BAA917,low,tier1,NONE,False,False,normal
ACC_31141345077D,2026-03-18,DEV_5803B183BAC1,high,tier3,NONE,False,False,normal
ACC_DAF6289283BF,2026-03-18,DEV_7BFF48CA1BA4,high,tier3,NONE,False,False,normal
ACC_0CA6322A33EF,2026-03-22,DEV_D68CA2839B55,high,tier1,NONE,False,False,normal
ACC_80E1C8719F03,2026-04-20,DEV_8BA56F55779D,high,tier3,NONE,False,False,normal
ACC_92842C69B5F2,2026-03-07,DEV_61D22215F30D,low,tier1,NONE,False,False,normal
ACC_73D4D8FB577A,2026-04-19,DEV_D484C9B784CC,low,tier3,NONE,False,False,normal
ACC_0E5C1DAE8882,2026-04-03,DEV_1452B7625DF5,high,tier1,NONE,False,False,normal
ACC_99B96AEDBC6E,2026-03-30,DEV_5D51CA948256,low,tier1,NONE,False,False,normal
ACC_6B03AE99260C,2026-04-15,DEV_80C96B1EF2B0,low,tier2,NONE,False,False,normal
ACC_BC3EE007ACAE,2026-03-04,DEV_934CCBF3257B,low,tier1,NONE,False,False,normal
ACC_B459283A904C,2026-03-09,DEV_253B7275C961,high,tier1,NONE,False,False,normal
ACC_03AD794EF3B1,2026-03-23,DEV_188AE726B6DF,high,tier3,NONE,False,False,normal
ACC_325F7887E0CE,2026-04-24,DEV_EFECEC360B46,medium,tier2,NONE,False,False,normal
ACC_4543C40B8BDC,2026-04-19,DEV_95D10E48F01F,low,tier1,NONE,False,False,normal
ACC_BE4853496DEC,2026-04-08,DEV_7B484873B592,high,tier1,NONE,False,False,normal
ACC_E1A36669426D,2026-04-01,DEV_741FE8E50691,medium,tier1,NONE,False,False,normal
ACC_08C5A0D9164A,2026-03-14,DEV_73AFC36C26FF,medium,tier2,NONE,False,False,normal
ACC_6DC45136BABB,2026-04-16,DEV_E9AA7100278C,high,tier1,NONE,False,False,normal
ACC_1E0EF2F3618A,2026-03-05,DEV_A98596FEC016,medium,tier2,NONE,False,False,normal
ACC_5FE4DC1C59B5,2026-04-02,DEV_B4366B4139A7,high,tier3,NONE,False,False,normal
ACC_990D7394F375,2026-03-26,DEV_ADBDCB787D00,low,tier1,NONE,False,False,normal
ACC_E47733B95342,2026-03-29,DEV_52AA679B6782,high,tier3,NONE,False,False,normal
ACC_F406ACCB283C,2026-04-13,DEV_FE64C7973358,low,tier2,NONE,False,False,normal
ACC_40EBC557A870,2026-03-14,DEV_A992F27C34BF,low,tier1,NONE,False,False,normal
ACC_ADECDBC81877,2026-04-05,DEV_D442BDE3C4A0,high,tier2,NONE,False,False,normal
ACC_8AA2D5FCC321,2026-03-18,DEV_EDC5041A86B8,low,tier1,NONE,False,False,normal
ACC_B71804726838,2026-03-19,DEV_EA1D0F145CC9,medium,tier2,NONE,False,False,normal
ACC_D18F3C7D8431,2026-04-07,DEV_80ACBC355898,high,tier2,NONE,False,False,normal
ACC_3450F3F99B0E,2026-03-09,DEV_5A1C3153724A,medium,tier3,NONE,False,False,normal
ACC_90A7FF29FCAE,2026-04-13,DEV_A12CD0EF722E,high,tier3,NONE,False,False,normal
ACC_7122659B45DB,2026-03-27,DEV_3C4549A5F109,low,tier2,NONE,False,False,normal
ACC_EBFD190A842A,2026-04-16,DEV_E1968318A42A,low,tier1,NONE,False,False,normal
ACC_3C4F3727A961,2026-03-08,DEV_DC673A57041B,low,tier3,NONE,False,False,normal
ACC_82BBC1CFE73C,2026-04-22,DEV_7225E807F7D7,low,tier2,NONE,False,False,normal
ACC_0E97A06FBD2F,2026-03-29,DEV_13BA631D1260,medium,tier1,NONE,False,False,normal
ACC_9A61C3FB5338,2026-04-16,DEV_ED64ABA255ED,medium,tier3,NONE,False,False,normal
ACC_1C36FA74E312,2026-04-28,DEV_C297F5BC8CFC,low,tier2,NONE,False,False,normal
ACC_3D202F348377,2026-05-01,DEV_766F79BF140F,high,tier1,NONE,False,False,normal
ACC_A00F0E671955,2026-04-03,DEV_5D319E6070DC,medium,tier3,NONE,False,False,normal
ACC_E4461886FCB0,2026-04-13,DEV_8FB219170862,medium,tier2,NONE,False,False,normal
ACC_81A35330073D,2026-03-08,DEV_989A68B731DA,high,tier1,NONE,False,False,normal
ACC_07C1B335EB2E,2026-04-01,DEV_7190D5F813EE,low,tier1,NONE,False,False,normal
ACC_32C0B14FBFBD,2026-03-19,DEV_5619BC731105,low,tier2,NONE,False,False,normal
ACC_C42E0F6B4A8D,2026-03-20,DEV_F91D226CB00D,high,tier3,NONE,False,False,normal
ACC_4A4D822CFE22,2026-03-07,DEV_4FEF3CC193AE,low,tier1,NONE,False,False,normal
ACC_DC70C1867326,2026-04-26,DEV_DC75A84373AC,low,tier3,NONE,False,False,normal
ACC_91EF6BD1DD2C,2026-04-25,DEV_C88B04FF6F13,low,tier1,NONE,False,False,normal
ACC_454CA940770C,2026-04-13,DEV_B59E591BEDBE,medium,tier1,NONE,False,False,normal
ACC_E273715D6A0B,2026-03-05,DEV_ED39E70F2A02,low,tier2,NONE,False,False,normal
ACC_906582080A48,2026-03-06,DEV_CBBBC21D030F,high,tier2,NONE,False,False,normal
ACC_2FC3B4FFE9CF,2026-04-25,DEV_35A5EC5062CE,high,tier2,NONE,False,False,normal
ACC_8E364EDABD67,2026-04-24,DEV_36AD62E76285,medium,tier3,NONE,False,False,normal
ACC_5580406EA877,2026-04-22,DEV_403957042EE9,medium,tier2,NONE,False,False,normal
ACC_B935C9E3ABBE,2026-03-02,DEV_07374F11A791,medium,tier2,NONE,False,False,normal
ACC_C28213946809,2026-04-26,DEV_282702E31303,medium,tier1,NONE,False,False,normal
ACC_209A306DB368,2026-03-15,DEV_6DAA5A44EADD,low,tier2,NONE,False,False,normal
ACC_29F22FB1DFB5,2026-03-25,DEV_C02108545B18,medium,tier1,NONE,False,False,normal
ACC_BE1DD504B9AE,2026-04-04,DEV_1BE87E9BCE0F,high,tier1,NONE,False,False,normal
ACC_D09539692986,2026-04-13,DEV_BFE13CB0B215,medium,tier3,NONE,False,False,normal
ACC_3A2017E5771A,2026-03-13,DEV_8893E37F5D45,low,tier3,NONE,False,False,normal
ACC_7C8B46C34D1F,2026-04-26,DEV_F5ED1391923D,medium,tier1,NONE,False,False,normal
ACC_C907AC913037,2026-04-06,DEV_FBA7560DCF62,high,tier2,NONE,False,False,normal
ACC_848FF72F5985,2026-03-25,DEV_83147CD9F9E0,medium,tier1,NONE,False,False,normal
ACC_10047B30704B,2026-03-21,DEV_7305B1B88BBE,medium,tier1,NONE,False,False,normal
ACC_505649B2AF09,2026-03-09,DEV_4A2D327C8025,medium,tier3,NONE,False,False,normal
ACC_4AD80EB000A4,2026-03-06,DEV_A2F9DADE8273,medium,tier3,NONE,False,False,normal
ACC_FB9FC8BF0FAD,2026-03-10,DEV_B2C7CC7D9C66,high,tier1,NONE,False,False,normal
ACC_20F6D48CD335,2026-04-01,DEV_83EA05BCEF5D,medium,tier2,NONE,False,False,normal
ACC_081A7815FEA4,2026-04-13,DEV_38C624335737,high,tier1,NONE,False,False,normal
ACC_913A662B5F7B,2026-03-24,DEV_820B2AC977D1,low,tier2,NONE,False,False,normal
ACC_08ACD321D22C,2026-03-16,DEV_4551E7B6A3AC,medium,tier1,NONE,False,False,normal
ACC_E6B7DF1A8451,2026-04-22,DEV_6F84AF29CC00,low,tier3,NONE,False,False,normal
ACC_CB5F8A364456,2026-03-19,DEV_23610167717D,medium,tier1,NONE,False,False,normal
ACC_95D2E99DCA34,2026-03-25,DEV_CC7730E98D59,medium,tier1,NONE,False,False,normal
ACC_0736E15E2B88,2026-03-22,DEV_8F88A85226B7,low,tier3,NONE,False,False,normal
ACC_A87E13AD1B3C,2026-04-27,DEV_63F28DB3A598,low,tier2,NONE,False,False,normal
ACC_378F17774E72,2026-03-30,DEV_8CB6CF154CF1,medium,tier2,NONE,False,False,normal
ACC_6EBDC8F56594,2026-04-02,DEV_101AE1915ADA,low,tier3,NONE,False,False,normal
ACC_F3528BBD461B,2026-03-13,DEV_DAD2A5AF910B,high,tier3,NONE,False,False,normal
ACC_0B5DBE6551CE,2026-04-22,DEV_030A5AA418F8,low,tier1,NONE,False,False,normal
ACC_5020DA7002C6,2026-04-03,DEV_BEAA3F9FDBC0,high,tier2,NONE,False,False,normal
ACC_70C1CA53E44E,2026-04-21,DEV_386185D949D3,medium,tier3,NONE,False,False,normal
ACC_FC5EFEB7F7EC,2026-04-19,DEV_1EAF396A0586,medium,tier1,NONE,False,False,normal
ACC_F9793C6C24D7,2026-03-02,DEV_D1B092A6A765,high,tier1,NONE,False,False,normal
ACC_C491F515FA4F,2026-03-15,DEV_5AE8D7F82F43,medium,tier3,NONE,False,False,normal
ACC_00765160605B,2026-04-05,DEV_C268F5529F9F,low,tier2,NONE,False,False,normal
ACC_D9D524F91982,2026-04-29,DEV_AA3B29765B08,high,tier2,NONE,False,False,normal
ACC_478E0C4B8D59,2026-04-03,DEV_198D9E688D63,medium,tier1,NONE,False,False,normal
ACC_287752995B39,2026-03-19,DEV_D5EC971453B5,medium,tier1,NONE,False,False,normal
ACC_7CADC76B7D5E,2026-04-07,DEV_A56AD8B06629,high,tier1,NONE,False,False,normal
ACC_773D09D4F271,2026-04-12,DEV_A914235989D9,high,tier1,NONE,False,False,normal
ACC_BF036215992F,2026-04-12,DEV_66F0C1202059,low,tier1,NONE,False,False,normal
ACC_9D4A856D2C52,2026-05-01,DEV_2872EAEC52C2,medium,tier1,NONE,False,False,normal
ACC_6EA7D84AB37C,2026-05-01,DEV_8C45019CDCE4,high,tier1,NONE,False,False,normal
ACC_DEB9AC2713BB,2026-03-07,DEV_1C227C6EB321,low,tier2,NONE,False,False,normal
ACC_4D68FD1723C9,2026-04-24,DEV_6B3F4A77E6FD,low,tier3,NONE,False,False,normal
ACC_FBC028CBC063,2026-04-26,DEV_8ED160112083,medium,tier3,NONE,False,False,normal
ACC_07B290949169,2026-04-28,DEV_5B4F65180F9D,high,tier3,NONE,False,False,normal
ACC_F1A56E34BFD6,2026-04-04,DEV_BF3CCD5DCB7D,low,tier1,NONE,False,False,normal
ACC_323508EE208C,2026-03-28,DEV_F3D4716639A7,high,tier2,NONE,False,False,normal
ACC_D5053CB826DB,2026-03-18,DEV_C974FE1D3AF4,medium,tier3,NONE,False,False,normal
ACC_63C80650BFF4,2026-04-23,DEV_70F85CAA7C67,high,tier1,NONE,False,False,normal
ACC_61EE635D37AA,2026-03-21,DEV_BAE64F8D69F0,low,tier1,NONE,False,False,normal
ACC_B3AFC2A0457D,2026-03-06,DEV_05F6DD817854,medium,tier1,NONE,False,False,normal
ACC_E86F07015D69,2026-04-10,DEV_C4B19FE7347D,low,tier1,NONE,False,False,normal
ACC_6945734CABD4,2026-03-17,DEV_2856AC66F656,low,tier3,NONE,False,False,normal
ACC_C427620D674B,2026-03-24,DEV_4A4331BCB13C,low,tier3,NONE,False,False,normal
ACC_29B97A03903C,2026-04-29,DEV_908A4D5D0EF4,low,tier3,NONE,False,False,normal
ACC_8854D6979688,2026-03-19,DEV_D3D6248AFD65,medium,tier1,NONE,False,False,normal
ACC_E4418B867E37,2026-03-16,DEV_6C85E99FCF63,medium,tier3,NONE,False,False,normal
ACC_2298381C66C8,2026-04-25,DEV_CBE9202FDD5C,high,tier1,NONE,False,False,normal
ACC_7D939A3DE5FA,2026-04-29,DEV_AD6DC24A1FC4,medium,tier3,NONE,False,False,normal
ACC_C7893F0AB18C,2026-04-02,DEV_B62ABDFE1B5D,low,tier3,NONE,False,False,normal
ACC_7D3A17128BCE,2026-03-10,DEV_8705F6C3CA82,high,tier3,NONE,False,False,normal
ACC_DED7CE438213,2026-04-17,DEV_1C224852FB27,high,tier3,NONE,False,False,normal
ACC_3E179AF2086A,2026-03-26,DEV_90CC6D43D24C,high,tier3,NONE,False,False,normal
ACC_5FBFBF52CF9F,2026-04-05,DEV_C502A15E4CE4,low,tier1,NONE,False,False,normal
ACC_2E653C1D7CF7,2026-04-10,DEV_D9CB8273A7C6,low,tier2,NONE,False,False,normal
ACC_313019CABF51,2026-03-30,DEV_35AD8D6546C8,high,tier2,NONE,False,False,normal
ACC_112AAE53CD34,2026-03-24,DEV_067C98CDBC3B,low,tier2,NONE,False,False,normal
ACC_78869DD4ED62,2026-03-06,DEV_D55B4A60AC50,low,tier2,NONE,False,False,normal
ACC_DC0ADDE03F4E,2026-03-19,DEV_A7DD3364329D,low,tier2,NONE,False,False,normal
ACC_A1FF0B1FA215,2026-04-05,DEV_4CF3AB1EBFE1,low,tier3,NONE,False,False,normal
ACC_9A6E4D9487A0,2026-03-31,DEV_4A0BAD274C29,high,tier3,NONE,False,False,normal
ACC_2C2F2C689370,2026-04-25,DEV_FEDF00254DCD,medium,tier3,NONE,False,False,normal
ACC_2EDC93225A50,2026-04-03,DEV_8FEA7E21164E,low,tier3,NONE,False,False,normal
ACC_4269618B683E,2026-04-06,DEV_2AD732BF1C94,medium,tier1,NONE,False,False,normal
ACC_26D24E11B15E,2026-03-09,DEV_13DCE0314B23,low,tier3,NONE,False,False,normal
ACC_7C000F7D68F3,2026-04-19,DEV_23F90AC6E2C4,high,tier1,NONE,False,False,normal
ACC_E7E80DB65D92,2026-03-31,DEV_872468CF97DC,medium,tier2,NONE,False,False,normal
ACC_E01043ED50EC,2026-03-18,DEV_2B871733AC7F,low,tier3,NONE,False,False,normal
ACC_8DD5A14C7884,2026-04-20,DEV_AD4E55FE7098,low,tier1,NONE,False,False,normal
ACC_DDC8C8090427,2026-04-15,DEV_EFEA4B05AF0B,medium,tier1,NONE,False,False,normal
ACC_C339AE27C5A6,2026-03-28,DEV_4A15D8DB0961,medium,tier2,NONE,False,False,normal
ACC_065D31332DEC,2026-04-12,DEV_C5008CB27901,high,tier1,NONE,False,False,normal
ACC_B99D89120D90,2026-03-25,DEV_ABCA57E46A25,high,tier3,NONE,False,False,normal
ACC_281367A15509,2026-04-13,DEV_4A1148585A4A,high,tier2,NONE,False,False,normal
ACC_1D6BA0BC17ED,2026-03-19,DEV_AB10004823C9,medium,tier2,NONE,False,False,normal
ACC_4C04CCAA1FE2,2026-04-06,DEV_7AAA4D892E01,medium,tier1,NONE,False,False,normal
ACC_10A40E48DC7A,2026-03-29,DEV_43177437331B,low,tier2,NONE,False,False,normal
ACC_B4421E57EFC9,2026-04-19,DEV_604CEC45ECE1,low,tier3,NONE,False,False,normal
ACC_7B74911EBB54,2026-03-02,DEV_F1BF549F9FF8,low,tier3,NONE,False,False,normal
ACC_3C48E9654643,2026-03-13,DEV_23A8E4D5E085,high,tier1,NONE,False,False,normal
ACC_C90B0F366452,2026-03-31,DEV_CC0B1555365A,low,tier1,NONE,False,False,normal
ACC_8EDD2E3C8438,2026-03-30,DEV_21CD479A4F09,high,tier3,NONE,False,False,normal
ACC_7FC4D935E2FC,2026-03-21,DEV_6FC893D21339,high,tier3,NONE,False,False,normal
ACC_2DF2344F4CE0,2026-04-01,DEV_E714ED9E798B,medium,tier3,NONE,False,False,normal
ACC_FE9F37FF2BDB,2026-03-14,DEV_519F59CC14C1,low,tier3,NONE,False,False,normal
ACC_1C4C111C26FC,2026-03-02,DEV_A5DFE674DD95,high,tier3,NONE,False,False,normal
ACC_A400D7B818DC,2026-05-01,DEV_EB12D26E0883,low,tier1,NONE,False,False,normal
ACC_5CD6E4C5BC03,2026-03-17,DEV_2A4F52A36CD4,low,tier1,NONE,False,False,normal
ACC_93788F8B24A1,2026-04-14,DEV_75B688183F7A,high,tier3,NONE,False,False,normal
ACC_E5B9A92975FD,2026-04-04,DEV_81D59045371A,medium,tier1,NONE,False,False,normal
ACC_A63CD36BD337,2026-03-29,DEV_87B5D3A031EF,high,tier3,NONE,False,False,normal
ACC_DA83D4361AF4,2026-04-06,DEV_6E6D4AFCB359,high,tier3,NONE,False,False,normal
ACC_9188870F54ED,2026-04-02,DEV_3F3507DA12C5,medium,tier1,NONE,False,False,normal
ACC_BCF26A6CC3A0,2026-04-08,DEV_52C436B2C89D,medium,tier3,NONE,False,False,normal
ACC_520B3E9A6738,2026-03-19,DEV_A5E0B64FC051,low,tier1,NONE,False,False,normal
ACC_8225A6E58ADF,2026-04-16,DEV_8B7550FF3F67,low,tier1,NONE,False,False,normal
ACC_C06E6E986FA8,2026-04-04,DEV_CE5A07485A2B,low,tier1,NONE,False,False,normal
ACC_7D494A122C53,2026-03-08,DEV_D98AD139D7DE,high,tier1,NONE,False,False,normal
ACC_471680C6A8C0,2026-03-23,DEV_DEF41DA1177A,high,tier3,NONE,False,False,normal
ACC_2A0A6A273074,2026-04-13,DEV_7592D4595F75,medium,tier3,NONE,False,False,normal
ACC_610C35B42CB1,2026-04-26,DEV_C127ABD392C2,low,tier2,NONE,False,False,normal
ACC_FCA2A14BB04B,2026-04-18,DEV_26775AD6392E,low,tier3,NONE,False,False,normal
ACC_CAD45393E44F,2026-04-27,DEV_95D5F6025C7A,high,tier1,NONE,False,False,normal
ACC_6CFFC53903DE,2026-03-15,DEV_41F74E872A93,low,tier3,NONE,False,False,normal
ACC_F120D82F6729,2026-03-04,DEV_E13056B2254C,high,tier3,NONE,False,False,normal
ACC_2002F5CA2D3B,2026-03-22,DEV_538A4E1473EC,high,tier1,NONE,False,False,normal
ACC_99F432DF1A78,2026-04-23,DEV_A6279ADF2491,low,tier1,NONE,False,False,normal
ACC_9D04A16713A3,2026-03-09,DEV_E008E4553060,medium,tier1,NONE,False,False,normal
ACC_28E91E0C6EA2,2026-04-23,DEV_905D4ED992A8,low,tier2,NONE,False,False,normal
ACC_478B8D88ED63,2026-04-10,DEV_71EA5B325CEF,medium,tier1,NONE,False,False,normal
ACC_76F8FD7CDE85,2026-03-03,DEV_486135B0A93C,medium,tier2,NONE,False,False,normal
ACC_B28DC9511AA5,2026-03-06,DEV_CE3972EAC7C7,low,tier3,NONE,False,False,normal
ACC_250CD925BA6E,2026-03-04,DEV_F8A357EC960E,medium,tier1,NONE,False,False,normal
ACC_23F3FB29E2D0,2026-03-09,DEV_96DEC9D502B0,high,tier1,NONE,False,False,normal
ACC_2D900BCDDC25,2026-04-22,DEV_01F1CBBCEC8B,low,tier2,NONE,False,False,normal
ACC_3676421E06A3,2026-03-18,DEV_C0E1DC1D6635,high,tier2,NONE,False,False,normal
ACC_B47CD4B89372,2026-03-30,DEV_96513A88C941,medium,tier1,NONE,False,False,normal
ACC_C0471BA894F1,2026-04-10,DEV_64FD4BB9A7B7,medium,tier1,NONE,False,False,normal
ACC_83F181DA6922,2026-04-15,DEV_EBD471B553AB,high,tier3,NONE,False,False,normal
ACC_AC443DDCDD7C,2026-03-25,DEV_1758BF8EA115,medium,tier1,NONE,False,False,normal
ACC_CB4EFD361074,2026-04-26,DEV_A2E0216DB029,medium,tier3,NONE,False,False,normal
ACC_E3F770C15888,2026-03-02,DEV_914A743853C7,low,tier2,NONE,False,False,normal
ACC_5C8142B551E1,2026-03-24,DEV_1077E60C5EAB,medium,tier1,NONE,False,False,normal
ACC_6F01CFD8D236,2026-03-02,DEV_DEB2E83D469B,medium,tier3,NONE,False,False,normal
ACC_9A6F624B56FD,2026-04-14,DEV_6D3BBD1B6DEF,medium,tier1,NONE,False,False,normal
ACC_FD31E3631F76,2026-03-27,DEV_CE8A263627C4,high,tier3,NONE,False,False,normal
ACC_BD968C941299,2026-03-04,DEV_8CE5DCDE3607,low,tier2,NONE,False,False,normal
ACC_40F2F546BB7C,2026-04-02,DEV_D89AA203DCEF,medium,tier1,NONE,False,False,normal
ACC_3DB171B37CB9,2026-03-30,DEV_24C69244F32E,high,tier2,NONE,False,False,normal
ACC_659E1127B3D1,2026-04-14,DEV_D3E5A313B2C1,medium,tier3,NONE,False,False,normal
ACC_E734E21A9D88,2026-05-01,DEV_E37CD9D8782C,medium,tier3,NONE,False,False,normal
ACC_457D7A5DC1E1,2026-03-25,DEV_2D277452C0A5,low,tier3,NONE,False,False,normal
ACC_2EF3081B0B61,2026-03-09,DEV_AFA06FDBDF69,medium,tier2,NONE,False,False,normal
ACC_A0DB7A77DD1A,2026-04-09,DEV_39C52E47201B,high,tier1,NONE,False,False,normal
ACC_5A17F3B116F1,2026-04-13,DEV_3E1156DF3D3B,medium,tier2,NONE,False,False,normal
ACC_930AA3BEB381,2026-04-06,DEV_B5D31DF8343F,medium,tier3,NONE,False,False,normal
ACC_B047C32F381D,2026-04-21,DEV_C1B5443D5A2D,low,tier1,NONE,False,False,normal
ACC_BCA8F4F1ACAD,2026-03-21,DEV_43D9056D2145,high,tier3,NONE,False,False,normal
ACC_40AB140F2A60,2026-04-22,DEV_D869A48216D3,low,tier1,NONE,False,False,normal
ACC_833699233DB3,2026-04-20,DEV_AACB091917E7,medium,tier2,NONE,False,False,normal
ACC_B2EFB496F9B3,2026-04-06,DEV_80D00F116B67,medium,tier2,NONE,False,False,normal
ACC_838391CEC1D9,2026-04-14,DEV_1EF044FC78E8,medium,tier3,NONE,False,False,normal
ACC_98712C0E8B68,2026-04-05,DEV_502688BF8D8F,low,tier3,NONE,False,False,normal
ACC_E9AF673585A6,2026-03-24,DEV_B0B763DF8D6E,low,tier3,NONE,False,False,normal
ACC_44C60AE38733,2026-04-06,DEV_62F78164178A,high,tier2,NONE,False,False,normal
ACC_93399EB8E636,2026-04-17,DEV_DA48DB39328E,high,tier1,NONE,False,False,normal
ACC_23AB4A8FE388,2026-04-16,DEV_8D3AE281D852,medium,tier1,NONE,False,False,normal
ACC_666F3D5081B9,2026-04-03,DEV_07D3AF346AE1,high,tier1,NONE,False,False,normal
ACC_C4671898F973,2026-03-06,DEV_F91DCD37B475,high,tier3,NONE,False,False,normal
ACC_F1B403E795BF,2026-03-19,DEV_890FDE986D89,low,tier1,NONE,False,False,normal
ACC_F60EF887D75D,2026-04-18,DEV_5D945F0F8016,medium,tier1,NONE,False,False,normal
ACC_5D64BCC2ED54,2026-04-17,DEV_F0571F266E5A,medium,tier3,NONE,False,False,normal
ACC_352C0C9B73CC,2026-03-10,DEV_904F27B168AC,medium,tier2,NONE,False,False,normal
ACC_669C1D95667A,2026-04-19,DEV_E31890E13EE5,low,tier3,NONE,False,False,normal
ACC_20FAE243BAD0,2026-03-06,DEV_792ED3FF73C0,high,tier3,NONE,False,False,normal
ACC_ABEDA1F1DAEF,2026-04-16,DEV_70478B337B1E,high,tier1,NONE,False,False,normal
ACC_E40E32D02ABE,2026-04-28,DEV_359AECF3CAAA,low,tier2,NONE,False,False,normal
ACC_46E4FAF620C5,2026-03-28,DEV_F744C381ED02,low,tier3,NONE,False,False,normal
ACC_B0C30666FCDF,2026-03-05,DEV_CDBB84BB5CA3,low,tier1,NONE,False,False,normal
ACC_AE8567546963,2026-03-06,DEV_3EA689BE97E2,low,tier1,NONE,False,False,normal
ACC_E70EAD00A6B0,2026-04-04,DEV_9F321D3CDC86,medium,tier1,NONE,False,False,normal
ACC_D1902D74CD9F,2026-04-08,DEV_5A766D746D6E,medium,tier3,NONE,False,False,normal
ACC_32E17EC410F6,2026-04-28,DEV_4D40E1B558D6,high,tier1,NONE,False,False,normal
ACC_51178E9796BB,2026-04-24,DEV_5FB66F7E6835,low,tier2,NONE,False,False,normal
ACC_CBDCA49C11D9,2026-04-11,DEV_FA63FCDBF58A,low,tier1,NONE,False,False,normal
ACC_9E1CDA43CB91,2026-03-25,DEV_AFE5E3EA307E,high,tier2,NONE,False,False,normal
ACC_1782BA044C90,2026-03-19,DEV_2985CF8EF6D5,high,tier3,NONE,False,False,normal
ACC_42080E045084,2026-04-02,DEV_79596D3EC2D8,high,tier2,NONE,False,False,normal
ACC_6829F1EF13DA,2026-03-16,DEV_EFAA468E195D,low,tier2,NONE,False,False,normal
ACC_F0422AEBEFAB,2026-04-13,DEV_C1CB45C01472,medium,tier3,NONE,False,False,normal
ACC_86907D442BF4,2026-04-16,DEV_8DA5B6097E45,medium,tier1,NONE,False,False,normal
ACC_7B3BA5D246CB,2026-04-21,DEV_5F1FB306FD4E,low,tier1,NONE,False,False,normal
ACC_98E5398BE204,2026-03-20,DEV_02718CF68CD4,low,tier3,NONE,False,False,normal
ACC_872A2AF88519,2026-03-08,DEV_3A5746F13F24,high,tier2,NONE,False,False,normal
ACC_E860031FDCFC,2026-04-29,DEV_5F4EAE3E97AE,high,tier1,NONE,False,False,normal
ACC_4220CD6B7A25,2026-04-05,DEV_CCDD8EBE814D,medium,tier2,NONE,False,False,normal
ACC_4EC3A115CAD7,2026-04-04,DEV_95213113C9A6,high,tier2,NONE,False,False,normal
ACC_353F21E36EA7,2026-03-27,DEV_5DE5F1116764,low,tier2,NONE,False,False,normal
ACC_4BCA987D302A,2026-03-18,DEV_9CD24FA58E86,low,tier2,NONE,False,False,normal
ACC_FD2CD843EF54,2026-04-10,DEV_35B72D6CF22F,low,tier2,NONE,False,False,normal
ACC_B657B6E91177,2026-04-05,DEV_49259957D9D6,high,tier1,NONE,False,False,normal
ACC_499FCB3A74A0,2026-03-15,DEV_AE77B7B8366F,medium,tier2,NONE,False,False,normal
ACC_9C53596E49AD,2026-03-18,DEV_718A16B95B0A,low,tier3,NONE,False,False,normal
ACC_1B403733ADC2,2026-03-23,DEV_4E681FE6C9AC,low,tier1,NONE,False,False,normal
ACC_5E3E105ACC14,2026-03-13,DEV_5047F564AE57,high,tier2,NONE,False,False,normal
ACC_0786F88A57C0,2026-04-19,DEV_EAB944437C3F,low,tier3,NONE,False,False,normal
ACC_9770C8EC3425,2026-04-09,DEV_024DD8B8C9E6,high,tier3,NONE,False,False,normal
ACC_B71BCE3E4FF2,2026-03-27,DEV_DC266F24D89F,low,tier1,NONE,False,False,normal
ACC_8E41E6B0D6C5,2026-03-22,DEV_1CEE84441609,low,tier3,NONE,False,False,normal
ACC_61541DA33B25,2026-03-25,DEV_6C74520B917A,low,tier3,NONE,False,False,normal
ACC_83CAEC1BC6F3,2026-04-23,DEV_62146A19152A,medium,tier3,NONE,False,False,normal
ACC_F3B93498EFC5,2026-04-28,DEV_D2F0A082E97C,high,tier1,NONE,False,False,normal
ACC_ACE9A6151143,2026-04-24,DEV_99BEC4D28AFA,high,tier2,NONE,False,False,normal
ACC_A6FB7C11692C,2026-04-14,DEV_9BC14968CF95,low,tier3,NONE,False,False,normal
ACC_0CC007828D64,2026-04-12,DEV_C48641272FF6,high,tier3,NONE,False,False,normal
ACC_6FC99ABF15A7,2026-03-04,DEV_6809E9EC15A0,medium,tier2,NONE,False,False,normal
ACC_ADCF65FA5E9F,2026-04-19,DEV_13E1A1A50BA5,low,tier1,NONE,False,False,normal
ACC_AEC5597E42B2,2026-04-21,DEV_31B2F5C00B77,low,tier3,NONE,False,False,normal
ACC_72E53CEFD94C,2026-04-09,DEV_3D0EDA4CE224,low,tier3,NONE,False,False,normal
ACC_827AB4ADE33F,2026-03-10,DEV_DF536410F92B,high,tier3,NONE,False,False,normal
ACC_4F426A989FB2,2026-03-26,DEV_D82314B8F4BE,high,tier2,NONE,False,False,normal
ACC_26929648D119,2026-03-07,DEV_68957E15F5B4,medium,tier3,NONE,False,False,normal
ACC_3C824A1D9711,2026-03-26,DEV_1D85605D93C5,high,tier1,NONE,False,False,normal
ACC_ACD2733B43D8,2026-04-16,DEV_01567AFE66D0,high,tier1,NONE,False,False,normal
ACC_D4ED24D9CF41,2026-04-09,DEV_3150D2E2C65A,low,tier1,NONE,False,False,normal
ACC_D1E08A91C584,2026-03-10,DEV_393EBDB4909E,low,tier2,NONE,False,False,normal
ACC_89DB651D06F4,2026-03-14,DEV_133454C3FC21,medium,tier1,NONE,False,False,normal
ACC_12C6EE11D4A5,2026-04-14,DEV_8BE982711EA4,medium,tier3,NONE,False,False,normal
ACC_FF96052B0588,2026-03-08,DEV_68852994705D,medium,tier3,NONE,False,False,normal
ACC_4FE8BAFE8222,2026-04-28,DEV_A550AE805AB9,medium,tier3,NONE,False,False,normal
ACC_B56615FBC5ED,2026-03-13,DEV_BB70B55EDFAE,high,tier3,NONE,False,False,normal
ACC_DD0A066FBA92,2026-03-30,DEV_03F1C883D3B7,low,tier3,NONE,False,False,normal
ACC_F7ADB1AD6AD3,2026-03-03,DEV_B1CCC198C388,low,tier2,NONE,False,False,normal
ACC_48B1F01EDCD8,2026-03-20,DEV_8705BE65E49F,medium,tier3,NONE,False,False,normal
ACC_2D0E61E30068,2026-05-01,DEV_F3CF4107EBEA,medium,tier1,NONE,False,False,normal
ACC_EFBB8D849B67,2026-04-07,DEV_C34ED6C32C7A,medium,tier3,NONE,False,False,normal
ACC_6BAE0A5724FD,2026-03-08,DEV_196743E9703E,medium,tier3,NONE,False,False,normal
ACC_FC5024E97D3B,2026-03-17,DEV_4948B0D6A06B,medium,tier3,NONE,False,False,normal
ACC_27E4121DE58E,2026-03-08,DEV_CEB62403FEBD,medium,tier2,NONE,False,False,normal
ACC_A35D2FB309BF,2026-03-31,DEV_6C614D09DCA4,high,tier3,NONE,False,False,normal
ACC_E85F2C659C42,2026-04-06,DEV_E4AECCBCB40D,low,tier3,NONE,False,False,normal
ACC_153EBC5EA0EB,2026-03-14,DEV_1CA21896859C,low,tier3,NONE,False,False,normal
ACC_8B277820C374,2026-04-05,DEV_7DCDA6CFF48A,medium,tier3,NONE,False,False,normal
ACC_3115F82880D7,2026-04-19,DEV_270966E3472E,low,tier1,NONE,False,False,normal
ACC_3A16B4C56CE4,2026-03-20,DEV_3DA0C312B405,low,tier3,NONE,False,False,normal
ACC_28D1F070FEBC,2026-03-23,DEV_7A27FC4FEA1D,high,tier1,NONE,False,False,normal
ACC_0B8F8485C7C8,2026-03-03,DEV_F9A20B331CA7,low,tier2,NONE,False,False,normal
ACC_42B96DF117A4,2026-04-15,DEV_BDE95B253511,low,tier1,NONE,False,False,normal
ACC_62D106F75F23,2026-04-08,DEV_2CBEA11A36D5,low,tier2,NONE,False,False,normal
ACC_5249B5D4CE7A,2026-03-31,DEV_0C7F05164A0D,low,tier1,NONE,False,False,normal
ACC_BF67C58FD8C2,2026-03-05,DEV_DA1216F5A821,high,tier3,NONE,False,False,normal
ACC_CE213AB9D7C5,2026-03-26,DEV_0278B92254EE,high,tier2,NONE,False,False,normal
ACC_AD255BE09594,2026-03-11,DEV_F16F0FF65602,high,tier3,NONE,False,False,normal
ACC_8CAD61974902,2026-04-29,DEV_558D2FE2FAE5,medium,tier3,NONE,False,False,normal
ACC_E3661FD59C8C,2026-03-13,DEV_BE1378252E75,low,tier3,NONE,False,False,normal
ACC_6310F7F2B104,2026-03-24,DEV_FA84ADBC59A4,low,tier2,NONE,False,False,normal
ACC_42C82C7DC336,2026-04-17,DEV_27BD9317F352,medium,tier1,NONE,False,False,normal
ACC_A2417B3E9729,2026-03-17,DEV_686BC1A76B2A,medium,tier1,NONE,False,False,normal
ACC_08030A9D9F00,2026-03-04,DEV_64BEF36CA8D4,high,tier3,NONE,False,False,normal
ACC_595F7AC6B7E9,2026-04-06,DEV_B4907C4C56B7,low,tier1,NONE,False,False,normal
ACC_8B2D8D2FD841,2026-03-23,DEV_3252772D7C63,high,tier3,NONE,False,False,normal
ACC_2E20DBCBFCFB,2026-04-11,DEV_7215ADB98FFA,medium,tier3,NONE,False,False,normal
ACC_B3E9F28955C7,2026-03-26,DEV_4C80DADC8DAF,low,tier2,NONE,False,False,normal
ACC_CF5DCC000432,2026-04-27,DEV_DE241E3B62F1,high,tier1,NONE,False,False,normal
ACC_0CDB8EF137AC,2026-04-01,DEV_F4FF0439A73A,high,tier3,NONE,False,False,normal
ACC_76D8A35D37B2,2026-04-08,DEV_A4F03E69F19A,medium,tier3,NONE,False,False,normal
ACC_FCA6A4E1D420,2026-04-01,DEV_0EDE6A70D9AA,medium,tier2,NONE,False,False,normal
ACC_86C5EE6E4665,2026-04-06,DEV_F8CCD5D7D6A5,low,tier3,NONE,False,False,normal
ACC_EF1512016FD1,2026-03-11,DEV_BDB20D6FADA5,high,tier1,NONE,False,False,normal
ACC_E54462C805F1,2026-04-30,DEV_B36AA9D86955,low,tier3,NONE,False,False,normal
ACC_337997D0E00A,2026-03-19,DEV_4A6E791A203C,high,tier3,NONE,False,False,normal
ACC_ABE6D486DE4D,2026-03-31,DEV_5881B7386DD6,high,tier2,NONE,False,False,normal
ACC_1108B5D5F18E,2026-03-23,DEV_BA1DAA648436,medium,tier3,NONE,False,False,normal
ACC_176242CBD09E,2026-04-04,DEV_01B458626361,high,tier3,NONE,False,False,normal
ACC_199BB7BA5947,2026-04-10,DEV_A7C3E4F03B87,low,tier3,NONE,False,False,normal
ACC_2AA6A48BA9EE,2026-04-21,DEV_881698FBD2CE,low,tier1,NONE,False,False,normal
ACC_83F46091B381,2026-04-05,DEV_D9A6C67E742E,high,tier3,NONE,False,False,normal
ACC_E6D5E8DA5848,2026-04-29,DEV_B0942E3F7BB0,medium,tier2,NONE,False,False,normal
ACC_2662A52FC5EA,2026-04-05,DEV_3D6C50996D3A,medium,tier2,NONE,False,False,normal
ACC_908A1511DC5B,2026-04-04,DEV_004F942E687C,low,tier1,NONE,False,False,normal
ACC_D55489167DE9,2026-04-27,DEV_4BA8E6C1F509,high,tier1,NONE,False,False,normal
ACC_BF74ED8B5F7D,2026-03-28,DEV_E0AACB93840A,high,tier2,NONE,False,False,normal
ACC_FAD691F2020F,2026-03-02,DEV_1DA0ED77ABD1,high,tier2,NONE,False,False,normal
ACC_B725A330D7F0,2026-03-27,DEV_E35338A15352,low,tier3,NONE,False,False,normal
ACC_553FDE3FFE15,2026-04-23,DEV_CC9C6B3CDF08,medium,tier2,NONE,False,False,normal
ACC_617D37C78F5A,2026-04-12,DEV_A8DAF0E26CD7,medium,tier1,NONE,False,False,normal
ACC_845B491D8BC6,2026-04-03,DEV_5DB955367B95,high,tier1,NONE,False,False,normal
ACC_858F182A3641,2026-03-11,DEV_031C56C1EE2E,medium,tier3,NONE,False,False,normal
ACC_2C26C52EAEB5,2026-04-13,DEV_71885EFFBA7F,medium,tier3,NONE,False,False,normal
ACC_25DAB95E9995,2026-04-17,DEV_0180B69597DA,low,tier1,NONE,False,False,normal
ACC_E0CE02E2294A,2026-04-11,DEV_FAAB7FE12AD2,low,tier2,NONE,False,False,normal
ACC_5BC56934967B,2026-03-03,DEV_DC68FCF972E6,high,tier1,NONE,False,False,normal
ACC_A540B0FC7878,2026-03-31,DEV_BC2BED60CF39,low,tier2,NONE,False,False,normal
ACC_2D17D6EDC7ED,2026-04-21,DEV_8AEC417A3502,low,tier2,NONE,False,False,normal
ACC_52BC349515C2,2026-03-23,DEV_C4CDCBE8B70D,medium,tier1,NONE,False,False,normal
ACC_D4653BB23EF4,2026-03-03,DEV_90DA5CFD180E,medium,tier1,NONE,False,False,normal
ACC_50EAD5E2E786,2026-03-05,DEV_813FA8ACBF44,medium,tier2,NONE,False,False,normal
ACC_8132A5CA528D,2026-04-09,DEV_1B844240C361,high,tier2,NONE,False,False,normal
ACC_FBC42FAFA030,2026-04-10,DEV_34E1D3043255,medium,tier3,NONE,False,False,normal
ACC_3206334AEE27,2026-04-03,DEV_12A1B06E1862,high,tier1,NONE,False,False,normal
ACC_58997F29FE86,2026-04-30,DEV_3761964A395F,high,tier3,NONE,False,False,normal
ACC_DE23F1F4E715,2026-04-15,DEV_D4035E67A2F0,low,tier3,NONE,False,False,normal
ACC_34EA73449488,2026-03-18,DEV_E42622F591C6,medium,tier3,NONE,False,False,normal
ACC_5DA8A9E44ECE,2026-03-29,DEV_B26ECA8A08DF,low,tier3,NONE,False,False,normal
ACC_F2A9A1A5781E,2026-03-10,DEV_74A65097D650,medium,tier3,NONE,False,False,normal
ACC_D801B1525200,2026-03-15,DEV_00DA3AAEECD5,high,tier2,NONE,False,False,normal
ACC_F58A52863AEA,2026-03-20,DEV_9E83A03FA9CC,high,tier2,NONE,False,False,normal
ACC_04E54118C4FA,2026-04-06,DEV_FB5C7AFED4A6,low,tier2,NONE,False,False,normal
ACC_91CF2AA7AF8F,2026-03-27,DEV_DBBAC1DDEBF2,high,tier3,NONE,False,False,normal
ACC_D87189B22558,2026-04-18,DEV_4545A906358B,high,tier1,NONE,False,False,normal
ACC_6888398A5177,2026-04-13,DEV_D58B1438E191,low,tier2,NONE,False,False,normal
ACC_153A1216AD65,2026-04-08,DEV_1EF6F98F0220,low,tier2,NONE,False,False,normal
ACC_5E79D2D15946,2026-04-24,DEV_8AA83930E49C,medium,tier1,NONE,False,False,normal
ACC_F7DAF2257FD5,2026-03-13,DEV_B7F6B155BDEF,medium,tier3,NONE,False,False,normal
ACC_24B5AF5CEB24,2026-03-06,DEV_7395B02002D5,high,tier1,NONE,False,False,normal
ACC_A9C7812E5B40,2026-04-28,DEV_A693139CAA1F,high,tier2,NONE,False,False,normal
ACC_24DE18FA53BF,2026-03-19,DEV_97BE7EA8F0FA,medium,tier3,NONE,False,False,normal
ACC_A0A77AD2769D,2026-03-21,DEV_553F3F6532A6,medium,tier2,NONE,False,False,normal
ACC_5C97E456F0BC,2026-03-02,DEV_96A1CE79478C,medium,tier2,NONE,False,False,normal
ACC_DFEA602637FF,2026-04-08,DEV_A78757EACC57,medium,tier2,NONE,False,False,normal
ACC_1EDB49CE8527,2026-04-27,DEV_78E945DAFF42,low,tier3,NONE,False,False,normal
ACC_427EA2F16768,2026-04-09,DEV_C989CB44F2D8,high,tier2,NONE,False,False,normal
ACC_230355146F36,2026-03-04,DEV_139C1C781090,low,tier2,NONE,False,False,normal
ACC_8AB0A3FF3742,2026-04-29,DEV_8EC6F1C06443,medium,tier3,NONE,False,False,normal
ACC_31E1AE870CE4,2026-03-20,DEV_A2FAEB947E31,low,tier1,NONE,False,False,normal
ACC_0D225168BCED,2026-03-18,DEV_6E5E83A51B31,low,tier2,NONE,False,False,normal
ACC_5C01AD5DE5F4,2026-03-25,DEV_11ECB001879A,high,tier1,NONE,False,False,normal
ACC_1AD3F21FBD56,2026-03-12,DEV_79D35DB31E97,low,tier2,NONE,False,False,normal
ACC_F437FFEB1469,2026-04-06,DEV_C7F361247CDA,high,tier2,NONE,False,False,normal
ACC_6AA816D5107F,2026-03-31,DEV_5899AFF38C2C,medium,tier2,NONE,False,False,normal
ACC_AB4372098C8F,2026-03-24,DEV_F2C7523605E0,medium,tier2,NONE,False,False,normal
ACC_2192D634B91C,2026-03-25,DEV_B6ACF626F1AB,medium,tier2,NONE,False,False,normal
ACC_49C81F6D0AEE,2026-04-29,DEV_60BA03A8D89F,low,tier2,NONE,False,False,normal
ACC_765D8CC01E2A,2026-04-14,DEV_E42367CBD291,medium,tier2,NONE,False,False,normal
ACC_1F430DD4E949,2026-03-16,DEV_AF740F099F6E,high,tier1,NONE,False,False,normal
ACC_BE95C133BAC7,2026-04-16,DEV_C6A660A3ECD6,medium,tier2,NONE,False,False,normal
ACC_32BD68893C2B,2026-04-30,DEV_F59346E39D2F,medium,tier3,NONE,False,False,normal
ACC_231026817AC6,2026-03-26,DEV_B3830914A795,low,tier1,NONE,False,False,normal
ACC_1069B75076A9,2026-04-22,DEV_9A0064413902,low,tier3,NONE,False,False,normal
ACC_2B23C6631871,2026-03-08,DEV_9E0CE636EB59,high,tier3,NONE,False,False,normal
ACC_8977EF838923,2026-03-12,DEV_6B7D688659F7,high,tier2,NONE,False,False,normal
ACC_2CDA1B478F68,2026-03-12,DEV_B9E256152D2B,low,tier2,NONE,False,False,normal
ACC_37500CFD75E3,2026-04-16,DEV_2169D9E83B48,medium,tier2,NONE,False,False,normal
ACC_ABCD04B441FB,2026-03-19,DEV_1D095464BA8A,high,tier1,NONE,False,False,normal
ACC_6B75762D722D,2026-04-04,DEV_BF9784B5DD3E,medium,tier3,NONE,False,False,normal
ACC_CED330237DD0,2026-03-24,DEV_FB7EB2D4A556,high,tier3,NONE,False,False,normal
ACC_5452AC72AC48,2026-03-31,DEV_3D19CA140F0D,low,tier3,NONE,False,False,normal
ACC_B6B139755FDE,2026-04-14,DEV_52AE5D9B9A20,medium,tier3,NONE,False,False,normal
ACC_1ABEA6F663FA,2026-04-15,DEV_9E9BBEAEFD63,high,tier3,NONE,False,False,normal
ACC_C2C3E4D9B1B5,2026-04-06,DEV_813B391E3955,low,tier1,NONE,False,False,normal
ACC_3C54F3827C92,2026-04-01,DEV_1307A30494EF,medium,tier1,NONE,False,False,normal
ACC_D9269797A2DC,2026-04-11,DEV_E2826EDF2F8F,low,tier3,NONE,False,False,normal
ACC_2771F5DC9DC4,2026-04-13,DEV_38DEEB11A668,medium,tier3,NONE,False,False,normal
ACC_183CFA2FC93D,2026-03-26,DEV_200289A6A911,high,tier3,NONE,False,False,normal
ACC_118029E283D7,2026-04-29,DEV_5A0A3F64016A,medium,tier2,NONE,False,False,normal
ACC_1522CFF51E3A,2026-03-07,DEV_3FC70BFC8816,high,tier1,NONE,False,False,normal
ACC_E196210C7AE3,2026-03-07,DEV_6A514EB55188,low,tier3,NONE,False,False,normal
ACC_249F91F29841,2026-03-09,DEV_4325A059E767,high,tier1,NONE,False,False,normal
ACC_34FA29D52815,2026-03-29,DEV_CD89740F23AF,low,tier1,NONE,False,False,normal
ACC_FEA9A737AD73,2026-03-06,DEV_A8A212D46EB2,high,tier2,NONE,False,False,normal
ACC_B85BE6345EA2,2026-04-17,DEV_5347B0DB04FE,medium,tier1,NONE,False,False,normal
ACC_6FA8C7BA1EE7,2026-03-13,DEV_A03FA902D9E5,medium,tier3,NONE,False,False,normal
ACC_104BC204F9B8,2026-03-28,DEV_882E4C344F38,medium,tier2,NONE,False,False,normal
ACC_D3AAA2CF2A6B,2026-04-24,DEV_1B8DED94C686,medium,tier1,NONE,False,False,normal
ACC_1DDDC251CCA7,2026-04-09,DEV_7FA51333ED9E,low,tier3,NONE,False,False,normal
ACC_11117A68391B,2026-03-03,DEV_70FE3A1BA586,high,tier1,NONE,False,False,normal
ACC_CBF1106AFA34,2026-04-26,DEV_EAAC542FBB7E,low,tier2,NONE,False,False,normal
ACC_DE1059104052,2026-03-27,DEV_C7BF665EB23C,low,tier1,NONE,False,False,normal
ACC_02CFFB51E623,2026-04-14,DEV_4501BCF9018B,low,tier1,NONE,False,False,normal
ACC_08B668EC8D66,2026-03-23,DEV_08E24C010111,low,tier1,NONE,False,False,normal
ACC_C3D112F82E4C,2026-04-07,DEV_FB6F12C7BBA0,high,tier2,NONE,False,False,normal
ACC_93763C88D63B,2026-04-10,DEV_A5895317EEC6,medium,tier1,NONE,False,False,normal
ACC_124FF5A2327E,2026-03-05,DEV_0373EEAC2323,low,tier1,NONE,False,False,normal
ACC_C898CBAABBF8,2026-04-05,DEV_0AF3E2B67F86,high,tier2,NONE,False,False,normal
ACC_C5F620B0FE6E,2026-04-04,DEV_74EBE660CC28,high,tier2,NONE,False,False,normal
ACC_4424D3ACADF1,2026-04-12,DEV_8CCD1882916A,low,tier1,NONE,False,False,normal
ACC_26DDF2A79A15,2026-04-09,DEV_2DF52723B49D,high,tier3,NONE,False,False,normal
ACC_F843517D147D,2026-03-29,DEV_7E28B27D8C83,high,tier3,NONE,False,False,normal
ACC_03AD7664E4FA,2026-03-26,DEV_5B12AB8EE31F,low,tier2,NONE,False,False,normal
ACC_6EA207175A66,2026-03-23,DEV_59E65AF42F13,medium,tier2,NONE,False,False,normal
ACC_0A2CB72A3A8A,2026-04-27,DEV_669DF1B91975,high,tier1,NONE,False,False,normal
ACC_728EAA516EB3,2026-04-15,DEV_45F3D64427F9,medium,tier3,NONE,False,False,normal
ACC_44225CD04BBA,2026-04-17,DEV_9328974CB8E7,high,tier1,NONE,False,False,normal
ACC_7AF579EA7F96,2026-03-22,DEV_A9FFDBBC6232,low,tier2,NONE,False,False,normal
ACC_719BA065C6F5,2026-04-28,DEV_6E7E1B18EB61,high,tier2,NONE,False,False,normal
ACC_440A509B2D3F,2026-03-21,DEV_C5235C2FAFC9,high,tier3,NONE,False,False,normal
ACC_E264086EEA4C,2026-04-03,DEV_C2EF7DC5DB3B,low,tier3,NONE,False,False,normal
ACC_25E2951A04F7,2026-04-05,DEV_CFD2D8D1855F,medium,tier1,NONE,False,False,normal
ACC_760194FD37EA,2026-03-03,DEV_18E8A32794DB,high,tier1,NONE,False,False,normal
ACC_ACD62F24B85A,2026-04-02,DEV_127408C46498,low,tier2,NONE,False,False,normal
ACC_DB9B460A3549,2026-04-20,DEV_B48FF44C6BDB,low,tier2,NONE,False,False,normal
ACC_5F2F6B47A859,2026-03-04,DEV_B536C275EEC4,medium,tier1,NONE,False,False,normal
ACC_8E507DE1FBFA,2026-03-21,DEV_D31DB82A228F,medium,tier1,NONE,False,False,normal
ACC_C49C290C6381,2026-04-24,DEV_E7AC2BC1199E,low,tier2,NONE,False,False,normal
ACC_EE62CBD8AAA4,2026-03-16,DEV_1B8EFEC7DC92,low,tier2,NONE,False,False,normal
ACC_6C4A7FFB68C1,2026-04-22,DEV_E36FAB5DF805,low,tier3,NONE,False,False,normal
ACC_21044CA69432,2026-04-17,DEV_3E7ADC83D406,high,tier1,NONE,False,False,normal
ACC_779112542198,2026-03-17,DEV_3ACE5BC3DD01,low,tier1,NONE,False,False,normal
ACC_DCC824BB6D04,2026-04-30,DEV_A91EDCD983EC,low,tier3,NONE,False,False,normal
ACC_D56BEBCC03C5,2026-03-18,DEV_A22C8E737CA0,low,tier1,NONE,False,False,normal
ACC_AE3DA7A770A6,2026-04-27,DEV_F6589B308610,high,tier2,NONE,False,False,normal
ACC_D9022D5A4467,2026-03-09,DEV_EF7AAC44EF0C,low,tier1,NONE,False,False,normal
ACC_1841925801D5,2026-04-07,DEV_3FEEEBD3CCE5,medium,tier3,NONE,False,False,normal
ACC_A254BEB9C68C,2026-03-02,DEV_A8321A497EC8,high,tier1,NONE,False,False,normal
ACC_F7A974336A32,2026-04-26,DEV_A1E05F989A5B,low,tier1,NONE,False,False,normal
ACC_036BD2F43EE8,2026-04-05,DEV_E4D56BC6A0C9,low,tier2,NONE,False,False,normal
ACC_A3F58EB4305C,2026-04-17,DEV_E16CA59AEBF4,medium,tier2,NONE,False,False,normal
ACC_56AAA688B8DA,2026-03-28,DEV_7F3E08418ED6,medium,tier2,NONE,False,False,normal
ACC_BEE8789D0BB8,2026-04-20,DEV_78062ED42D8B,high,tier3,NONE,False,False,normal
ACC_CE251BC52D1D,2026-04-16,DEV_C891C3CAF0F1,low,tier2,NONE,False,False,normal
ACC_EB68C4839AE9,2026-04-03,DEV_3A56671A3AD5,medium,tier2,NONE,False,False,normal
ACC_C5FC520F9C8B,2026-04-14,DEV_8014DAF51827,medium,tier1,NONE,False,False,normal
ACC_01E70FD70C8F,2026-04-01,DEV_AB068AA98A7F,low,tier3,NONE,False,False,normal
ACC_977660EBDAF6,2026-03-22,DEV_5C9E03FB53CF,high,tier3,NONE,False,False,normal
ACC_E6F8E67F6B81,2026-03-28,DEV_1A2C1F2B35A7,low,tier2,NONE,False,False,normal
ACC_2CAF976CF6A4,2026-04-23,DEV_FE578B345D1D,high,tier1,NONE,False,False,normal
ACC_D814B935D23B,2026-03-13,DEV_25AE5F173EC8,low,tier1,NONE,False,False,normal
ACC_C33FC298CA21,2026-04-14,DEV_9D2798E71D6A,medium,tier3,NONE,False,False,normal
ACC_FD1A4EB56822,2026-04-10,DEV_373E5B435CF9,high,tier2,NONE,False,False,normal
ACC_D8AFE230731B,2026-04-21,DEV_3E0322CE498C,low,tier1,NONE,False,False,normal
ACC_FE10986116BF,2026-03-14,DEV_F47D9F0E5883,high,tier3,NONE,False,False,normal
ACC_68DFD98C3060,2026-04-30,DEV_F2F8E061917F,medium,tier3,NONE,False,False,normal
ACC_8373C66C60DC,2026-03-25,DEV_D6B671DD0094,low,tier2,NONE,False,False,normal
ACC_B3C9542AD743,2026-04-10,DEV_5107857CA8B8,high,tier2,NONE,False,False,normal
ACC_611B4A78960E,2026-04-11,DEV_8D1CD6A2C381,high,tier2,NONE,False,False,normal
ACC_88487570F3D1,2026-03-16,DEV_E2185167413B,high,tier1,NONE,False,False,normal
ACC_F0720E6D5710,2026-03-02,DEV_1ECD2F661BE2,high,tier2,NONE,False,False,normal
ACC_DCBA69CACB69,2026-03-08,DEV_1AF5162EA572,medium,tier3,NONE,False,False,normal
ACC_59E3C9B75330,2026-03-02,DEV_E9BE0CEC8DBB,medium,tier1,NONE,False,False,normal
ACC_332D6615DE49,2026-03-09,DEV_E17221AB6814,high,tier1,NONE,False,False,normal
ACC_400E0F2A910D,2026-03-12,DEV_596F7DE163C5,high,tier1,NONE,False,False,normal
ACC_6CAFFA5AC3B0,2026-04-04,DEV_92EAB9CFED44,low,tier2,NONE,False,False,normal
ACC_2211279F20A3,2026-03-20,DEV_B96737C78813,low,tier3,NONE,False,False,normal
ACC_8A2B961E54DA,2026-03-29,DEV_C6C45A958687,high,tier2,NONE,False,False,normal
ACC_ED6606EB8029,2026-04-02,DEV_25DADABB3126,medium,tier2,NONE,False,False,normal
ACC_0F6561C2928C,2026-04-12,DEV_D56B0DD08579,low,tier1,NONE,False,False,normal
ACC_B891E2684F51,2026-03-16,DEV_05E03A9DE262,high,tier1,NONE,False,False,normal
ACC_C25853C21914,2026-03-24,DEV_C11D6FADA966,high,tier2,NONE,False,False,normal
ACC_C5B5E3678DB4,2026-03-26,DEV_35097241DB6C,low,tier3,NONE,False,False,normal
ACC_C53046A075F5,2026-03-17,DEV_E1F428FB3BA3,medium,tier3,NONE,False,False,normal
ACC_5C72EBB82AB9,2026-03-30,DEV_5B63338B9C5E,medium,tier2,NONE,False,False,normal
ACC_374137D886C8,2026-04-09,DEV_E99789C661F5,high,tier1,NONE,False,False,normal
ACC_E33F5197DE56,2026-03-19,DEV_76B365D872FF,high,tier3,NONE,False,False,normal
ACC_CB3B1CBED4AC,2026-04-01,DEV_1508C3EB7496,high,tier3,NONE,False,False,normal
ACC_D91E6F71A53B,2026-04-12,DEV_C79DBCF80A63,medium,tier3,NONE,False,False,normal
ACC_0CE04CCB1147,2026-04-18,DEV_DD5A42721E50,medium,tier2,NONE,False,False,normal
ACC_062EED1E0B6D,2026-04-29,DEV_104681FF26C1,low,tier2,NONE,False,False,normal
ACC_9AAC769F7C08,2026-04-27,DEV_C2DDD58C7B48,low,tier2,NONE,False,False,normal
ACC_7252A3EBDA1C,2026-04-04,DEV_195CF5CFD842,low,tier2,NONE,False,False,normal
ACC_379FC51A1F22,2026-03-19,DEV_D8691AC9BA7C,high,tier2,NONE,False,False,normal
ACC_262609E202B3,2026-04-07,DEV_852B9FB9A54C,high,tier1,NONE,False,False,normal
ACC_7645A2FA85F1,2026-04-14,DEV_3C97F98E3C14,medium,tier2,NONE,False,False,normal
ACC_32575A1BBBE8,2026-04-18,DEV_74A276320FB2,high,tier1,NONE,False,False,normal
ACC_9278ECCE3FEB,2026-03-12,DEV_5BDD2E3A9AD8,low,tier1,NONE,False,False,normal
ACC_4007FA0679D3,2026-04-08,DEV_ADFE6EBA8D21,high,tier3,NONE,False,False,normal
ACC_2917205408E9,2026-04-26,DEV_02EEBA06B220,high,tier1,NONE,False,False,normal
ACC_9F7E27780A05,2026-04-19,DEV_6E5E7BB63926,high,tier2,NONE,False,False,normal
ACC_4EA9ECD1290C,2026-03-06,DEV_AA2FC6F1CB5D,high,tier1,NONE,False,False,normal
ACC_F2AF71BD949A,2026-04-11,DEV_A60F318B7E2E,low,tier2,NONE,False,False,normal
ACC_E6D02D5FC18A,2026-04-27,DEV_D6D6E657E604,low,tier1,NONE,False,False,normal
ACC_AD7D0E89E347,2026-04-29,DEV_03DA566DDCAE,medium,tier2,NONE,False,False,normal
ACC_35EA89F50D1E,2026-04-08,DEV_08783CB813DF,low,tier1,NONE,False,False,normal
ACC_46B967CD61BE,2026-03-19,DEV_498093F0F78A,medium,tier2,NONE,False,False,normal
ACC_948A1BB09156,2026-03-30,DEV_28C833145D21,low,tier3,NONE,False,False,normal
ACC_86B858132706,2026-03-27,DEV_D93C91EF4391,high,tier1,NONE,False,False,normal
ACC_343E31A9FC29,2026-03-26,DEV_4239C4D622AC,low,tier3,NONE,False,False,normal
ACC_8D79EA201881,2026-03-02,DEV_6B7D702D6910,medium,tier3,NONE,False,False,normal
ACC_814C4C0B6A26,2026-04-06,DEV_1078B7B11BBF,high,tier3,NONE,False,False,normal
ACC_81DBDA890122,2026-03-21,DEV_09021B98A96B,high,tier2,NONE,False,False,normal
ACC_6859CF0AF99C,2026-03-06,DEV_F7C34DBA0C50,low,tier1,NONE,False,False,normal
ACC_D4933E74395C,2026-03-08,DEV_71833187565F,medium,tier3,NONE,False,False,normal
ACC_7675BE63473C,2026-03-28,DEV_CEAB484438C5,low,tier3,NONE,False,False,normal
ACC_7E26E0B7711C,2026-03-15,DEV_B68F10BC236B,low,tier2,NONE,False,False,normal
ACC_36D3C1C50747,2026-03-28,DEV_2663D1D6AC5B,medium,tier1,NONE,False,False,normal
ACC_9B12F19EC56C,2026-03-26,DEV_A54605199735,medium,tier2,NONE,False,False,normal
ACC_201584952BB6,2026-03-05,DEV_03357DBEDF8D,medium,tier2,NONE,False,False,normal
ACC_6B8CDE8DD12D,2026-04-19,DEV_8DF14E656BC3,medium,tier2,NONE,False,False,normal
ACC_2CABB1333608,2026-04-27,DEV_3149441ABFF4,high,tier1,NONE,False,False,normal
ACC_003022E22E72,2026-03-13,DEV_DF2A0FFB4733,low,tier3,NONE,False,False,normal
ACC_FFBEEFBC68D0,2026-04-14,DEV_E759505281C2,medium,tier3,NONE,False,False,normal
ACC_9C34C1E15102,2026-03-27,DEV_272A2A129B88,low,tier3,NONE,False,False,normal
ACC_8A285606CAC7,2026-03-14,DEV_B86D4C1C6E4F,medium,tier2,NONE,False,False,normal
ACC_E769ABBD5997,2026-05-01,DEV_874B322A298F,high,tier1,NONE,False,False,normal
ACC_4B4EA7B934C5,2026-03-28,DEV_7BFB9B346F4C,medium,tier2,NONE,False,False,normal
ACC_A54405DE7DF2,2026-03-07,DEV_3EC947B41E6C,low,tier1,NONE,False,False,normal
ACC_5B56394FBA1E,2026-03-17,DEV_A1FE0889CEF4,low,tier3,NONE,False,False,normal
ACC_992D6BBC803C,2026-04-28,DEV_8A62AD71AE1E,medium,tier1,NONE,False,False,normal
ACC_1A2D07EA4FD8,2026-04-01,DEV_F91363215302,high,tier1,NONE,False,False,normal
ACC_B481CF6D5F1F,2026-04-23,DEV_C6B8C2BB6EBA,low,tier1,NONE,False,False,normal
ACC_2269328DDD06,2026-03-08,DEV_C45866669AE4,medium,tier1,NONE,False,False,normal
ACC_E6CE755F4DAD,2026-03-14,DEV_62A84E7368B7,high,tier2,NONE,False,False,normal
ACC_CC94C8E9F646,2026-04-15,DEV_49A03A542AB7,low,tier3,NONE,False,False,normal
ACC_4FC760510A32,2026-03-17,DEV_7A63578F327A,high,tier3,NONE,False,False,normal
ACC_1F85226EF81C,2026-04-30,DEV_33F63E221854,low,tier1,NONE,False,False,normal
ACC_357DE7B4C595,2026-03-11,DEV_C65CE027976F,low,tier2,NONE,False,False,normal
ACC_AAFD3426A715,2026-03-07,DEV_3D4B9E27A610,medium,tier3,NONE,False,False,normal
ACC_49BF81ED4B02,2026-03-31,DEV_473268993E64,medium,tier1,NONE,False,False,normal
ACC_10DFBC1E268E,2026-03-04,DEV_BEBC4E4237C6,medium,tier2,NONE,False,False,normal
ACC_CE5510E24A7D,2026-03-30,DEV_481ADF762DF2,high,tier3,NONE,False,False,normal
ACC_4BCAEE0E1E49,2026-04-15,DEV_8BB200DDE797,high,tier3,NONE,False,False,normal
ACC_5B6DD81B5B66,2026-04-02,DEV_5657BB7A9FCF,medium,tier1,NONE,False,False,normal
ACC_6EEF438FBCC4,2026-04-14,DEV_96F1B94190EE,high,tier2,NONE,False,False,normal
ACC_FE96D2723667,2026-04-09,DEV_6B71895FDB9C,high,tier1,NONE,False,False,normal
ACC_D68F53A0C992,2026-04-23,DEV_AAEF51E8BC49,medium,tier3,NONE,False,False,normal
ACC_0EC892346A68,2026-04-03,DEV_9C9202CC5F12,high,tier3,NONE,False,False,normal
ACC_95C5E9FF9A45,2026-04-07,DEV_47BFB1D9ABDE,medium,tier2,NONE,False,False,normal
ACC_6D71163CEAEE,2026-03-13,DEV_2750ECDE1A1F,low,tier3,NONE,False,False,normal
ACC_FD53AD26EBBC,2026-03-26,DEV_01802C88FBA5,medium,tier2,NONE,False,False,normal
ACC_39F5D21F0E94,2026-03-10,DEV_AE7DA7A71B17,high,tier2,NONE,False,False,normal
ACC_2E1C72295472,2026-03-10,DEV_0C0E7E471DDE,low,tier2,NONE,False,False,normal
ACC_0063F274F021,2026-03-23,DEV_18B4883F218A,high,tier3,NONE,False,False,normal
ACC_94E0F4288C71,2026-04-07,DEV_4EAA094999B8,medium,tier3,NONE,False,False,normal
ACC_96397D337D1F,2026-04-09,DEV_F8097C019B94,low,tier1,NONE,False,False,normal
ACC_6AD2B7A9F61C,2026-03-27,DEV_D99843314AE6,medium,tier2,NONE,False,False,normal
ACC_ACDFE2195FAC,2026-03-16,DEV_0A31BA0BE7D3,high,tier3,NONE,False,False,normal
ACC_A5D167717127,2026-04-27,DEV_0E019C29083F,medium,tier3,NONE,False,False,normal
ACC_0F99D4FAEE59,2026-04-25,DEV_DBCBE6BAFE0C,high,tier2,NONE,False,False,normal
ACC_A5441984C2B7,2026-03-08,DEV_A33A16E92DFD,medium,tier3,NONE,False,False,normal
ACC_E696E16DB792,2026-03-21,DEV_E34A1AC7D3B8,low,tier1,NONE,False,False,normal
ACC_18A29A72EA14,2026-04-17,DEV_138979FCB3A3,medium,tier1,NONE,False,False,normal
ACC_52652B434ABC,2026-03-04,DEV_E679C1D71AE7,low,tier2,NONE,False,False,normal
ACC_5720E8A41ACB,2026-04-11,DEV_401DDC00E021,low,tier1,NONE,False,False,normal
ACC_6E31971741FD,2026-03-14,DEV_A864ECD07A00,high,tier3,NONE,False,False,normal
ACC_623A7D178EFD,2026-04-21,DEV_9285513099DB,high,tier1,NONE,False,False,normal
ACC_FA1F40433416,2026-03-08,DEV_0D8E5CB3E5A4,low,tier2,NONE,False,False,normal
ACC_5B858545F6BA,2026-03-02,DEV_2BD9D98E6F77,medium,tier1,NONE,False,False,normal
ACC_0ECD87FDFDDD,2026-03-07,DEV_E06770BE7C91,high,tier1,NONE,False,False,normal
ACC_CEF7052A5274,2026-04-11,DEV_53FF1AB946A5,high,tier2,NONE,False,False,normal
ACC_2C2227D9DB1F,2026-03-15,DEV_5E8B966C1622,low,tier1,NONE,False,False,normal
ACC_EB5DB5F0E991,2026-04-18,DEV_B2D533677A1C,low,tier3,NONE,False,False,normal
ACC_36DC4955F770,2026-03-19,DEV_1DEC173CE625,medium,tier2,NONE,False,False,normal
ACC_25895901F742,2026-04-05,DEV_922CE456CC99,low,tier3,NONE,False,False,normal
ACC_587B29E3A52A,2026-04-05,DEV_3ADADF77A529,medium,tier1,NONE,False,False,normal
ACC_DDEB41C9E69B,2026-04-30,DEV_3705063C5FD5,low,tier1,NONE,False,False,normal
ACC_EA6A6F01867E,2026-03-21,DEV_60F8A06C4C9F,low,tier3,NONE,False,False,normal
ACC_DAEBF0DC1F81,2026-03-06,DEV_254D7A110BC3,medium,tier3,NONE,False,False,normal
ACC_0E56DB0D3DD1,2026-04-08,DEV_03B4B9E03A49,medium,tier3,NONE,False,False,normal
ACC_157D4EDD574F,2026-03-14,DEV_29B48574D2EB,low,tier3,NONE,False,False,normal
ACC_9B5232C6BCE8,2026-04-30,DEV_B0F2EF0B4B79,medium,tier3,NONE,False,False,normal
ACC_4C4853273430,2026-05-01,DEV_D4282C4C59E4,medium,tier1,NONE,False,False,normal
ACC_C439B5EDB427,2026-04-30,DEV_23E418ACD39A,high,tier2,NONE,False,False,normal
ACC_17AC5263AC29,2026-03-13,DEV_C0C7F57DBEA1,medium,tier3,NONE,False,False,normal
ACC_E6876BA2768A,2026-04-03,DEV_491FDE313681,high,tier2,NONE,False,False,normal
ACC_A1C10A1DE6FC,2026-03-07,DEV_AA826CDD82E7,high,tier2,NONE,False,False,normal
ACC_9B8CA51DC4D1,2026-03-09,DEV_01EF2AED928E,medium,tier3,NONE,False,False,normal
ACC_B9B3D84E7216,2026-03-24,DEV_C36C37283AFA,high,tier1,NONE,False,False,normal
ACC_145B3EAC6FFE,2026-04-27,DEV_A325446B74DE,low,tier2,NONE,False,False,normal
ACC_7652632126D8,2026-04-16,DEV_6EFDDE0A5A63,low,tier2,NONE,False,False,normal
ACC_9E51EC63673E,2026-04-22,DEV_8CDAC7D7FB36,low,tier1,NONE,False,False,normal
ACC_8C7B17418AFB,2026-03-30,DEV_0937D5FBDD03,medium,tier1,NONE,False,False,normal
ACC_247B61CDABCF,2026-03-08,DEV_2A2ABD68BDB7,high,tier2,NONE,False,False,normal
ACC_0D67B90D70AD,2026-04-17,DEV_7F41D36DDA06,low,tier3,NONE,False,False,normal
ACC_2377EF3D4411,2026-03-29,DEV_CB0464AC56A6,medium,tier1,NONE,False,False,normal
ACC_7D089CB1B936,2026-03-19,DEV_E191401D6977,high,tier3,NONE,False,False,normal
ACC_7CE76408CEE1,2026-03-17,DEV_482B4A08DC6A,medium,tier1,NONE,False,False,normal
ACC_EEEF002D2A9D,2026-04-02,DEV_E1D19E68AFB6,low,tier2,NONE,False,False,normal
ACC_8136A2E9291D,2026-03-05,DEV_810E32731314,medium,tier2,NONE,False,False,normal
ACC_A31ADCEEC30B,2026-03-15,DEV_14C28346AC85,medium,tier2,NONE,False,False,normal
ACC_C9483CB4BAE3,2026-04-08,DEV_E0FBEEE78ED1,high,tier2,NONE,False,False,normal
ACC_FA6D8C4B8354,2026-03-02,DEV_3D8490BB372A,low,tier1,NONE,False,False,normal
ACC_6C5C13BFF892,2026-03-14,DEV_6EDC0378F3A2,low,tier3,NONE,False,False,normal
ACC_CE38DF96CD32,2026-04-07,DEV_DBEBB58AA6AD,low,tier3,NONE,False,False,normal
ACC_DAC33D74EEDD,2026-03-24,DEV_4BABEA5F6C2B,low,tier3,NONE,False,False,normal
ACC_A48140CDC9BB,2026-03-07,DEV_E7B71AE4CA14,low,tier2,NONE,False,False,normal
ACC_E70CEA8AAC29,2026-03-29,DEV_49236B1C1AE7,low,tier1,NONE,False,False,normal
ACC_2A6451A22ED7,2026-04-16,DEV_66CF46735E94,medium,tier2,NONE,False,False,normal
ACC_95F808619D09,2026-03-24,DEV_EA41411DF591,low,tier2,NONE,False,False,normal
ACC_3670723BE180,2026-04-29,DEV_3285705DEE13,high,tier3,NONE,False,False,normal
ACC_10E9503B995F,2026-03-11,DEV_5A71BC6597B4,medium,tier2,NONE,False,False,normal
ACC_4F4D2C82F249,2026-04-29,DEV_8CC65206BF9A,high,tier1,NONE,False,False,normal
ACC_1C706E0C2B39,2026-03-18,DEV_3C26A6A5EB81,high,tier1,NONE,False,False,normal
ACC_290A630D3F95,2026-04-03,DEV_1484BB2F9760,high,tier3,NONE,False,False,normal
ACC_C0E90400A939,2026-04-12,DEV_D2E73C65D89C,medium,tier3,NONE,False,False,normal
ACC_3D9D2CBC2F18,2026-03-22,DEV_085A88EF3C6C,high,tier2,NONE,False,False,normal
ACC_7DF02AC3D0C9,2026-03-10,DEV_531ACCFD14E2,low,tier2,NONE,False,False,normal
ACC_1ACC48C4A55E,2026-04-11,DEV_AE51772F314D,high,tier3,NONE,False,False,normal
ACC_C6AD81B9C802,2026-03-21,DEV_0E3D91DA60B2,medium,tier3,NONE,False,False,normal
ACC_D6C3AA4BC42C,2026-04-04,DEV_C43C8D3FB640,low,tier3,NONE,False,False,normal
ACC_93F3A4D21CF7,2026-03-06,DEV_02F629658B3B,medium,tier3,NONE,False,False,normal
ACC_9CC7B10015C7,2026-03-20,DEV_C1276D943C41,high,tier2,NONE,False,False,normal
ACC_A15A22D0766C,2026-04-29,DEV_CE76AF15C373,low,tier2,NONE,False,False,normal
ACC_C9C74FE998EF,2026-04-14,DEV_88D92F4820C5,high,tier1,NONE,False,False,normal
ACC_C7175B0EE6F9,2026-03-16,DEV_33C503942E5D,high,tier1,NONE,False,False,normal
ACC_0170175DDE15,2026-03-07,DEV_75F239A17968,low,tier2,NONE,False,False,normal
ACC_723ADDA13D9E,2026-03-21,DEV_C8C657F03334,high,tier2,NONE,False,False,normal
ACC_3F36DF51D599,2026-04-28,DEV_3A8ABD83434C,low,tier3,NONE,False,False,normal
ACC_F760AA1805DA,2026-04-30,DEV_FFA380B2E85F,low,tier3,NONE,False,False,normal
ACC_15E3B0573157,2026-03-10,DEV_8C5CAEE0475F,high,tier2,NONE,False,False,normal
ACC_87FE3EF8BAFF,2026-04-01,DEV_2346F3988AD6,high,tier3,NONE,False,False,normal
ACC_F5815507B18A,2026-03-21,DEV_62E4EFBA8113,medium,tier1,NONE,False,False,normal
ACC_A2A1FA949E13,2026-04-09,DEV_E48760BF03B3,high,tier1,NONE,False,False,normal
ACC_F76D493DABF2,2026-04-13,DEV_1489ED8970DA,low,tier1,NONE,False,False,normal
ACC_ED78DDF324EF,2026-04-05,DEV_16019806E836,low,tier1,NONE,False,False,normal
ACC_C00BFB8B1806,2026-04-10,DEV_9B5FFF188694,high,tier2,NONE,False,False,normal
ACC_A3DE503DFB50,2026-03-20,DEV_CFA9B2053603,low,tier1,NONE,False,False,normal
ACC_A45BF44DE95F,2026-04-03,DEV_5440E930C1CC,low,tier2,NONE,False,False,normal
ACC_2F46B4F36813,2026-03-11,DEV_514D485FAD22,low,tier2,NONE,False,False,normal
ACC_94DB26BC5EAA,2026-04-18,DEV_C8E94E228C7B,medium,tier2,NONE,False,False,normal
ACC_2617817EC6A4,2026-03-07,DEV_227D672E4165,high,tier1,NONE,False,False,normal
ACC_3C7ECBE37A09,2026-04-18,DEV_29A6E9193870,medium,tier1,NONE,False,False,normal
ACC_1BC8620867BA,2026-03-22,DEV_F87FCB668B94,medium,tier1,NONE,False,False,normal
ACC_C9B206593865,2026-04-13,DEV_8D25B8B10A2E,low,tier2,NONE,False,False,normal
ACC_223DEB858EC7,2026-04-15,DEV_75F431725A6D,high,tier1,NONE,False,False,normal
ACC_51D00DE670AD,2026-03-20,DEV_1D1091F0E2D4,medium,tier2,NONE,False,False,normal
ACC_5ED8659FE6F9,2026-03-10,DEV_14EBADD2BB9E,high,tier1,NONE,False,False,normal
ACC_BBDCD1133D8B,2026-03-05,DEV_3B2AC031C5C1,low,tier3,NONE,False,False,normal
ACC_EBABB52D886A,2026-04-08,DEV_9E8A44C9A6B1,high,tier1,NONE,False,False,normal
ACC_F4F3390529BB,2026-03-31,DEV_0DC8ED31F5A1,medium,tier2,NONE,False,False,normal
ACC_8582C66F94A4,2026-03-25,DEV_CCAD328DA7DD,high,tier2,NONE,False,False,normal
ACC_75657BB67507,2026-04-04,DEV_A66D603222A9,high,tier1,NONE,False,False,normal
ACC_3460B9FD413F,2026-04-01,DEV_8FFED0A563B3,medium,tier2,NONE,False,False,normal
ACC_0CA4CA5032CD,2026-04-18,DEV_5704A593DBD2,medium,tier1,NONE,False,False,normal
ACC_9AC311B6D8DD,2026-03-26,DEV_EEBB8082ADBC,high,tier1,NONE,False,False,normal
ACC_22AB9D2CD4DE,2026-03-02,DEV_C25829CE7F59,high,tier2,NONE,False,False,normal
ACC_6D7739102E45,2026-04-07,DEV_5919BC8E5854,high,tier2,NONE,False,False,normal
ACC_AE1AAAAA5E4C,2026-03-05,DEV_736AF1391761,medium,tier2,NONE,False,False,normal
ACC_D03E2878C31F,2026-04-19,DEV_36822F617BCF,medium,tier2,NONE,False,False,normal
ACC_98A1C72430E5,2026-04-14,DEV_12591F212396,medium,tier2,NONE,False,False,normal
ACC_3672A4332460,2026-03-17,DEV_A462B39CCD9B,high,tier1,NONE,False,False,normal
ACC_F5F8E2E969F5,2026-04-24,DEV_6CF802875724,high,tier1,NONE,False,False,normal
ACC_16F922D46049,2026-03-13,DEV_AB9C45BEC575,medium,tier1,NONE,False,False,normal
ACC_388E4B0B98A8,2026-04-16,DEV_4344AF4AA594,high,tier1,NONE,False,False,normal
ACC_2D2F8A9FA25D,2026-04-15,DEV_AB3964EEA431,medium,tier1,NONE,False,False,normal
ACC_B9492447FE05,2026-03-16,DEV_B02EBA9175ED,low,tier2,NONE,False,False,normal
ACC_A00EEF875BAC,2026-03-03,DEV_569C85E02EE5,low,tier1,NONE,False,False,normal
ACC_70D10B7C38AF,2026-04-18,DEV_EB07B330FD74,medium,tier2,NONE,False,False,normal
ACC_C1AD5EECA0CB,2026-04-27,DEV_072E8228A938,high,tier1,NONE,False,False,normal
ACC_65ACBD46D53F,2026-04-15,DEV_641E174E19AB,high,tier1,NONE,False,False,normal
ACC_8346F0B69EF0,2026-03-16,DEV_BE1BF9284C83,high,tier3,NONE,False,False,normal
ACC_3D9D4E5249E7,2026-04-14,DEV_1144881A936B,high,tier2,NONE,False,False,normal
ACC_1DA9A23AA539,2026-04-19,DEV_F80B9EFB243E,low,tier2,NONE,False,False,normal
ACC_15935BDB2377,2026-04-04,DEV_BE5E23C2E26D,high,tier1,NONE,False,False,normal
ACC_15B1E99B5C3A,2026-04-08,DEV_259A68271CD3,medium,tier3,NONE,False,False,normal
ACC_00D90E751DC7,2026-03-13,DEV_BF55BB2D97C7,low,tier3,NONE,False,False,normal
ACC_B69ADBEA8589,2026-04-09,DEV_E00A7D223D29,high,tier1,NONE,False,False,normal
ACC_18544FD844F7,2026-03-28,DEV_EA10B0D029E8,medium,tier3,NONE,False,False,normal
ACC_4A6CA54BCAE9,2026-03-17,DEV_F5ADD2FA3B9C,low,tier3,NONE,False,False,normal
ACC_1453B748C13F,2026-04-09,DEV_B55748709980,medium,tier3,NONE,False,False,normal
ACC_D3E9F13732D8,2026-03-20,DEV_43D8012B09A6,low,tier1,NONE,False,False,normal
ACC_367DB5B2843F,2026-04-22,DEV_37B72E35C5A6,medium,tier2,NONE,False,False,normal
ACC_B3BB2969978E,2026-04-26,DEV_94EE71731E89,low,tier3,NONE,False,False,normal
ACC_01685AE3CE3C,2026-04-18,DEV_DBCFEB94FE83,high,tier1,NONE,False,False,normal
ACC_47D374676652,2026-04-11,DEV_BE23F95C004A,low,tier2,NONE,False,False,normal
ACC_362755371775,2026-03-02,DEV_47EE5ECA0280,high,tier1,NONE,False,False,normal
ACC_044D17AE990E,2026-04-16,DEV_4E27838D07FB,medium,tier3,NONE,False,False,normal
ACC_1C721E0AAD72,2026-03-18,DEV_C5F521F41117,low,tier2,NONE,False,False,normal
ACC_C617A190FCE5,2026-04-15,DEV_87A6DDD0190D,high,tier2,NONE,False,False,normal
ACC_A79C0A804928,2026-04-17,DEV_DCD27E13B141,low,tier1,NONE,False,False,normal
ACC_5E7ABB084C63,2026-03-16,DEV_BDF92E08B041,medium,tier3,NONE,False,False,normal
ACC_B56CB00E0CE7,2026-04-08,DEV_E50AACBF8E2B,medium,tier1,NONE,False,False,normal
ACC_A1F64B15CDB0,2026-03-23,DEV_C9FA1BD7FB11,low,tier2,NONE,False,False,normal
ACC_7578C12BB099,2026-03-02,DEV_5A452CE9F8BA,high,tier3,NONE,False,False,normal
ACC_7C70E39439C2,2026-04-11,DEV_5B6840BC7A20,low,tier3,NONE,False,False,normal
ACC_3ECA66F4A560,2026-04-17,DEV_8C178AFB8F8E,low,tier2,NONE,False,False,normal
ACC_3B4C44AA4CE2,2026-04-19,DEV_C9EEFA820AED,high,tier3,NONE,False,False,normal
ACC_09A5ACED8232,2026-03-31,DEV_E1575BC9DA85,medium,tier2,NONE,False,False,normal
ACC_729507BEFF19,2026-04-06,DEV_02EE343FD69C,high,tier3,NONE,False,False,normal
ACC_1DC00C4C3046,2026-03-30,DEV_8A937ACEAB98,high,tier3,NONE,False,False,normal
ACC_B0361746F47F,2026-04-30,DEV_53E59434E1BA,low,tier2,NONE,False,False,normal
ACC_43B7C1A1AEA9,2026-04-26,DEV_F299AEAF79AA,medium,tier3,NONE,False,False,normal
ACC_11220DBA911B,2026-04-10,DEV_2E510BA1EDEE,high,tier1,NONE,False,False,normal
ACC_B6D9BA2D6C75,2026-03-08,DEV_DDBCAF6C88C5,high,tier3,NONE,False,False,normal
ACC_BE3799500EA8,2026-03-20,DEV_867D866EC052,high,tier2,NONE,False,False,normal
ACC_44FF64C90814,2026-04-02,DEV_064C69EBA264,medium,tier2,NONE,False,False,normal
ACC_03D795150DC2,2026-04-25,DEV_B182192E598B,low,tier3,NONE,False,False,normal
ACC_764942F143BD,2026-03-03,DEV_4D59599BFFA9,high,tier2,NONE,False,False,normal
ACC_D58B68B171D3,2026-03-12,DEV_DEE189ADF19A,high,tier2,NONE,False,False,normal
ACC_CA26E6505772,2026-03-08,DEV_EA4811D340FE,medium,tier2,NONE,False,False,normal
ACC_4BEBE728EDD5,2026-04-25,DEV_168DBE4A21AD,low,tier1,NONE,False,False,normal
ACC_3AD992E3D817,2026-04-22,DEV_714B1646613B,high,tier1,NONE,False,False,normal
ACC_92D5377976FF,2026-03-07,DEV_1A3E7A26E9A6,low,tier1,NONE,False,False,normal
ACC_CBB027B85A27,2026-03-27,DEV_10668A4FA739,high,tier3,NONE,False,False,normal
ACC_DCEB589675B5,2026-03-22,DEV_6B26ED877ED4,medium,tier2,NONE,False,False,normal
ACC_FE70AC955F2C,2026-03-20,DEV_9DE398FFCBE1,medium,tier1,NONE,False,False,normal
ACC_D2917CC1DEAD,2026-04-05,DEV_885A7C75CFA8,high,tier2,NONE,False,False,normal
ACC_E5CECB49E14A,2026-03-03,DEV_5D3AC8A5357A,high,tier2,NONE,False,False,normal
ACC_F85F150651DC,2026-04-12,DEV_B50E35F435FB,high,tier1,NONE,False,False,normal
ACC_B8631C0A96EE,2026-03-28,DEV_5DD5F786B457,low,tier1,NONE,False,False,normal
ACC_8ED60ECA8BE6,2026-03-15,DEV_F09B272F49FF,high,tier1,NONE,False,False,normal
ACC_C922AD242260,2026-03-06,DEV_54EBB50FAFC5,medium,tier3,NONE,False,False,normal
ACC_0CC0056207B3,2026-04-11,DEV_5E00898A216D,medium,tier2,NONE,False,False,normal
ACC_9E04D4785B3C,2026-04-08,DEV_7E8FD726FCCB,medium,tier3,NONE,False,False,normal
ACC_44BC4EAEF288,2026-04-01,DEV_D34BEF4A76D9,medium,tier1,NONE,False,False,normal
ACC_629B3F9220B3,2026-04-15,DEV_4A0C9CB3FD99,high,tier3,NONE,False,False,normal
ACC_B31BF43F53E6,2026-04-30,DEV_8E1C36A1BB29,medium,tier3,NONE,False,False,normal
ACC_B0AB076B77C3,2026-05-01,DEV_9F0B0996A9D7,medium,tier1,NONE,False,False,normal
ACC_11C19298ED44,2026-04-05,DEV_3124A7940129,medium,tier2,NONE,False,False,normal
ACC_1C542E7DE559,2026-04-04,DEV_039AE4AB355E,low,tier2,NONE,False,False,normal
ACC_A3E65EB6DB1E,2026-03-15,DEV_ADA6AB2D63B1,low,tier2,NONE,False,False,normal
ACC_D5D7AFA7CAAE,2026-03-16,DEV_47794EA5A21A,low,tier1,NONE,False,False,normal
ACC_05E5B5886E34,2026-03-27,DEV_10B3C379CBEC,high,tier2,NONE,False,False,normal
ACC_08783CA41C40,2026-04-10,DEV_71CAFC25D588,medium,tier2,NONE,False,False,normal
ACC_06153B5155F6,2026-03-30,DEV_E06853003299,high,tier3,NONE,False,False,normal
ACC_1BF3BBDAFCB3,2026-03-22,DEV_B98C993DA2E7,high,tier3,NONE,False,False,normal
ACC_AB2213851BA4,2026-04-12,DEV_A6B228977F9A,medium,tier2,NONE,False,False,normal
ACC_F7ABA5020136,2026-03-12,DEV_B1350A737A6E,high,tier2,NONE,False,False,normal
ACC_E346B2336492,2026-04-12,DEV_30CAF6138765,low,tier2,NONE,False,False,normal
ACC_2C24EC65411A,2026-03-05,DEV_007FB52D3907,medium,tier3,NONE,False,False,normal
ACC_0076A89125FE,2026-03-22,DEV_E10DF9CD14BF,low,tier3,NONE,False,False,normal
ACC_923309BB6B49,2026-03-19,DEV_632BA11267CA,high,tier1,NONE,False,False,normal
ACC_3F952045F0A3,2026-03-07,DEV_45BE2703464C,medium,tier2,NONE,False,False,normal
ACC_4EA0EC6ED4EE,2026-03-24,DEV_7495BA1EC562,high,tier1,NONE,False,False,normal
ACC_119DA3880B3C,2026-04-14,DEV_4143F77D7FD9,low,tier2,NONE,False,False,normal
ACC_FEFDAAE31F7D,2026-03-05,DEV_3E47B909A694,low,tier2,NONE,False,False,normal
ACC_50D2B814C0AD,2026-04-09,DEV_BF2CA6EC1BC1,low,tier2,NONE,False,False,normal
ACC_0AF64CAB126A,2026-03-20,DEV_BCDB64E1F5D9,high,tier3,NONE,False,False,normal
ACC_6E48C1A1FF10,2026-04-28,DEV_B5E29F404C46,medium,tier3,NONE,False,False,normal
ACC_EC67E8152520,2026-03-22,DEV_64F256FDD8FF,medium,tier3,NONE,False,False,normal
ACC_DCDBCB29BFB2,2026-04-18,DEV_A366A73BCF90,high,tier1,NONE,False,False,normal
ACC_83002854426D,2026-03-08,DEV_59B2798E2A8E,high,tier2,NONE,False,False,normal
ACC_0A293EC77203,2026-04-29,DEV_A19F1D8DE3C5,low,tier2,NONE,False,False,normal
ACC_01986D2974E6,2026-03-20,DEV_0FB06AE027E0,medium,tier3,NONE,False,False,normal
ACC_EDF5BD3A96BC,2026-03-19,DEV_87B04418F59F,high,tier1,NONE,False,False,normal
ACC_347482E24634,2026-03-04,DEV_D05E9865CFB3,medium,tier2,NONE,False,False,normal
ACC_BDFC232F29A6,2026-03-04,DEV_89A3E29A6091,high,tier3,NONE,False,False,normal
ACC_87AC245EFF05,2026-03-17,DEV_065AEBADCD5C,high,tier1,NONE,False,False,normal
ACC_59616726CCF9,2026-04-16,DEV_329F35E2C1C3,low,tier1,NONE,False,False,normal
ACC_036D6A0C6193,2026-04-04,DEV_79B5857D79B2,low,tier2,NONE,False,False,normal
ACC_5E2390FFECD9,2026-03-16,DEV_DB6816D8A8A9,low,tier3,NONE,False,False,normal
ACC_C400D1A2EE7D,2026-04-01,DEV_D7C9F9B01397,medium,tier2,NONE,False,False,normal
ACC_8C58A10CA598,2026-03-07,DEV_A0BECBD9F49C,low,tier2,NONE,False,False,normal
ACC_90B49D432DB7,2026-03-15,DEV_29F1FC69E801,medium,tier3,NONE,False,False,normal
ACC_D5193299B00E,2026-04-18,DEV_09156FE6010E,low,tier1,NONE,False,False,normal
ACC_618C1A46DE0D,2026-04-23,DEV_5E1B85B8D9C7,medium,tier3,NONE,False,False,normal
ACC_48B596F44DAD,2026-04-10,DEV_D6F2D029D613,medium,tier1,NONE,False,False,normal
ACC_B0CD9DCAC95A,2026-04-30,DEV_0E2601F5C980,high,tier2,NONE,False,False,normal
ACC_0872DD8B1131,2026-03-27,DEV_CC383CABDD57,high,tier1,NONE,False,False,normal
ACC_D7390FA13C15,2026-04-04,DEV_7469D066A601,medium,tier1,NONE,False,False,normal
ACC_2D3F84382A1D,2026-04-09,DEV_5ABA6587FD22,high,tier1,NONE,False,False,normal
ACC_58FF3677F9C8,2026-04-17,DEV_851B4DEC0562,medium,tier2,NONE,False,False,normal
ACC_1891FB754DF9,2026-04-25,DEV_3589842495C7,low,tier1,NONE,False,False,normal
ACC_560D5696753B,2026-03-17,DEV_1423D75BE717,medium,tier2,NONE,False,False,normal
ACC_9CA719A0FD06,2026-04-16,DEV_A55CC78E906B,high,tier3,NONE,False,False,normal
ACC_EB739365E78E,2026-03-19,DEV_39F9A9862B16,low,tier3,NONE,False,False,normal
ACC_806D9F9BC935,2026-03-24,DEV_AF3145D64866,high,tier3,NONE,False,False,normal
ACC_9C73CC53E3B9,2026-03-20,DEV_30CBD2C62F92,low,tier3,NONE,False,False,normal
ACC_F05574C658A6,2026-04-02,DEV_568074F5A6DE,low,tier1,NONE,False,False,normal
ACC_B1B3969840A9,2026-03-11,DEV_1FF21F5A7C65,medium,tier2,NONE,False,False,normal
ACC_A20437E8DF84,2026-04-05,DEV_AD13D6B95925,low,tier3,NONE,False,False,normal
ACC_AFAFDBEA2762,2026-03-24,DEV_71AA06A3C72F,low,tier1,NONE,False,False,normal
ACC_8353D3DAFABE,2026-04-09,DEV_8A2F11AD1A25,high,tier1,NONE,False,False,normal
ACC_0A01958B0954,2026-03-24,DEV_FA12C102FF36,low,tier3,NONE,False,False,normal
ACC_91D0C6F37C7A,2026-03-23,DEV_455D6431A15E,medium,tier1,NONE,False,False,normal
ACC_B670F9B334A4,2026-04-17,DEV_C27EA433AF87,low,tier2,NONE,False,False,normal
ACC_234BDBD3476F,2026-03-30,DEV_74FB06D9F8B3,medium,tier2,NONE,False,False,normal
ACC_FE39CD7B2C81,2026-03-04,DEV_21458DAD002D,high,tier3,NONE,False,False,normal
ACC_D04FFB28F4E9,2026-04-11,DEV_5827C53C740C,medium,tier2,NONE,False,False,normal
ACC_861334E07718,2026-03-17,DEV_4EF70F019E8F,low,tier2,NONE,False,False,normal
ACC_8739DB69163E,2026-04-23,DEV_D62EAA940357,high,tier2,NONE,False,False,normal
ACC_5A1D5152938D,2026-03-04,DEV_DE8591799A6B,high,tier3,NONE,False,False,normal
ACC_FCEE7003CFCF,2026-03-14,DEV_0368133236F4,medium,tier3,NONE,False,False,normal
ACC_557D69CD9ADC,2026-04-05,DEV_F04A811E3B15,low,tier3,NONE,False,False,normal
ACC_158BFAF17A55,2026-04-07,DEV_C60788A83D6B,low,tier2,NONE,False,False,normal
ACC_AF457BDA780A,2026-03-25,DEV_1FE8E5C55C21,high,tier3,NONE,False,False,normal
ACC_78855D736E6D,2026-03-13,DEV_C007999D9FF7,high,tier2,NONE,False,False,normal
ACC_D2F2EE9A2E57,2026-03-07,DEV_5F450B409BBC,high,tier3,NONE,False,False,normal
ACC_D3C76B995099,2026-03-24,DEV_2F2D50CE3375,medium,tier1,NONE,False,False,normal
ACC_1739C5F1EBA2,2026-03-05,DEV_900747DBB1B8,low,tier2,NONE,False,False,normal
ACC_35960610DD42,2026-04-05,DEV_2335631AFB20,medium,tier1,NONE,False,False,normal
ACC_2F1F6E5E43DD,2026-04-04,DEV_1B7183EAC9E6,high,tier3,NONE,False,False,normal
ACC_7DBA2440ABFC,2026-04-05,DEV_DA49A515CF35,high,tier1,NONE,False,False,normal
ACC_BE242D737B69,2026-03-03,DEV_6532AC3D9F0C,high,tier3,NONE,False,False,normal
ACC_2A4EC56969FD,2026-03-19,DEV_BA337840DA80,low,tier1,NONE,False,False,normal
ACC_CFEBC2C8A280,2026-04-23,DEV_36A909A1B632,low,tier2,NONE,False,False,normal
ACC_36D71268206E,2026-04-03,DEV_20F1CD32CADA,low,tier1,NONE,False,False,normal
ACC_34CACED4255E,2026-04-23,DEV_D7D5E714D29D,low,tier3,NONE,False,False,normal
ACC_5BCF989C5DA7,2026-04-22,DEV_497EFC1D75B9,medium,tier3,NONE,False,False,normal
ACC_0D98EDA1F9E4,2026-04-07,DEV_EB607215CCD4,medium,tier2,NONE,False,False,normal
ACC_D63A984EB27B,2026-03-26,DEV_597FD0C0C678,low,tier2,NONE,False,False,normal
ACC_33DD650852E0,2026-04-02,DEV_478FCCA31276,low,tier1,NONE,False,False,normal
ACC_E4FC69DF4656,2026-04-15,DEV_886303DFCD85,medium,tier2,NONE,False,False,normal
ACC_AE60DE35EE2D,2026-04-06,DEV_F2214B79C627,high,tier1,NONE,False,False,normal
ACC_84D44A87D1B0,2026-03-31,DEV_40A88EB8ABD9,high,tier2,NONE,False,False,normal
ACC_6FACF9100165,2026-04-12,DEV_9C217579BC26,high,tier3,NONE,False,False,normal
ACC_9AE92E80CFDE,2026-04-16,DEV_B1C8E8D353CC,high,tier3,NONE,False,False,normal
ACC_EE3115E400DE,2026-03-27,DEV_4BD8F91ACB45,high,tier3,NONE,False,False,normal
ACC_0CEFD9B600D7,2026-04-08,DEV_9B954A5C6FE4,medium,tier3,NONE,False,False,normal
ACC_09552B2F8D12,2026-03-09,DEV_0856929C8C29,high,tier2,NONE,False,False,normal
ACC_253169911463,2026-04-19,DEV_A24AD427033F,high,tier1,NONE,False,False,normal
ACC_7A7305C5220E,2026-03-06,DEV_0859A8F97936,low,tier1,NONE,False,False,normal
ACC_1B81958A82BF,2026-04-04,DEV_96627EAC77F5,medium,tier3,NONE,False,False,normal
ACC_10D97DE7AF34,2026-03-19,DEV_9D25F9CDB947,low,tier3,NONE,False,False,normal
ACC_867774B5F528,2026-04-06,DEV_18F7EBC5AB33,low,tier3,NONE,False,False,normal
ACC_253B39DE3389,2026-03-05,DEV_85B1B1E31F1F,medium,tier2,NONE,False,False,normal
ACC_C5A98DD58A94,2026-04-04,DEV_B78785D2A467,medium,tier3,NONE,False,False,normal
ACC_0BF717E644C8,2026-03-30,DEV_11363C40371D,low,tier2,NONE,False,False,normal
ACC_E1CD8E2F47D5,2026-04-25,DEV_01CE7D54114E,low,tier1,NONE,False,False,normal
ACC_837025660B46,2026-04-22,DEV_D24893EE3C5D,medium,tier1,NONE,False,False,normal
ACC_593D220A9C4B,2026-03-04,DEV_F51794E69BB1,low,tier3,NONE,False,False,normal
ACC_9EBCC3D8E8DD,2026-04-20,DEV_20FECE9974C0,high,tier1,NONE,False,False,normal
ACC_BB22E53617F1,2026-03-19,DEV_AE6356610275,low,tier1,NONE,False,False,normal
ACC_8845A83E9808,2026-04-16,DEV_BEB1A99C4E3F,medium,tier3,NONE,False,False,normal
ACC_998B29143EDA,2026-03-13,DEV_7FD82F90CE36,medium,tier1,NONE,False,False,normal
ACC_5171BF91DBB5,2026-03-28,DEV_DF3F6DA984F0,low,tier3,NONE,False,False,normal
ACC_32F58191E917,2026-03-09,DEV_190E66E9ED56,medium,tier1,NONE,False,False,normal
ACC_1873C64C06AA,2026-03-14,DEV_592C207D156D,high,tier3,NONE,False,False,normal
ACC_CEF0C5D61B6A,2026-03-05,DEV_C072EBF762D4,low,tier2,NONE,False,False,normal
ACC_736FCE825CE1,2026-04-23,DEV_0B640755FFB1,medium,tier1,NONE,False,False,normal
ACC_7A8A6C7398DC,2026-04-30,DEV_FD6B30B38A2B,medium,tier3,NONE,False,False,normal
ACC_F6CDAAD9E1CC,2026-03-26,DEV_2D90DBDF2FF7,high,tier1,NONE,False,False,normal
ACC_E491C096728E,2026-03-03,DEV_0ACBA81CB98D,medium,tier1,NONE,False,False,normal
ACC_46AB2E41D91C,2026-04-26,DEV_47DA597423C6,low,tier3,NONE,False,False,normal
ACC_D0157F841F9D,2026-03-02,DEV_E4D2F0AE8C83,low,tier1,NONE,False,False,normal
ACC_5D3F0C61A3B9,2026-03-23,DEV_03B42EED8A7F,medium,tier2,NONE,False,False,normal
ACC_DD93429FC17F,2026-04-06,DEV_91B08CB881C0,medium,tier1,NONE,False,False,normal
ACC_D4E14DF80DF3,2026-03-25,DEV_6680D4F36D51,low,tier1,NONE,False,False,normal
ACC_FAEA4CA86AD2,2026-03-12,DEV_B5E9F7808D14,medium,tier1,NONE,False,False,normal
ACC_41D85FEF88F1,2026-04-03,DEV_7BC12090C42B,low,tier3,NONE,False,False,normal
ACC_0E048D027816,2026-04-16,DEV_015D1B98FC71,high,tier3,NONE,False,False,normal
ACC_848FE5A5651D,2026-03-13,DEV_C09D352B73BB,medium,tier2,NONE,False,False,normal
ACC_F552710344C2,2026-03-28,DEV_83E1AFB532A5,high,tier3,NONE,False,False,normal
ACC_94B6B75AA668,2026-04-01,DEV_7F6C70D6D13A,high,tier3,NONE,False,False,normal
ACC_EEFA9642258A,2026-03-13,DEV_FA541A47EEA8,high,tier3,NONE,False,False,normal
ACC_09EC52E3AEC3,2026-04-13,DEV_80991978706A,high,tier1,NONE,False,False,normal
ACC_45E70D7D0610,2026-03-05,DEV_3F89AC12A46C,high,tier3,NONE,False,False,normal
ACC_CD8D24D06103,2026-04-25,DEV_E260665BE66B,low,tier2,NONE,False,False,normal
ACC_059665F549EB,2026-03-15,DEV_EC6587DCA829,high,tier2,NONE,False,False,normal
ACC_5B5B59D7DC22,2026-04-06,DEV_5E0CF6EF4814,medium,tier1,NONE,False,False,normal
ACC_8392DF05E368,2026-03-18,DEV_8D1A5B4A31F9,high,tier3,NONE,False,False,normal
ACC_7DCDD7DE1F4F,2026-04-17,DEV_B1022E041F87,low,tier3,NONE,False,False,normal
ACC_B96B90227074,2026-03-27,DEV_3037A928A9C0,low,tier2,NONE,False,False,normal
ACC_47D3F2B31968,2026-03-23,DEV_F655649EAE0B,medium,tier1,NONE,False,False,normal
ACC_C163A7A2BDC1,2026-04-07,DEV_6D45902C4412,high,tier1,NONE,False,False,normal
ACC_28C6277C34D8,2026-04-12,DEV_A006695DE970,high,tier1,NONE,False,False,normal
ACC_6EA1070F6AB7,2026-04-19,DEV_8394AF3C0527,low,tier3,NONE,False,False,normal
ACC_07AD06EE981E,2026-03-30,DEV_1EB6D4C5F979,low,tier3,NONE,False,False,normal
ACC_2A63356AC4F7,2026-03-03,DEV_A9E3B57B5EDD,medium,tier1,NONE,False,False,normal
ACC_B867C65E9B19,2026-04-01,DEV_2813E0893CB0,high,tier3,NONE,False,False,normal
ACC_64EED544B4C2,2026-04-18,DEV_AB2B702BEE64,low,tier1,NONE,False,False,normal
ACC_1BB51161AB97,2026-04-24,DEV_49DAE9795FE5,low,tier2,NONE,False,False,normal
ACC_AB2F4B4C6AD1,2026-04-21,DEV_C3BCEB7566C1,high,tier3,NONE,False,False,normal
ACC_34E51C5927F5,2026-03-16,DEV_146613D43D8C,low,tier3,NONE,False,False,normal
ACC_BBA620F9E005,2026-04-11,DEV_8DC4D83BF22A,medium,tier1,NONE,False,False,normal
ACC_07B2DA2BDE62,2026-03-02,DEV_31CCED93D49D,high,tier1,NONE,False,False,normal
ACC_C7374B9E3DF7,2026-04-14,DEV_691D2E77C645,medium,tier2,NONE,False,False,normal
ACC_C2D67329EF06,2026-03-17,DEV_BA860EDB4AE4,low,tier2,NONE,False,False,normal
ACC_2D43913D687F,2026-04-26,DEV_43EEAFAEC3A6,high,tier2,NONE,False,False,normal
ACC_FA5DE3C08CC1,2026-04-08,DEV_586D109FDC61,medium,tier1,NONE,False,False,normal
ACC_DBB9A7055AC2,2026-03-05,DEV_931F908B8B23,high,tier3,NONE,False,False,normal
ACC_AFA8E6DBD8E2,2026-04-15,DEV_531E6044A676,medium,tier3,NONE,False,False,normal
ACC_6744BFD8F80B,2026-03-16,DEV_5C3CA5B48ADC,low,tier3,NONE,False,False,normal
ACC_FBB3EF138350,2026-04-06,DEV_93AE52548714,medium,tier3,NONE,False,False,normal
ACC_D6EA3DF576FD,2026-03-11,DEV_D21AC8B3F3EC,low,tier1,NONE,False,False,normal
ACC_E536A9393190,2026-04-02,DEV_9970F3099D38,medium,tier1,NONE,False,False,normal
ACC_7320D978F9EA,2026-03-16,DEV_F8F492AAD966,high,tier3,NONE,False,False,normal
ACC_B6B8D3B24038,2026-04-27,DEV_8F3823B743EF,high,tier2,NONE,False,False,normal
ACC_A4C5DB56D050,2026-04-02,DEV_E890D60525B8,low,tier3,NONE,False,False,normal
ACC_486F8D0D7233,2026-03-21,DEV_73426CB55CD9,low,tier1,NONE,False,False,normal
ACC_6AA664A6EA45,2026-03-30,DEV_FEBDDF41DE75,medium,tier3,NONE,False,False,normal
ACC_8FA2BB5EB5BA,2026-04-02,DEV_9AFF524A0BED,low,tier3,NONE,False,False,normal
ACC_265A211B6DA3,2026-03-15,DEV_D4696AA17F6B,low,tier2,NONE,False,False,normal
ACC_AEAAF07EC496,2026-03-30,DEV_52EE840DEB90,high,tier2,NONE,False,False,normal
ACC_AC9EA82AE96B,2026-03-17,DEV_B16AAC0C491D,low,tier3,NONE,False,False,normal
ACC_BB7CEED57D0C,2026-04-01,DEV_59203E15FC4E,medium,tier2,NONE,False,False,normal
ACC_DE7243D6B887,2026-03-18,DEV_A9A05C0CB8D0,medium,tier2,NONE,False,False,normal
ACC_304298408040,2026-03-05,DEV_8DD17FA5562C,low,tier1,NONE,False,False,normal
ACC_A68C451AA3F7,2026-05-01,DEV_03F77988C94E,low,tier2,NONE,False,False,normal
ACC_196CBBCAF1EF,2026-04-28,DEV_C685E247C075,high,tier3,NONE,False,False,normal
ACC_19FA07BE5A08,2026-04-23,DEV_295C3E404338,low,tier1,NONE,False,False,normal
ACC_C0C26DC5F0CD,2026-04-09,DEV_8B251A0A72A1,medium,tier3,NONE,False,False,normal
ACC_8E195A484E63,2026-03-11,DEV_6C6171C50E52,medium,tier3,NONE,False,False,normal
ACC_B20B1C8B7395,2026-04-06,DEV_2E6CA4C089E7,low,tier2,NONE,False,False,normal
ACC_11A284ABE41A,2026-04-30,DEV_46F6B655164B,low,tier2,NONE,False,False,normal
ACC_771B245A60E5,2026-04-12,DEV_C3EEC107A798,low,tier3,NONE,False,False,normal
ACC_CFDE40247BE9,2026-04-10,DEV_8749515A05B2,high,tier2,NONE,False,False,normal
ACC_FE5087A92802,2026-04-03,DEV_F1C36CE6C5EB,high,tier1,NONE,False,False,normal
ACC_2065BC3F589E,2026-04-30,DEV_A9E83FA93FD7,medium,tier1,NONE,False,False,normal
ACC_8E86D135FC74,2026-04-28,DEV_2512ECEFF176,low,tier1,NONE,False,False,normal
ACC_074FAB31268C,2026-04-13,DEV_7AF5E605BEC0,medium,tier1,NONE,False,False,normal
ACC_AFC304DAF86E,2026-03-15,DEV_F405C4179E2D,high,tier1,NONE,False,False,normal
ACC_EBB1732746DB,2026-04-06,DEV_51E52F3F06F5,low,tier2,NONE,False,False,normal
ACC_33AAFC473930,2026-03-06,DEV_92467FBCD052,low,tier1,NONE,False,False,normal
ACC_9F4D2DD94A3E,2026-04-27,DEV_F430FE22EFF2,low,tier1,NONE,False,False,normal
ACC_72FB517DD1A5,2026-04-20,DEV_EC6645A29644,low,tier3,NONE,False,False,normal
ACC_D53EA51E26EF,2026-03-03,DEV_59E32AC2B901,low,tier1,NONE,False,False,normal
ACC_0A18612397FF,2026-04-30,DEV_4ACC0495A038,low,tier3,NONE,False,False,normal
ACC_6D2EFBFE3A63,2026-04-03,DEV_6E357E534E0B,medium,tier3,NONE,False,False,normal
ACC_3A0772EDCD28,2026-03-20,DEV_53F3391F7D21,medium,tier1,NONE,False,False,normal
ACC_8E0103168B6C,2026-04-05,DEV_B494824A980A,medium,tier3,NONE,False,False,normal
ACC_D98A352C157C,2026-04-26,DEV_784652316363,low,tier1,NONE,False,False,normal
ACC_7EF12A6F9573,2026-04-17,DEV_A4B74E97EBE2,high,tier3,NONE,False,False,normal
ACC_53DC94D379EC,2026-03-27,DEV_2F8D92BBFEBC,low,tier1,NONE,False,False,normal
ACC_21205410AA9E,2026-03-08,DEV_D6F4BE124881,medium,tier3,NONE,False,False,normal
ACC_2715CBE4A20C,2026-03-11,DEV_6063F5176682,low,tier2,NONE,False,False,normal
ACC_F622767A83E4,2026-03-22,DEV_810C20127D20,low,tier2,NONE,False,False,normal
ACC_FDAF755FEEE1,2026-03-16,DEV_4BDFA30096F0,medium,tier2,NONE,False,False,normal
ACC_68276EF11976,2026-03-05,DEV_550D811741B1,medium,tier2,NONE,False,False,normal
ACC_C0E4927A0230,2026-04-16,DEV_1712EB9A82D4,high,tier2,NONE,False,False,normal
ACC_BEE57BED855B,2026-03-28,DEV_B5743F1B7E4D,medium,tier3,NONE,False,False,normal
ACC_927C00F5C980,2026-04-23,DEV_59C8B5D821DD,medium,tier1,NONE,False,False,normal
ACC_D31C4DA3B65A,2026-04-11,DEV_053AF64A5BC2,high,tier1,NONE,False,False,normal
ACC_CBB47009A09C,2026-03-25,DEV_A2E572E4E2C9,low,tier1,NONE,False,False,normal
ACC_D43441489A65,2026-03-16,DEV_AF49785F4AFF,medium,tier1,NONE,False,False,normal
ACC_722A22BC9D71,2026-03-31,DEV_948BEE3B90DD,medium,tier3,NONE,False,False,normal
ACC_ACA29253E650,2026-04-08,DEV_87019AA48020,low,tier1,NONE,False,False,normal
ACC_12540582DB43,2026-03-16,DEV_15E0D27D440E,high,tier2,NONE,False,False,normal
ACC_A51822E225A5,2026-04-09,DEV_EFF954F54CE7,high,tier2,NONE,False,False,normal
ACC_5798B122B00B,2026-03-15,DEV_C583BE4EA4C5,medium,tier2,NONE,False,False,normal
ACC_ED0112859619,2026-04-04,DEV_BA432E60DCFC,high,tier1,NONE,False,False,normal
ACC_BE155E41D9F5,2026-04-29,DEV_2B95FDBB199B,medium,tier1,NONE,False,False,normal
ACC_70E26F0FFDC6,2026-04-20,DEV_83FDB79F125A,low,tier1,NONE,False,False,normal
ACC_B07E2AD44DA0,2026-03-24,DEV_F2A00C8FA8A9,high,tier1,NONE,False,False,normal
ACC_02AC32A97C05,2026-03-20,DEV_B52A400CB2C9,high,tier1,NONE,False,False,normal
ACC_676BA24BE5E1,2026-04-02,DEV_4D4D6263AE22,medium,tier1,NONE,False,False,normal
ACC_E05846AD51A0,2026-04-09,DEV_933F42C4C2BE,medium,tier2,NONE,False,False,normal
ACC_15A022C864D1,2026-04-04,DEV_9AD2EDCAD43F,medium,tier1,NONE,False,False,normal
ACC_CB56C0245137,2026-03-28,DEV_159D0C173D95,medium,tier1,NONE,False,False,normal
ACC_9210A2778032,2026-03-23,DEV_C6DABDD0C4A5,high,tier3,NONE,False,False,normal
ACC_685AF4BB9FEA,2026-04-18,DEV_06957039C7E5,medium,tier2,NONE,False,False,normal
ACC_0D473CE58708,2026-04-11,DEV_FB2FD9E14BA6,low,tier2,NONE,False,False,normal
ACC_321E35230928,2026-03-20,DEV_9DF988AF0AAE,medium,tier1,NONE,False,False,normal
ACC_6AAA704825EA,2026-03-16,DEV_AF2E33B4C77C,high,tier3,NONE,False,False,normal
ACC_B4526EC37701,2026-03-15,DEV_80B4300EB921,medium,tier1,NONE,False,False,normal
ACC_0E68D6A61A49,2026-04-07,DEV_743F52FF7EE2,medium,tier1,NONE,False,False,normal
ACC_411D92F547D2,2026-03-09,DEV_C01C39CCF2C0,high,tier3,NONE,False,False,normal
ACC_0B5946722043,2026-04-09,DEV_E90A3AA1F758,high,tier2,NONE,False,False,normal
ACC_20E0ED224F73,2026-03-24,DEV_ACB88D1A99D8,medium,tier3,NONE,False,False,normal
ACC_FF5C698898F4,2026-04-23,DEV_A11862DD8240,low,tier2,NONE,False,False,normal
ACC_D87988CE2396,2026-03-13,DEV_0199FC66028E,high,tier3,NONE,False,False,normal
ACC_6C9D4ADEC696,2026-05-01,DEV_7301485422B5,low,tier1,NONE,False,False,normal
ACC_678497A25620,2026-03-26,DEV_B2E88A671826,medium,tier1,NONE,False,False,normal
ACC_11BCF5072AAF,2026-04-17,DEV_D6892D25D5D7,medium,tier2,NONE,False,False,normal
ACC_DFE20E18350F,2026-03-19,DEV_B6924A1D1FB9,high,tier2,NONE,False,False,normal
ACC_843CA087245B,2026-04-22,DEV_E9B0C17117BD,medium,tier1,NONE,False,False,normal
ACC_B76D1671200F,2026-03-13,DEV_A4D6CF3E33C2,high,tier1,NONE,False,False,normal
ACC_23705BE417D4,2026-04-06,DEV_F5B698EA5EC8,high,tier3,NONE,False,False,normal
ACC_74DDC050284B,2026-03-05,DEV_7ADF6B8CCE66,medium,tier3,NONE,False,False,normal
ACC_76CF006B1649,2026-03-17,DEV_5ED6F929E24B,high,tier2,NONE,False,False,normal
ACC_EFB21A5FD918,2026-03-02,DEV_A0F832D141D7,high,tier1,NONE,False,False,normal
ACC_15F4815958C0,2026-04-23,DEV_A44C2454F537,medium,tier2,NONE,False,False,normal
ACC_D4432111EBF6,2026-03-07,DEV_C3E4C557B6AC,high,tier1,NONE,False,False,normal
ACC_0DE31B99E7B1,2026-03-04,DEV_E45F49A46F7F,low,tier3,NONE,False,False,normal
ACC_CF80BAAD1734,2026-04-02,DEV_B5DE5905A8F2,low,tier3,NONE,False,False,normal
ACC_9CEE15F75821,2026-04-21,DEV_E0D04777C010,low,tier2,NONE,False,False,normal
ACC_9470E41AE1A8,2026-04-09,DEV_FD4CD3447248,low,tier2,NONE,False,False,normal
ACC_844102B0F7B8,2026-04-25,DEV_249A952402F6,low,tier2,NONE,False,False,normal
ACC_0CD71560BA58,2026-04-01,DEV_24B092007145,low,tier2,NONE,False,False,normal
ACC_94EDFEEACBF3,2026-03-10,DEV_3D2E1FB639CE,medium,tier1,NONE,False,False,normal
ACC_6B0A52BB2E94,2026-03-17,DEV_F2936D7B8176,high,tier3,NONE,False,False,normal
ACC_9EE1B66F8586,2026-03-16,DEV_B6BA3C68BB8A,medium,tier1,NONE,False,False,normal
ACC_4F87F3C2DB6F,2026-04-30,DEV_E2104717FA2A,low,tier3,NONE,False,False,normal
ACC_AA38F25F3A77,2026-04-03,DEV_A0EB24C4DADA,high,tier1,NONE,False,False,normal
ACC_744B12B74EE2,2026-04-16,DEV_74BDC03398FB,high,tier1,NONE,False,False,normal
ACC_C3DF1CEFA348,2026-04-19,DEV_32E6E5F6C4EC,high,tier2,NONE,False,False,normal
ACC_41199C26FF3C,2026-04-07,DEV_0F29C96643EC,medium,tier2,NONE,False,False,normal
ACC_904583C21D46,2026-04-07,DEV_16CE686203AA,high,tier1,NONE,False,False,normal
ACC_F8CCE38ED6C7,2026-03-24,DEV_7AB38C4DF51B,low,tier1,NONE,False,False,normal
ACC_07E4B1529627,2026-03-03,DEV_5250905052F6,medium,tier3,NONE,False,False,normal
ACC_CD184358138C,2026-03-30,DEV_353A2B61D3E3,medium,tier2,NONE,False,False,normal
ACC_E0C8B9FEA8E7,2026-03-16,DEV_5BCC37161A66,medium,tier1,NONE,False,False,normal
ACC_DC6F571400DC,2026-03-24,DEV_10736B4AAB00,medium,tier2,NONE,False,False,normal
ACC_001A24BE3AB5,2026-03-29,DEV_905D09A0F8AD,medium,tier1,NONE,False,False,normal
ACC_C9BBA5668EB2,2026-04-19,DEV_EF878B4BA23E,high,tier1,NONE,False,False,normal
ACC_0E43A2423C40,2026-03-23,DEV_BC577DFA6672,high,tier1,NONE,False,False,normal
ACC_3A753D68F7EA,2026-04-19,DEV_36AB3D145B22,medium,tier2,NONE,False,False,normal
ACC_3E784C216F3E,2026-04-16,DEV_8B9CE04DF060,high,tier2,NONE,False,False,normal
ACC_182EA9589869,2026-05-01,DEV_AC08CD6CC0EF,low,tier1,NONE,False,False,normal
ACC_5070E631C2DA,2026-03-08,DEV_21DF91264C5A,medium,tier3,NONE,False,False,normal
ACC_558862FA3827,2026-03-09,DEV_E0A8DEAFAB1B,high,tier3,NONE,False,False,normal
ACC_7A31D62439AC,2026-03-22,DEV_51B676910891,low,tier1,NONE,False,False,normal
ACC_0B1382B12A17,2026-04-10,DEV_6A263EC3D163,medium,tier2,NONE,False,False,normal
ACC_506542380E8B,2026-04-16,DEV_23BC163D8228,medium,tier1,NONE,False,False,normal
